dataset,architecture,pe_family,seed,checkpoint_root,checkpoint_path,checkpoint_relative_path,filename,size_bytes,mtime_unix,mtime_utc,sha256,historical_sha256_expected,historical_sha256_match,hash_elapsed_seconds,hash_throughput_mib_s
imagenet100,ViT-B/16,learned,42,/home/djoko.bandjur.ftnkm/Notebooks/ImageNet100_checkpoints,/home/djoko.bandjur.ftnkm/Notebooks/ImageNet100_checkpoints/learned_seed42/best_model.pth,learned_seed42/best_model.pth,best_model.pth,343559209,1784135803.0023847,2026-07-15T17:16:43.002385+00:00,7fcca75916c2d6f0f64aa5c381812ad3a305ba1a04672e9288f4251ab683c536,,,0.970781,337.505
imagenet100,ViT-B/16,learned,123,/home/djoko.bandjur.ftnkm/Notebooks/ImageNet100_checkpoints,/home/djoko.bandjur.ftnkm/Notebooks/ImageNet100_checkpoints/learned_seed123/best_model.pth,learned_seed123/best_model.pth,best_model.pth,343559209,1784145571.3553722,2026-07-15T19:59:31.355372+00:00,fbb8d70f72fb6ee1bb93b1d00cca663ffb222f489d16d8149f2e01efd65c351e,,,1.177863,278.168
imagenet100,ViT-B/16,learned,456,/home/djoko.bandjur.ftnkm/Notebooks/ImageNet100_checkpoints,/home/djoko.bandjur.ftnkm/Notebooks/ImageNet100_checkpoints/learned_seed456/best_model.pth,learned_seed456/best_model.pth,best_model.pth,343559209,1784145852.2013443,2026-07-15T20:04:12.201344+00:00,214c157417326a6c452a51aed95e312a1eb709094595145e25c994ad05a0f3ee,,,1.20994,270.793
imagenet100,ViT-B/16,learned,789,/home/djoko.bandjur.ftnkm/Notebooks/ImageNet100_checkpoints,/home/djoko.bandjur.ftnkm/Notebooks/ImageNet100_checkpoints/learned_seed789/best_model.pth,learned_seed789/best_model.pth,best_model.pth,343559209,1784160639.1547766,2026-07-16T00:10:39.154777+00:00,1ea21524c9da28c375071e41bd692a7f909328409ce56618dab4d8affabb93c6,,,1.378747,237.639
imagenet100,ViT-B/16,learned,1011,/home/djoko.bandjur.ftnkm/Notebooks/ImageNet100_checkpoints,/home/djoko.bandjur.ftnkm/Notebooks/ImageNet100_checkpoints/learned_seed1011/best_model.pth,learned_seed1011/best_model.pth,best_model.pth,343559209,1784186213.8709695,2026-07-16T07:16:53.870970+00:00,353f600f5e5ae8fb87649b9f5c1c5a5b0fe1343f3236a994b5a9e270a20c05c5,,,3.016306,108.624
imagenet100,ViT-B/16,learned,1213,/home/djoko.bandjur.ftnkm/Notebooks/ImageNet100_checkpoints,/home/djoko.bandjur.ftnkm/Notebooks/ImageNet100_checkpoints/learned_seed1213/best_model.pth,learned_seed1213/best_model.pth,best_model.pth,343559209,1784186293.889286,2026-07-16T07:18:13.889286+00:00,d4ab6e7c51a86bccd4f988e1f70b6d098c28cc78f9be23db8e8cf6314f296c4e,,,1.048599,312.458
imagenet100,ViT-B/16,sinusoidal,42,/home/djoko.bandjur.ftnkm/Notebooks/ImageNet100_checkpoints,/home/djoko.bandjur.ftnkm/Notebooks/ImageNet100_checkpoints/sinusoidal_seed42/best_model.pth,sinusoidal_seed42/best_model.pth,best_model.pth,343559209,1784135958.413873,2026-07-15T17:19:18.413873+00:00,15a95418f02a736056c3f8a6fc9e6ee691f4f8305493a6ddc0e01094234bb66b,15a95418f02a736056c3f8a6fc9e6ee691f4f8305493a6ddc0e01094234bb66b,True,0.30919,1059.684
imagenet100,ViT-B/16,sinusoidal,123,/home/djoko.bandjur.ftnkm/Notebooks/ImageNet100_checkpoints,/home/djoko.bandjur.ftnkm/Notebooks/ImageNet100_checkpoints/sinusoidal_seed123/best_model.pth,sinusoidal_seed123/best_model.pth,best_model.pth,343559209,1784145686.8247619,2026-07-15T20:01:26.824762+00:00,730353da2ea1c25db6eaa77fee6c76de203ea7ffdb52ab425df7ef35096fd399,730353da2ea1c25db6eaa77fee6c76de203ea7ffdb52ab425df7ef35096fd399,True,0.309818,1057.535
imagenet100,ViT-B/16,sinusoidal,456,/home/djoko.bandjur.ftnkm/Notebooks/ImageNet100_checkpoints,/home/djoko.bandjur.ftnkm/Notebooks/ImageNet100_checkpoints/sinusoidal_seed456/best_model.pth,sinusoidal_seed456/best_model.pth,best_model.pth,343559209,1784145744.1139636,2026-07-15T20:02:24.113964+00:00,7b85839b150bd0e77821c96e83569f51c25722031538fb43cbf8a15a81c0af71,7b85839b150bd0e77821c96e83569f51c25722031538fb43cbf8a15a81c0af71,True,0.319308,1026.104
imagenet100,ViT-B/16,sinusoidal,789,/home/djoko.bandjur.ftnkm/Notebooks/ImageNet100_checkpoints,/home/djoko.bandjur.ftnkm/Notebooks/ImageNet100_checkpoints/sinusoidal_seed789/best_model.pth,sinusoidal_seed789/best_model.pth,best_model.pth,343559209,1784160755.2492094,2026-07-16T00:12:35.249209+00:00,a11ca590daf022fee035245c697f79741a36b81a3cb34bd29ef4031cc57111e9,a11ca590daf022fee035245c697f79741a36b81a3cb34bd29ef4031cc57111e9,True,0.320164,1023.361
imagenet100,ViT-B/16,sinusoidal,1011,/home/djoko.bandjur.ftnkm/Notebooks/ImageNet100_checkpoints,/home/djoko.bandjur.ftnkm/Notebooks/ImageNet100_checkpoints/sinusoidal_seed1011/best_model.pth,sinusoidal_seed1011/best_model.pth,best_model.pth,343559209,1784186470.2339797,2026-07-16T07:21:10.233980+00:00,4837c33caa430b06fd92476fab8c35445f1e8e830117542bfed9f608a96de58b,4837c33caa430b06fd92476fab8c35445f1e8e830117542bfed9f608a96de58b,True,0.321107,1020.357
imagenet100,ViT-B/16,sinusoidal,1213,/home/djoko.bandjur.ftnkm/Notebooks/ImageNet100_checkpoints,/home/djoko.bandjur.ftnkm/Notebooks/ImageNet100_checkpoints/sinusoidal_seed1213/best_model.pth,sinusoidal_seed1213/best_model.pth,best_model.pth,343559209,1784186542.5172591,2026-07-16T07:22:22.517259+00:00,2f4fe8bcb8884c44121dc75d68d4a0e59622b10f29253a84c4a0ac4cc518d03a,2f4fe8bcb8884c44121dc75d68d4a0e59622b10f29253a84c4a0ac4cc518d03a,True,0.315669,1037.933
imagenet100,ViT-B/16,rope,42,/home/djoko.bandjur.ftnkm/Notebooks/ImageNet100_checkpoints,/home/djoko.bandjur.ftnkm/Notebooks/ImageNet100_checkpoints/rope_seed42/best_model.pth,rope_seed42/best_model.pth,best_model.pth,343573260,1784135865.6695817,2026-07-15T17:17:45.669582+00:00,8a37631ee2fb19662e24cfb0e16ab985f2cfacfb021d12c2399541909a528118,,,1.702487,192.458
imagenet100,ViT-B/16,rope,123,/home/djoko.bandjur.ftnkm/Notebooks/ImageNet100_checkpoints,/home/djoko.bandjur.ftnkm/Notebooks/ImageNet100_checkpoints/rope_seed123/best_model.pth,rope_seed123/best_model.pth,best_model.pth,343573260,1784145622.0195394,2026-07-15T20:00:22.019539+00:00,1262c21428a304581eaa094db0c98db61b4d23c2a5d731d89faf50a4b9fc4631,,,0.330878,990.266
imagenet100,ViT-B/16,rope,456,/home/djoko.bandjur.ftnkm/Notebooks/ImageNet100_checkpoints,/home/djoko.bandjur.ftnkm/Notebooks/ImageNet100_checkpoints/rope_seed456/best_model.pth,rope_seed456/best_model.pth,best_model.pth,343573260,1784145803.032171,2026-07-15T20:03:23.032171+00:00,8d2a84e689c7d4f271259308ec12666a55654a3df19654ddfe27be13ecbb062d,,,1.246517,262.858
imagenet100,ViT-B/16,rope,789,/home/djoko.bandjur.ftnkm/Notebooks/ImageNet100_checkpoints,/home/djoko.bandjur.ftnkm/Notebooks/ImageNet100_checkpoints/rope_seed789/best_model.pth,rope_seed789/best_model.pth,best_model.pth,343573260,1784160700.6760058,2026-07-16T00:11:40.676006+00:00,d30eeb09acc05c091cc22d760ccf2e33775524f2bd2d60baa50864212bd0a564,,,1.179898,277.699
imagenet100,ViT-B/16,rope,1011,/home/djoko.bandjur.ftnkm/Notebooks/ImageNet100_checkpoints,/home/djoko.bandjur.ftnkm/Notebooks/ImageNet100_checkpoints/rope_seed1011/best_model.pth,rope_seed1011/best_model.pth,best_model.pth,343573260,1784186351.8135152,2026-07-16T07:19:11.813515+00:00,03187354a7de6bb52f2f44d6aa6b3354f568c4e17077cdbaca7dae2b8a1bd5e4,,,0.985548,332.462
imagenet100,ViT-B/16,rope,1213,/home/djoko.bandjur.ftnkm/Notebooks/ImageNet100_checkpoints,/home/djoko.bandjur.ftnkm/Notebooks/ImageNet100_checkpoints/rope_seed1213/best_model.pth,rope_seed1213/best_model.pth,best_model.pth,343573260,1784186422.9297967,2026-07-16T07:20:22.929797+00:00,2f487321994592012f073ef1d93e2a49a4f3fda0b9e12da2b4a8744767ee6bde,,,1.381122,237.24
imagenet100,ViT-B/16,alibi,42,/home/djoko.bandjur.ftnkm/Notebooks/ImageNet100_checkpoints,/home/djoko.bandjur.ftnkm/Notebooks/ImageNet100_checkpoints/alibi_seed42/best_model.pth,alibi_seed42/best_model.pth,best_model.pth,344824960,1784135787.1633348,2026-07-15T17:16:27.163335+00:00,6dc6e8290cc6510a0ba2035c0f1189ac1555ed19e22a71d635de2cc3821c11e7,,,0.330471,995.098
imagenet100,ViT-B/16,alibi,123,/home/djoko.bandjur.ftnkm/Notebooks/ImageNet100_checkpoints,/home/djoko.bandjur.ftnkm/Notebooks/ImageNet100_checkpoints/alibi_seed123/best_model.pth,alibi_seed123/best_model.pth,best_model.pth,344824960,1784145508.577165,2026-07-15T19:58:28.577165+00:00,59b0f4b9132c3995e0aaed5958e40a2e49298a4dc15f0fad8093a6e7b079d04f,,,0.307748,1068.572
imagenet100,ViT-B/16,alibi,456,/home/djoko.bandjur.ftnkm/Notebooks/ImageNet100_checkpoints,/home/djoko.bandjur.ftnkm/Notebooks/ImageNet100_checkpoints/alibi_seed456/best_model.pth,alibi_seed456/best_model.pth,best_model.pth,344824960,1784145925.955605,2026-07-15T20:05:25.955605+00:00,d8bd63348aac6634b5b20f62bc3176184c1304d037e5bb7bf1fccbbe009746d4,,,0.31909,1030.59
imagenet100,ViT-B/16,alibi,789,/home/djoko.bandjur.ftnkm/Notebooks/ImageNet100_checkpoints,/home/djoko.bandjur.ftnkm/Notebooks/ImageNet100_checkpoints/alibi_seed789/best_model.pth,alibi_seed789/best_model.pth,best_model.pth,344824960,1784160577.4145465,2026-07-16T00:09:37.414546+00:00,f8d396596923cd6b13426994f2a3f93203aa37d45a5e459c45ea45b794a9187d,,,0.302672,1086.491
imagenet100,ViT-B/16,alibi,1011,/home/djoko.bandjur.ftnkm/Notebooks/ImageNet100_checkpoints,/home/djoko.bandjur.ftnkm/Notebooks/ImageNet100_checkpoints/alibi_seed1011/best_model.pth,alibi_seed1011/best_model.pth,best_model.pth,344824960,1784186071.6864069,2026-07-16T07:14:31.686407+00:00,991425061f058e8df5ee6995d027a10a0280c4c53be5ed8489617a814dff88de,,,0.301632,1090.238
imagenet100,ViT-B/16,alibi,1213,/home/djoko.bandjur.ftnkm/Notebooks/ImageNet100_checkpoints,/home/djoko.bandjur.ftnkm/Notebooks/ImageNet100_checkpoints/alibi_seed1213/best_model.pth,alibi_seed1213/best_model.pth,best_model.pth,344824960,1784186128.7046325,2026-07-16T07:15:28.704633+00:00,d66b7012323932579013607d86b83af3c97279110dd7c196b8578b7009965370,,,0.300536,1094.213
cifar100,ViT-B/16,learned,42,/home/djoko.bandjur.ftnkm/Notebooks/CIFAR100_checkpoints,/home/djoko.bandjur.ftnkm/Notebooks/CIFAR100_checkpoints/learned_seed42/best_model.pth,learned_seed42/best_model.pth,best_model.pth,340938857,1784187130.4921381,2026-07-16T07:32:10.492138+00:00,a65418972b2f3c9c68b5031d79159fa5141cfccab3d12454947321500d545cdd,,,0.286062,1136.624
cifar100,ViT-B/16,learned,123,/home/djoko.bandjur.ftnkm/Notebooks/CIFAR100_checkpoints,/home/djoko.bandjur.ftnkm/Notebooks/CIFAR100_checkpoints/learned_seed123/best_model.pth,learned_seed123/best_model.pth,best_model.pth,340938857,1784187094.5150058,2026-07-16T07:31:34.515006+00:00,e0cc3583f62214957d98cb29fca6f55ba0d5e89ba6178acf746d2880e14f32fb,,,0.279507,1163.277
cifar100,ViT-B/16,learned,456,/home/djoko.bandjur.ftnkm/Notebooks/CIFAR100_checkpoints,/home/djoko.bandjur.ftnkm/Notebooks/CIFAR100_checkpoints/learned_seed456/best_model.pth,learned_seed456/best_model.pth,best_model.pth,340938857,1784187167.3542738,2026-07-16T07:32:47.354274+00:00,45483c209ecd521428c4a80439c91df62eaaca318e3f027b6b70a2e60726a704,,,0.281107,1156.659
cifar100,ViT-B/16,learned,789,/home/djoko.bandjur.ftnkm/Notebooks/CIFAR100_checkpoints,/home/djoko.bandjur.ftnkm/Notebooks/CIFAR100_checkpoints/learned_seed789/best_model.pth,learned_seed789/best_model.pth,best_model.pth,340938857,1784187205.6054153,2026-07-16T07:33:25.605415+00:00,f9628ba6d0e438b45aa91d3d9a320b844ed31251a739cb7ce1f0908ad0c41107,,,0.279782,1162.136
cifar100,ViT-B/16,learned,1011,/home/djoko.bandjur.ftnkm/Notebooks/CIFAR100_checkpoints,/home/djoko.bandjur.ftnkm/Notebooks/CIFAR100_checkpoints/learned_seed1011/best_model.pth,learned_seed1011/best_model.pth,best_model.pth,340938857,1784187019.1597285,2026-07-16T07:30:19.159729+00:00,4ba5e01609f5df9d6c452976758220b12dabd5e8566e500ca2f1d899be9fe4a9,,,0.281302,1155.857
cifar100,ViT-B/16,learned,1213,/home/djoko.bandjur.ftnkm/Notebooks/CIFAR100_checkpoints,/home/djoko.bandjur.ftnkm/Notebooks/CIFAR100_checkpoints/learned_seed1213/best_model.pth,learned_seed1213/best_model.pth,best_model.pth,340938857,1784187056.9258673,2026-07-16T07:30:56.925867+00:00,34da8ff6b5d97644a5a2b967057f5b72e9c1cb24c820392c983209422310e036,,,0.293255,1108.745
cifar100,ViT-B/16,sinusoidal,42,/home/djoko.bandjur.ftnkm/Notebooks/CIFAR100_checkpoints,/home/djoko.bandjur.ftnkm/Notebooks/CIFAR100_checkpoints/sinusoidal_seed42/best_model.pth,sinusoidal_seed42/best_model.pth,best_model.pth,340938857,1784187637.8490672,2026-07-16T07:40:37.849067+00:00,dadb1a73c89fa451415ca42062508ad39418b85d96dc717e9ba0e57774c5cb15,,,0.283955,1145.057
cifar100,ViT-B/16,sinusoidal,123,/home/djoko.bandjur.ftnkm/Notebooks/CIFAR100_checkpoints,/home/djoko.bandjur.ftnkm/Notebooks/CIFAR100_checkpoints/sinusoidal_seed123/best_model.pth,sinusoidal_seed123/best_model.pth,best_model.pth,340938857,1784187567.7497957,2026-07-16T07:39:27.749796+00:00,1adc50dc4c581bd7032d665991b56f433549ca5a60bdfb39239dfb79195c8d20,,,0.281365,1155.599
cifar100,ViT-B/16,sinusoidal,456,/home/djoko.bandjur.ftnkm/Notebooks/CIFAR100_checkpoints,/home/djoko.bandjur.ftnkm/Notebooks/CIFAR100_checkpoints/sinusoidal_seed456/best_model.pth,sinusoidal_seed456/best_model.pth,best_model.pth,340938857,1784187677.554221,2026-07-16T07:41:17.554221+00:00,8617a0fbb16240b3630400a95d14023b9fc71fce9780087b18211ef8811113b0,,,0.27965,1162.685
cifar100,ViT-B/16,sinusoidal,789,/home/djoko.bandjur.ftnkm/Notebooks/CIFAR100_checkpoints,/home/djoko.bandjur.ftnkm/Notebooks/CIFAR100_checkpoints/sinusoidal_seed789/best_model.pth,sinusoidal_seed789/best_model.pth,best_model.pth,340938857,1784187715.347366,2026-07-16T07:41:55.347366+00:00,659cf4221bc1510b54c450762dfb9c991790b98b15add6c2971088196f2c5cda,,,0.282811,1149.689
cifar100,ViT-B/16,sinusoidal,1011,/home/djoko.bandjur.ftnkm/Notebooks/CIFAR100_checkpoints,/home/djoko.bandjur.ftnkm/Notebooks/CIFAR100_checkpoints/sinusoidal_seed1011/best_model.pth,sinusoidal_seed1011/best_model.pth,best_model.pth,340938857,1784187480.7604587,2026-07-16T07:38:00.760459+00:00,e6858a68a1bfe870d8ed0fbe6d4e63b9838ce8bef7ae90fad213d4557541635c,,,0.278744,1166.462
cifar100,ViT-B/16,sinusoidal,1213,/home/djoko.bandjur.ftnkm/Notebooks/CIFAR100_checkpoints,/home/djoko.bandjur.ftnkm/Notebooks/CIFAR100_checkpoints/sinusoidal_seed1213/best_model.pth,sinusoidal_seed1213/best_model.pth,best_model.pth,340938857,1784187517.2786002,2026-07-16T07:38:37.278600+00:00,1f647b3023e8d2f73fb253c0022234dee1ac954c1d324eb73741dd495e95162e,,,0.283401,1147.295
cifar100,ViT-B/16,rope,42,/home/djoko.bandjur.ftnkm/Notebooks/CIFAR100_checkpoints,/home/djoko.bandjur.ftnkm/Notebooks/CIFAR100_checkpoints/rope_seed42/best_model.pth,rope_seed42/best_model.pth,best_model.pth,340952396,1784187356.410986,2026-07-16T07:35:56.410986+00:00,4ac2fa8fffa1717fdc8629c124fb4073b97127f6d983c84de6cbe4df4093cf12,,,0.284914,1141.249
cifar100,ViT-B/16,rope,123,/home/djoko.bandjur.ftnkm/Notebooks/CIFAR100_checkpoints,/home/djoko.bandjur.ftnkm/Notebooks/CIFAR100_checkpoints/rope_seed123/best_model.pth,rope_seed123/best_model.pth,best_model.pth,340952396,1784187318.7778437,2026-07-16T07:35:18.777844+00:00,8b37968fc422d5b45f1406c9f6c2e86b9c4a2899198fb5803738f73998c812e5,,,0.281295,1155.931
cifar100,ViT-B/16,rope,456,/home/djoko.bandjur.ftnkm/Notebooks/CIFAR100_checkpoints,/home/djoko.bandjur.ftnkm/Notebooks/CIFAR100_checkpoints/rope_seed456/best_model.pth,rope_seed456/best_model.pth,best_model.pth,340952396,1784187393.2241254,2026-07-16T07:36:33.224125+00:00,0ced36995f04733961ac01639a426c3963804cc9c612d5289f69feab49de9bbb,,,0.28075,1158.174
cifar100,ViT-B/16,rope,789,/home/djoko.bandjur.ftnkm/Notebooks/CIFAR100_checkpoints,/home/djoko.bandjur.ftnkm/Notebooks/CIFAR100_checkpoints/rope_seed789/best_model.pth,rope_seed789/best_model.pth,best_model.pth,340952396,1784187431.7762713,2026-07-16T07:37:11.776271+00:00,efb6b589a640cf8fd312d193b8b003c474ad71a2385b65f3128613fdc898f2dd,,,0.282656,1150.363
cifar100,ViT-B/16,rope,1011,/home/djoko.bandjur.ftnkm/Notebooks/CIFAR100_checkpoints,/home/djoko.bandjur.ftnkm/Notebooks/CIFAR100_checkpoints/rope_seed1011/best_model.pth,rope_seed1011/best_model.pth,best_model.pth,340952396,1784187242.5545552,2026-07-16T07:34:02.554555+00:00,5fdff49920c6065a13e12316c40397abb40b1454a0dd0455e9613900e4b580df,,,0.28194,1153.285
cifar100,ViT-B/16,rope,1213,/home/djoko.bandjur.ftnkm/Notebooks/CIFAR100_checkpoints,/home/djoko.bandjur.ftnkm/Notebooks/CIFAR100_checkpoints/rope_seed1213/best_model.pth,rope_seed1213/best_model.pth,best_model.pth,340952396,1784187278.963693,2026-07-16T07:34:38.963693+00:00,d13fb1ebfe7396a057baff3c0c9a566fcf7923ed4374da727fcfef45ecb7d6fc,,,0.280661,1158.541
cifar100,ViT-B/16,alibi,42,/home/djoko.bandjur.ftnkm/Notebooks/CIFAR100_checkpoints,/home/djoko.bandjur.ftnkm/Notebooks/CIFAR100_checkpoints/alibi_seed42/best_model.pth,alibi_seed42/best_model.pth,best_model.pth,340950080,1784186892.2183185,2026-07-16T07:28:12.218318+00:00,240b27b1d53b6dbbbd756b3011265d699bd0db6186a6011fbf99ea131b4bbe62,,,0.280201,1160.436
cifar100,ViT-B/16,alibi,123,/home/djoko.bandjur.ftnkm/Notebooks/CIFAR100_checkpoints,/home/djoko.bandjur.ftnkm/Notebooks/CIFAR100_checkpoints/alibi_seed123/best_model.pth,alibi_seed123/best_model.pth,best_model.pth,340950080,1784186848.6242108,2026-07-16T07:27:28.624211+00:00,77de9c72ffad2ebdc59bed38d2de960754aa18e3a7927edba45fe012425cdc12,,,0.281087,1156.78
cifar100,ViT-B/16,alibi,456,/home/djoko.bandjur.ftnkm/Notebooks/CIFAR100_checkpoints,/home/djoko.bandjur.ftnkm/Notebooks/CIFAR100_checkpoints/alibi_seed456/best_model.pth,alibi_seed456/best_model.pth,best_model.pth,340950080,1784186927.5164056,2026-07-16T07:28:47.516406+00:00,53c4360107b1733b185a50b092200f357aa7c197d731728a6f923d9da869aadd,,,0.281227,1156.204
cifar100,ViT-B/16,alibi,789,/home/djoko.bandjur.ftnkm/Notebooks/CIFAR100_checkpoints,/home/djoko.bandjur.ftnkm/Notebooks/CIFAR100_checkpoints/alibi_seed789/best_model.pth,alibi_seed789/best_model.pth,best_model.pth,340950080,1784186972.4025564,2026-07-16T07:29:32.402556+00:00,ad282c0a665f2abbab52b8825bb12d81a2c83ac591e760f8277abd689fbad1e2,,,0.284169,1144.23
cifar100,ViT-B/16,alibi,1011,/home/djoko.bandjur.ftnkm/Notebooks/CIFAR100_checkpoints,/home/djoko.bandjur.ftnkm/Notebooks/CIFAR100_checkpoints/alibi_seed1011/best_model.pth,alibi_seed1011/best_model.pth,best_model.pth,340950080,1784186735.6109319,2026-07-16T07:25:35.610932+00:00,8df341a73c790472aa734410a7678b20e0f37a66e2d4e0c833f96d1ae8c0566e,,,0.280365,1159.756
cifar100,ViT-B/16,alibi,1213,/home/djoko.bandjur.ftnkm/Notebooks/CIFAR100_checkpoints,/home/djoko.bandjur.ftnkm/Notebooks/CIFAR100_checkpoints/alibi_seed1213/best_model.pth,alibi_seed1213/best_model.pth,best_model.pth,340950080,1784186811.1901186,2026-07-16T07:26:51.190119+00:00,7920e9e667eb49cd6caed4e78c83a1f3b5518b8d799e6da05e40a672a3b1aa23,,,0.282066,1152.762
