path,sha256,bytes
session_1_seed_42/REUSE_PROVENANCE.json,cf6bdb9bb3fc9aaa6b6be34040134c2d6fbf19aabc2d4e109a41f622d149526a,7260
session_1_seed_42/SESSION_COMPLETE.json,04edf5e64cb069aaef4b525da40ec27281f9fc6d93e9777af3291a76548cb79a,266
session_1_seed_42/SESSION_PROTOCOL.json,8dba58ee8f4371bbf81b2ad8f2773112bf88013c638785bb63a0de369a168b3e,17443
session_1_seed_42/attacks_alibi.json,8fd0b76a3741347e89a68b54c95dff591bba6bc81ad62dc503d5fdab6d54c5ea,24864
session_1_seed_42/attacks_learned.json,263c73751d815e82b90d716ccb155fe9b3a7f92465ef498f270af9981b2fc766,22186
session_1_seed_42/attacks_rope.json,601187b8510ac5bd050906273d256ebe6754e9c1e8da7ebbaa59ce94fc75bfb4,19793
session_1_seed_42/attacks_sinusoidal.json,9e2d301f52206bde196cc832b86d0edd41bfcdf505eaac1c31471d64a27ed2ce,30509
session_1_seed_42/noise_all_families.json,4e9f412c57f3b36b376503af1ff48335798b091478ca010fd3e1068cfc4eab77,645937
session_2_seed_123/REUSE_PROVENANCE.json,e38438a18bb1f0322ed03f256bb009a692512c2016df448598ff87764fdeeb03,5728
session_2_seed_123/SESSION_COMPLETE.json,78bd50e6c975efe83424e4bb1bd23787c374af324af15f81efcb4c945ee49081,268
session_2_seed_123/SESSION_PROTOCOL.json,491f1a3fb6b0f4ffd599a0bc2149fe8e760860fa8cad82e34e9336e15ad2bf40,17456
session_2_seed_123/attacks_alibi.json,29ec030ab22f0fc21638d8a1a65aa463b0833d067038b14cf8b29a9d60878dfc,24877
session_2_seed_123/attacks_learned.json,08eb9ef3094075d113de12fffd20c2da6f80cacc2db38a098c64cd94e97ddb77,22189
session_2_seed_123/attacks_rope.json,6a62802f7617a18068566dd088b5ce71ce218ebac2fc1bc04f03bda317ba796c,19777
session_2_seed_123/attacks_sinusoidal.json,d43230e61b52bc825f8fb72d06ea0ba448bb28eaab1e198e4762703b06889839,30519
session_2_seed_123/noise_all_families.json,6c6f11a06a61c28049c4ef3ac1838d760eb08b9e04acac7c1920e267afbd7b27,645624
session_3_seed_456/REUSE_PROVENANCE.json,61c4bdee54faf3b15a30e3aea63099fbf92833ee23c8509e5538abb665e52d01,273
session_3_seed_456/SESSION_COMPLETE.json,ba8955f02a11e641e1bbc395ee2d64b46f4faf6ae96249c387bab079336f60bd,268
session_3_seed_456/SESSION_PROTOCOL.json,962bb1b50c4402790e09f556b1b28629858cfa93b3c2322d137288a8d0069d97,17409
session_3_seed_456/attacks_alibi.json,8f7a30fb5957b0fe671986ca28f02d7565f46931673fda67e36e8f7d25ef9867,24887
session_3_seed_456/attacks_learned.json,d6822d5dfb1b7c8fdaf599f1e5b28504bfdb88546d8fcc1572457223976f5457,22199
session_3_seed_456/attacks_rope.json,e6660c2eaac63940b46665d1537c6a70f36ab7eafd0892b7d1972772a594d1bc,19766
session_3_seed_456/attacks_sinusoidal.json,71512064acc5585fdd35c013fe9645be2e0524807065d6cb591261e846cf9421,30495
session_3_seed_456/noise_all_families.json,67827d4de5e251bb896640c43d6a68269f587d672c11bc5fdc56b0d22a9f72a5,645309
session_4_seed_789/REUSE_PROVENANCE.json,a51654d22ae19a163dde2b3c51ea94a5f9c1d77ff92289f2706b26853a5e87ff,273
session_4_seed_789/SESSION_COMPLETE.json,3a13848446928926d5f4337ed0cd8352f4ad8ddf8f165ca452545bb32573cc7f,268
session_4_seed_789/SESSION_PROTOCOL.json,44d6a55dfc54b77013fa335c2799af9fc9c650800799ed275736459bd3f1991f,17409
session_4_seed_789/attacks_alibi.json,4c4487c1c51370ff9325156a8e6fb28e89d3a41e033045f20460dd759eabb97c,24884
session_4_seed_789/attacks_learned.json,5b9ac68233a48dba9367c2ecdb230d30c9816183554ce41e1fea296d612b7ff8,22207
session_4_seed_789/attacks_rope.json,35e9b77f09e0148c0576af419c0de949f50f0d4292c614a9e120c4ffda7ce295,19750
session_4_seed_789/attacks_sinusoidal.json,bb105c75195297a29a5f8786c74ff7ab09ad0d0bdcbc147ffd96a858a358590b,30517
session_4_seed_789/noise_all_families.json,3f32cb3897d7ae6ed91249cfdc2b8907a2436e33f95b674ab523af297f44c749,645442
session_5_seed_1011/REUSE_PROVENANCE.json,2ca89847de43debd37d9e5ad76727cbc7b24cba875f0b5810eff9ae7c378069b,274
session_5_seed_1011/SESSION_COMPLETE.json,7a1a72ed14fc32bae3554221fa5842f41220efda7c75257bdcf68211c8e7daf2,269
session_5_seed_1011/SESSION_PROTOCOL.json,f2e14abe85b4039ae7aedbc79aa10f09ee679ac080e1a2e67297bb4dce30298c,17421
session_5_seed_1011/attacks_alibi.json,590d819d72848ba274367beb251506b3957007688e9028865f3fa86f66eebb19,24857
session_5_seed_1011/attacks_learned.json,05ab591205270a1cd0517f8eba3980d705d369a9d52f90896050d2b88e025c78,22208
session_5_seed_1011/attacks_rope.json,3725a46ea02b00a55137ebc7a57e9991c351b0dafa60c79d0ee4d02936cb7ba2,19731
session_5_seed_1011/attacks_sinusoidal.json,bda0d786edd2be72d22d44c44e19d03d8e8a2a22de99033dbeacc7589f2ca795,30492
session_5_seed_1011/noise_all_families.json,02c1323e658f7e072546abc589950c2fdc51c13fb3a67a4357374a11fbc7de0a,644697
session_6_seed_1213/REUSE_PROVENANCE.json,677904ec10b57ac45dd8fb516e1418a8d1311651f6730ba5cf3632cc15866e41,274
session_6_seed_1213/SESSION_COMPLETE.json,b8a32dd9abfc0970cab4379b2126ae37d5db1aaea7f7960eaf388ebcd8ec1bdd,269
session_6_seed_1213/SESSION_PROTOCOL.json,c9ced1203d86c1e4f0a54192cbd83b3794986802a9ba0a3b45fcd5174fa17214,17421
session_6_seed_1213/attacks_alibi.json,90439753dc9d607d8a2c8c32f1662a1b1a232306e2a1d4273823763b26258421,24861
session_6_seed_1213/attacks_learned.json,8f4ca10c1d18b219b46d3b48df7512d2e3b98ebe3621998db3e761411f84737d,22185
session_6_seed_1213/attacks_rope.json,01a726a1a1e1b493693e9ff49d631b8ea28b5d5dc2c2c592f272d59b6d1714f1,19768
session_6_seed_1213/attacks_sinusoidal.json,15137eeeda5ba34b398762264186c41c5ebd5eb094f85519275dda383e5712cf,30542
session_6_seed_1213/noise_all_families.json,ec10e80a4658ae2ba6f2138a894f5ddf659bc72683c07fa279aa6ceaecbc2238,645387
