architecture,family,seed,regime,point_index,rho,normalized_accuracy,clean_anchor,lower_envelope
vitb,learned,42,noise,0,0.0,1.0,True,False
vitb,learned,42,noise,1,0.0039132429736567,1.0003270348837208,False,False
vitb,learned,42,noise,2,0.0078235032824875,1.0003633720930232,False,False
vitb,learned,42,noise,3,0.0157540797179149,1.0003633720930232,False,False
vitb,learned,42,noise,4,0.0321606492055466,1.0000726744186046,False,False
vitb,learned,42,noise,5,0.0656178748711061,0.998873546511628,False,False
vitb,learned,42,noise,6,0.0817858463499245,0.9977107558139536,False,False
vitb,learned,42,noise,7,0.0975210169948719,0.9963299418604652,False,False
vitb,learned,42,noise,8,0.1281137944287087,0.9946947674418604,False,False
vitb,learned,42,adversarial,0,0.0,1.0,True,True
vitb,learned,42,adversarial,1,0.0094580343803468,0.99890988372093,False,True
vitb,learned,42,adversarial,2,0.0208024893192262,0.99890988372093,False,True
vitb,learned,42,adversarial,3,0.0490265617393639,0.998546511627907,False,True
vitb,learned,42,adversarial,4,0.1000219013858428,0.9880087209302324,False,True
vitb,learned,42,adversarial,5,0.12604614375043,0.9752906976744186,False,True
vitb,learned,42,adversarial,6,0.1512684182149666,0.9676598837209304,False,True
vitb,learned,42,adversarial,7,0.1743857990051786,0.962936046511628,False,True
vitb,learned,42,adversarial,8,0.2005369543674263,0.9127906976744184,False,True
vitb,learned,42,adversarial,9,0.2250603428306907,0.7034883720930232,False,True
vitb,learned,42,adversarial,10,0.2514887939300437,0.3986191860465116,False,True
vitb,learned,42,adversarial_raw,0,0.0,1.0,True,False
vitb,learned,42,adversarial_raw,1,0.0094580343803468,0.99890988372093,False,False
vitb,learned,42,adversarial_raw,2,0.0208024893192262,0.9996366279069766,False,False
vitb,learned,42,adversarial_raw,3,0.0490265617393639,0.998546511627907,False,False
vitb,learned,42,adversarial_raw,4,0.1000219013858428,0.9880087209302324,False,False
vitb,learned,42,adversarial_raw,5,0.12604614375043,0.9752906976744186,False,False
vitb,learned,42,adversarial_raw,6,0.1512684182149666,0.9676598837209304,False,False
vitb,learned,42,adversarial_raw,7,0.1743857990051786,0.962936046511628,False,False
vitb,learned,42,adversarial_raw,8,0.2005369543674263,0.9127906976744184,False,False
vitb,learned,42,adversarial_raw,9,0.2250603428306907,0.7034883720930232,False,False
vitb,learned,42,adversarial_raw,10,0.2514887939300437,0.3986191860465116,False,False
vitb,learned,123,noise,0,0.0,1.0,True,False
vitb,learned,123,noise,1,0.0036331867422049,0.999963807455664,False,False
vitb,learned,123,noise,2,0.0072562535697033,0.9998914223669924,False,False
vitb,learned,123,noise,3,0.0145975248010622,0.9993847267462904,False,False
vitb,learned,123,noise,4,0.0298976692006986,0.9984799131378936,False,False
vitb,learned,123,noise,5,0.0625659713752081,0.9955845095910244,False,False
vitb,learned,123,noise,6,0.0790484962179721,0.9943901556279406,False,False
vitb,learned,123,noise,7,0.0952045512187424,0.9932681867535288,False,False
vitb,learned,123,noise,8,0.1263049597621751,0.9895041621425988,False,False
vitb,learned,123,adversarial,0,0.0,1.0,True,True
vitb,learned,123,adversarial,1,0.0074484988462944,0.9996380745566414,False,True
vitb,learned,123,adversarial,2,0.0160390124885965,0.9992761491132828,False,True
vitb,learned,123,adversarial,3,0.0294255634565734,0.995656894679696,False,True
vitb,learned,123,adversarial,4,0.0483341388863721,0.99457111834962,False,True
vitb,learned,123,adversarial,5,0.0759245996960839,0.9887803112558814,False,True
vitb,learned,123,adversarial,6,0.0958064953094245,0.9851610568222946,False,True
vitb,learned,123,adversarial,7,0.113279602648205,0.9482446615997104,False,True
vitb,learned,123,adversarial,8,0.1332664885547085,0.8946796959826276,False,True
vitb,learned,123,adversarial,9,0.1529724804307444,0.7756062251176259,False,True
vitb,learned,123,adversarial,10,0.1739303279856651,0.50814332247557,False,True
vitb,learned,123,adversarial_raw,0,0.0,1.0,True,False
vitb,learned,123,adversarial_raw,1,0.0074484988462944,0.9996380745566414,False,False
vitb,learned,123,adversarial_raw,2,0.0160390124885965,0.9992761491132828,False,False
vitb,learned,123,adversarial_raw,3,0.0294255634565734,0.995656894679696,False,False
vitb,learned,123,adversarial_raw,4,0.0483341388863721,0.99457111834962,False,False
vitb,learned,123,adversarial_raw,5,0.0759245996960839,0.9887803112558814,False,False
vitb,learned,123,adversarial_raw,6,0.0958064953094245,0.9851610568222946,False,False
vitb,learned,123,adversarial_raw,7,0.113279602648205,0.9482446615997104,False,False
vitb,learned,123,adversarial_raw,8,0.1332664885547085,0.8946796959826276,False,False
vitb,learned,123,adversarial_raw,9,0.1529724804307444,0.7756062251176259,False,False
vitb,learned,123,adversarial_raw,10,0.1739303279856651,0.50814332247557,False,False
vitb,learned,456,noise,0,0.0,1.0,True,False
vitb,learned,456,noise,1,0.0033004859736081,1.0001836884643645,False,False
vitb,learned,456,noise,2,0.0065944710949339,1.0001469507714915,False,False
vitb,learned,456,noise,3,0.0132612716519457,1.0,False,False
vitb,learned,456,noise,4,0.0270150063083719,0.9998530492285084,False,False
vitb,learned,456,noise,5,0.0559650559286156,0.9980896399706098,False,False
vitb,learned,456,noise,6,0.0707297181740735,0.996767083027186,False,False
vitb,learned,456,noise,7,0.0855607953756603,0.9966568699485674,False,False
vitb,learned,456,noise,8,0.11555340846587,0.9948934606906688,False,False
vitb,learned,456,adversarial,0,0.0,1.0,True,True
vitb,learned,456,adversarial,1,0.0041068430106645,0.9988978692138134,False,True
vitb,learned,456,adversarial,2,0.0085175175742085,0.9963262307127112,False,True
vitb,learned,456,adversarial,3,0.0133559145097404,0.9959588537839824,False,True
vitb,learned,456,adversarial,4,0.0191973949710122,0.9930198383541514,False,True
vitb,learned,456,adversarial,5,0.039192013136129,0.9893460690668628,False,True
vitb,learned,456,adversarial,6,0.0719559746276363,0.9867744305657606,False,True
vitb,learned,456,adversarial,7,0.0805099891000621,0.982365907421014,False,True
vitb,learned,456,adversarial,8,0.1541308802355012,0.9643644379132992,False,True
vitb,learned,456,adversarial,9,0.1836322332448394,0.9180749448934608,False,True
vitb,learned,456,adversarial,10,0.2072542416193139,0.7468772961058046,False,True
vitb,learned,456,adversarial_raw,0,0.0,1.0,True,False
vitb,learned,456,adversarial_raw,1,0.0041068430106645,0.9988978692138134,False,False
vitb,learned,456,adversarial_raw,2,0.0085175175742085,0.9963262307127112,False,False
vitb,learned,456,adversarial_raw,3,0.0133559145097404,0.9959588537839824,False,False
vitb,learned,456,adversarial_raw,4,0.0191973949710122,0.9930198383541514,False,False
vitb,learned,456,adversarial_raw,5,0.039192013136129,0.9893460690668628,False,False
vitb,learned,456,adversarial_raw,6,0.0719559746276363,0.9867744305657606,False,False
vitb,learned,456,adversarial_raw,7,0.0805099891000621,0.982365907421014,False,False
vitb,learned,456,adversarial_raw,8,0.1541308802355012,0.9643644379132992,False,False
vitb,learned,456,adversarial_raw,9,0.1836322332448394,0.9180749448934608,False,False
vitb,learned,456,adversarial_raw,10,0.2072542416193139,0.7468772961058046,False,False
vitb,learned,789,noise,0,0.0,1.0,True,False
vitb,learned,789,noise,1,0.0037821974266857,1.0001836210062431,False,False
vitb,learned,789,noise,2,0.0075837881376146,1.0003305178112376,False,False
vitb,learned,789,noise,3,0.0154282105900103,0.999889827396254,False,False
vitb,learned,789,noise,4,0.0324344613583465,0.998824825560044,False,False
vitb,learned,789,noise,5,0.0697665118615954,0.9988615497612926,False,False
vitb,learned,789,noise,6,0.088397911046498,0.9981637899375688,False,False
vitb,learned,789,noise,7,0.1061833296666057,0.9979434447300772,False,False
vitb,learned,789,noise,8,0.1383340185466464,0.995629820051414,False,False
vitb,learned,789,adversarial,0,0.0,1.0,True,True
vitb,learned,789,adversarial,1,0.0141790474623711,0.998531031950055,False,True
vitb,learned,789,adversarial,2,0.0336189842029807,0.996694821887624,False,True
vitb,learned,789,adversarial,3,0.0613909707076393,0.9897172236503856,False,True
vitb,learned,789,adversarial,4,0.0918774317002631,0.9827396254131472,False,True
vitb,learned,789,adversarial,5,0.1186489162931178,0.9702533969886156,False,True
vitb,learned,789,adversarial,6,0.1397179164833636,0.948586118251928,False,True
vitb,learned,789,adversarial,7,0.1681006962049358,0.8501652589056188,False,True
vitb,learned,789,adversarial,8,0.2020365585449837,0.5978699963275799,False,True
vitb,learned,789,adversarial,9,0.2263103874970852,0.3720161586485493,False,True
vitb,learned,789,adversarial,10,0.2434375123676773,0.246052148365773,False,True
vitb,learned,789,adversarial_raw,0,0.0,1.0,True,False
vitb,learned,789,adversarial_raw,1,0.0141790474623711,0.998531031950055,False,False
vitb,learned,789,adversarial_raw,2,0.0336189842029807,0.996694821887624,False,False
vitb,learned,789,adversarial_raw,3,0.0613909707076393,0.9897172236503856,False,False
vitb,learned,789,adversarial_raw,4,0.0918774317002631,0.9827396254131472,False,False
vitb,learned,789,adversarial_raw,5,0.1186489162931178,0.9702533969886156,False,False
vitb,learned,789,adversarial_raw,6,0.1397179164833636,0.948586118251928,False,False
vitb,learned,789,adversarial_raw,7,0.1681006962049358,0.8501652589056188,False,False
vitb,learned,789,adversarial_raw,8,0.2020365585449837,0.5978699963275799,False,False
vitb,learned,789,adversarial_raw,9,0.2263103874970852,0.3720161586485493,False,False
vitb,learned,789,adversarial_raw,10,0.2434375123676773,0.246052148365773,False,False
vitb,learned,1011,noise,0,0.0,1.0,True,False
vitb,learned,1011,noise,1,0.0036804076642527,0.9992360858494,False,False
vitb,learned,1011,noise,2,0.0073769247403557,0.9988359403419425,False,False
vitb,learned,1011,noise,3,0.0149962524007839,0.9989086940705711,False,False
vitb,learned,1011,noise,4,0.0314283131620078,0.9984721716987996,False,False
vitb,learned,1011,noise,5,0.066911736041372,0.9955983994179702,False,False
vitb,learned,1011,noise,6,0.0843312989976755,0.9936340487449982,False,False
vitb,learned,1011,noise,7,0.1008946366910736,0.992360858493998,False,False
vitb,learned,1011,noise,8,0.1315515324664865,0.9878137504547108,False,False
vitb,learned,1011,adversarial,0,0.0,1.0,True,True
vitb,learned,1011,adversarial,1,0.0089020820352664,0.9981811567842852,False,True
vitb,learned,1011,adversarial,2,0.0198748410147749,0.9981811567842852,False,True
vitb,learned,1011,adversarial,3,0.0356973881579262,0.9938159330665698,False,True
vitb,learned,1011,adversarial,4,0.0617198761014098,0.99017824663514,False,True
vitb,learned,1011,adversarial,5,0.1162511026332468,0.9770825754819936,False,True
vitb,learned,1011,adversarial,6,0.1347393602392489,0.9578028373954164,False,True
vitb,learned,1011,adversarial,7,0.1449828371788619,0.6929792651873409,False,True
vitb,learned,1011,adversarial,8,0.1527151290841689,0.6929792651873409,False,True
vitb,learned,1011,adversarial,9,0.1544406191226164,0.6929792651873409,False,True
vitb,learned,1011,adversarial,10,0.1657062642307456,0.6929792651873409,False,True
vitb,learned,1011,adversarial_raw,0,0.0,1.0,True,False
vitb,learned,1011,adversarial_raw,1,0.0089020820352664,0.9981811567842852,False,False
vitb,learned,1011,adversarial_raw,2,0.0198748410147749,0.9985449254274285,False,False
vitb,learned,1011,adversarial_raw,3,0.0356973881579262,0.9938159330665698,False,False
vitb,learned,1011,adversarial_raw,4,0.0617198761014098,0.99017824663514,False,False
vitb,learned,1011,adversarial_raw,5,0.1162511026332468,0.9770825754819936,False,False
vitb,learned,1011,adversarial_raw,6,0.1347393602392489,0.9578028373954164,False,False
vitb,learned,1011,adversarial_raw,7,0.1449828371788619,0.6929792651873409,False,False
vitb,learned,1011,adversarial_raw,8,0.1527151290841689,0.9410694798108404,False,False
vitb,learned,1011,adversarial_raw,9,0.1544406191226164,0.870134594397963,False,False
vitb,learned,1011,adversarial_raw,10,0.1657062642307456,0.9243361222262642,False,False
vitb,learned,1213,noise,0,0.0,1.0,True,False
vitb,learned,1213,noise,1,0.0036267315107854,1.0001453488372092,False,False
vitb,learned,1213,noise,2,0.0072633984429311,1.0,False,False
vitb,learned,1213,noise,3,0.0146976611118146,0.999781976744186,False,False
vitb,learned,1213,noise,4,0.0304096438217917,0.999345930232558,False,False
vitb,learned,1213,noise,5,0.06419896921334,0.9948401162790697,False,False
vitb,learned,1213,noise,6,0.0811373655696637,0.9925508720930232,False,False
vitb,learned,1213,noise,7,0.0976228419408515,0.990734011627907,False,False
vitb,learned,1213,noise,8,0.1289144060624228,0.9870276162790697,False,False
vitb,learned,1213,adversarial,0,0.0,1.0,True,True
vitb,learned,1213,adversarial,1,0.0122551083761521,0.9996366279069766,False,True
vitb,learned,1213,adversarial,2,0.0265945095812254,0.9970930232558138,False,True
vitb,learned,1213,adversarial,3,0.0444164670252126,0.9960029069767442,False,True
vitb,learned,1213,adversarial,4,0.1137108695827629,0.9840116279069766,False,True
vitb,learned,1213,adversarial,5,0.1215335821742309,0.8975290697674418,False,True
vitb,learned,1213,adversarial,6,0.1356263782540407,0.7063953488372092,False,True
vitb,learned,1213,adversarial,7,0.1400034383170902,0.7063953488372092,False,True
vitb,learned,1213,adversarial,8,0.1542055602828949,0.3775436046511627,False,True
vitb,learned,1213,adversarial,9,0.1630841460398728,0.3775436046511627,False,True
vitb,learned,1213,adversarial,10,0.183447209734617,0.3775436046511627,False,True
vitb,learned,1213,adversarial_raw,0,0.0,1.0,True,False
vitb,learned,1213,adversarial_raw,1,0.0122551083761521,0.9996366279069766,False,False
vitb,learned,1213,adversarial_raw,2,0.0265945095812254,0.9970930232558138,False,False
vitb,learned,1213,adversarial_raw,3,0.0444164670252126,0.9960029069767442,False,False
vitb,learned,1213,adversarial_raw,4,0.1137108695827629,0.9840116279069766,False,False
vitb,learned,1213,adversarial_raw,5,0.1215335821742309,0.8975290697674418,False,False
vitb,learned,1213,adversarial_raw,6,0.1356263782540407,0.7063953488372092,False,False
vitb,learned,1213,adversarial_raw,7,0.1400034383170902,0.9640261627906976,False,False
vitb,learned,1213,adversarial_raw,8,0.1542055602828949,0.3775436046511627,False,False
vitb,learned,1213,adversarial_raw,9,0.1630841460398728,0.9451308139534882,False,False
vitb,learned,1213,adversarial_raw,10,0.183447209734617,0.929142441860465,False,False
vitb,sinusoidal,42,noise,0,0.0,1.0,True,False
vitb,sinusoidal,42,noise,1,0.0080878995940805,0.9993295695130556,False,False
vitb,sinusoidal,42,noise,2,0.0203362345051952,0.9986591390261116,False,False
vitb,sinusoidal,42,noise,3,0.0414763892130177,0.9989767113620324,False,False
vitb,sinusoidal,42,noise,4,0.0869460129328684,0.999894142554693,False,False
vitb,sinusoidal,42,noise,5,0.1811554290939989,0.9929781227946364,False,False
vitb,sinusoidal,42,adversarial,0,0.0,1.0,True,True
vitb,sinusoidal,42,adversarial,1,0.0066774603206964,0.9904728299223712,False,True
vitb,sinusoidal,42,adversarial,2,0.022321427564031,0.9650670430486944,False,True
vitb,sinusoidal,42,adversarial,3,0.0402959584577287,0.936485532815808,False,True
vitb,sinusoidal,42,adversarial,4,0.0619327076473022,0.8362738179251941,False,True
vitb,sinusoidal,42,adversarial,5,0.0782453099544844,0.5885673959068454,False,True
vitb,sinusoidal,42,adversarial,6,0.0874058567128659,0.3352152434721241,False,True
vitb,sinusoidal,42,adversarial,7,0.0937640860157455,0.176076217360621,False,True
vitb,sinusoidal,42,adversarial,8,0.0986748721441575,0.0225829216654904,False,True
vitb,sinusoidal,42,adversarial_raw,0,0.0,1.0,True,False
vitb,sinusoidal,42,adversarial_raw,1,0.0066774603206964,0.9904728299223712,False,False
vitb,sinusoidal,42,adversarial_raw,2,0.022321427564031,0.9650670430486944,False,False
vitb,sinusoidal,42,adversarial_raw,3,0.0402959584577287,0.936485532815808,False,False
vitb,sinusoidal,42,adversarial_raw,4,0.0619327076473022,0.8362738179251941,False,False
vitb,sinusoidal,42,adversarial_raw,5,0.0782453099544844,0.5885673959068454,False,False
vitb,sinusoidal,42,adversarial_raw,6,0.0874058567128659,0.3352152434721241,False,False
vitb,sinusoidal,42,adversarial_raw,7,0.0937640860157455,0.176076217360621,False,False
vitb,sinusoidal,42,adversarial_raw,8,0.0986748721441575,0.0225829216654904,False,False
vitb,sinusoidal,123,noise,0,0.0,1.0,True,False
vitb,sinusoidal,123,noise,1,0.007993780451881,0.9994326241134752,False,False
vitb,sinusoidal,123,noise,2,0.0200989323526033,0.998404255319149,False,False
vitb,sinusoidal,123,noise,3,0.0409728341579909,0.998758865248227,False,False
vitb,sinusoidal,123,noise,4,0.0859063689371519,0.99822695035461,False,False
vitb,sinusoidal,123,noise,5,0.1805116374003066,0.991808510638298,False,False
vitb,sinusoidal,123,adversarial,0,0.0,1.0,True,True
vitb,sinusoidal,123,adversarial,1,0.0070253496644224,0.9882978723404257,False,True
vitb,sinusoidal,123,adversarial,2,0.0221364283891085,0.9624113475177306,False,True
vitb,sinusoidal,123,adversarial,3,0.0478300750286972,0.924468085106383,False,True
vitb,sinusoidal,123,adversarial,4,0.0755758041346782,0.7549645390070923,False,True
vitb,sinusoidal,123,adversarial,5,0.088097816001208,0.498581560283688,False,True
vitb,sinusoidal,123,adversarial,6,0.0936544326587412,0.3067375886524823,False,True
vitb,sinusoidal,123,adversarial,7,0.0948489541977463,0.0198581560283687,False,True
vitb,sinusoidal,123,adversarial,8,0.0974662773393278,0.0198581560283687,False,True
vitb,sinusoidal,123,adversarial_raw,0,0.0,1.0,True,False
vitb,sinusoidal,123,adversarial_raw,1,0.0070253496644224,0.9882978723404257,False,False
vitb,sinusoidal,123,adversarial_raw,2,0.0221364283891085,0.9624113475177306,False,False
vitb,sinusoidal,123,adversarial_raw,3,0.0478300750286972,0.924468085106383,False,False
vitb,sinusoidal,123,adversarial_raw,4,0.0755758041346782,0.7549645390070923,False,False
vitb,sinusoidal,123,adversarial_raw,5,0.088097816001208,0.498581560283688,False,False
vitb,sinusoidal,123,adversarial_raw,6,0.0936544326587412,0.3067375886524823,False,False
vitb,sinusoidal,123,adversarial_raw,7,0.0948489541977463,0.0198581560283687,False,False
vitb,sinusoidal,123,adversarial_raw,8,0.0974662773393278,0.1836879432624113,False,False
vitb,sinusoidal,456,noise,0,0.0,1.0,True,False
vitb,sinusoidal,456,noise,1,0.0082513607388382,1.000071098471383,False,False
vitb,sinusoidal,456,noise,2,0.0207269552250298,0.9993956629932456,False,False
vitb,sinusoidal,456,noise,3,0.0421740932993873,0.99825808745112,False,False
vitb,sinusoidal,456,noise,4,0.0879607539151219,0.9962673302523996,False,False
vitb,sinusoidal,456,noise,5,0.1834249004184399,0.988162104514753,False,False
vitb,sinusoidal,456,adversarial,0,0.0,1.0,True,True
vitb,sinusoidal,456,adversarial,1,0.0067912625703927,0.9879132598649129,False,True
vitb,sinusoidal,456,adversarial,2,0.0172504865042732,0.967294703163882,False,True
vitb,sinusoidal,456,adversarial,3,0.0267144151373416,0.9512975471027372,False,True
vitb,sinusoidal,456,adversarial,4,0.0549557102180173,0.9125488801990757,False,True
vitb,sinusoidal,456,adversarial,5,0.0821652883231841,0.7511553501599716,False,True
vitb,sinusoidal,456,adversarial,6,0.0926564975776236,0.4998222538215429,False,True
vitb,sinusoidal,456,adversarial,7,0.097716916192603,0.0184856025595449,False,True
vitb,sinusoidal,456,adversarial,8,0.0983518979862187,0.0184856025595449,False,True
vitb,sinusoidal,456,adversarial_raw,0,0.0,1.0,True,False
vitb,sinusoidal,456,adversarial_raw,1,0.0067912625703927,0.9879132598649129,False,False
vitb,sinusoidal,456,adversarial_raw,2,0.0172504865042732,0.967294703163882,False,False
vitb,sinusoidal,456,adversarial_raw,3,0.0267144151373416,0.9512975471027372,False,False
vitb,sinusoidal,456,adversarial_raw,4,0.0549557102180173,0.9125488801990757,False,False
vitb,sinusoidal,456,adversarial_raw,5,0.0821652883231841,0.7511553501599716,False,False
vitb,sinusoidal,456,adversarial_raw,6,0.0926564975776236,0.4998222538215429,False,False
vitb,sinusoidal,456,adversarial_raw,7,0.097716916192603,0.0184856025595449,False,False
vitb,sinusoidal,456,adversarial_raw,8,0.0983518979862187,0.2822609313899751,False,False
vitb,sinusoidal,789,noise,0,0.0,1.0,True,False
vitb,sinusoidal,789,noise,1,0.0082335514336064,0.9991166077738516,False,False
vitb,sinusoidal,789,noise,2,0.0207279324881893,0.9981625441696113,False,False
vitb,sinusoidal,789,noise,3,0.0424123639321435,0.9962190812720848,False,False
vitb,sinusoidal,789,noise,4,0.0890990640872231,0.9934628975265016,False,False
vitb,sinusoidal,789,noise,5,0.1846898713488783,0.9836395759717316,False,False
vitb,sinusoidal,789,adversarial,0,0.0,1.0,True,True
vitb,sinusoidal,789,adversarial,1,0.0070776142183401,0.9848056537102472,False,True
vitb,sinusoidal,789,adversarial,2,0.0184023151424626,0.963250883392226,False,True
vitb,sinusoidal,789,adversarial,3,0.0337931293238951,0.9353356890459364,False,True
vitb,sinusoidal,789,adversarial,4,0.0664768161439356,0.8600706713780918,False,True
vitb,sinusoidal,789,adversarial,5,0.082319932263602,0.6837455830388692,False,True
vitb,sinusoidal,789,adversarial,6,0.0896463058160318,0.4710247349823321,False,True
vitb,sinusoidal,789,adversarial,7,0.091973222501241,0.3045936395759717,False,True
vitb,sinusoidal,789,adversarial,8,0.1018848168534911,0.0286219081272084,False,True
vitb,sinusoidal,789,adversarial_raw,0,0.0,1.0,True,False
vitb,sinusoidal,789,adversarial_raw,1,0.0070776142183401,0.9848056537102472,False,False
vitb,sinusoidal,789,adversarial_raw,2,0.0184023151424626,0.963250883392226,False,False
vitb,sinusoidal,789,adversarial_raw,3,0.0337931293238951,0.9353356890459364,False,False
vitb,sinusoidal,789,adversarial_raw,4,0.0664768161439356,0.8600706713780918,False,False
vitb,sinusoidal,789,adversarial_raw,5,0.082319932263602,0.6837455830388692,False,False
vitb,sinusoidal,789,adversarial_raw,6,0.0896463058160318,0.4710247349823321,False,False
vitb,sinusoidal,789,adversarial_raw,7,0.091973222501241,0.3045936395759717,False,False
vitb,sinusoidal,789,adversarial_raw,8,0.1018848168534911,0.0286219081272084,False,False
vitb,sinusoidal,1011,noise,0,0.0,1.0,True,False
vitb,sinusoidal,1011,noise,1,0.0086924967407173,0.9990171990171992,False,False
vitb,sinusoidal,1011,noise,2,0.0217412124734031,0.9986310986310988,False,False
vitb,sinusoidal,1011,noise,3,0.0439855609787282,0.9984906984906984,False,False
vitb,sinusoidal,1011,noise,4,0.0907936232383463,0.994980694980695,False,False
vitb,sinusoidal,1011,noise,5,0.18656388633628,0.9833625833625834,False,False
vitb,sinusoidal,1011,adversarial,0,0.0,1.0,True,True
vitb,sinusoidal,1011,adversarial,1,0.0062039737637967,0.987012987012987,False,True
vitb,sinusoidal,1011,adversarial,2,0.0180667615281374,0.9687609687609688,False,True
vitb,sinusoidal,1011,adversarial,3,0.0323830963731764,0.9431379431379432,False,True
vitb,sinusoidal,1011,adversarial,4,0.0626243012171493,0.8557388557388558,False,True
vitb,sinusoidal,1011,adversarial,5,0.0794857922060425,0.6525096525096525,False,True
vitb,sinusoidal,1011,adversarial,6,0.088458500085291,0.4011934011934012,False,True
vitb,sinusoidal,1011,adversarial,7,0.0936113301058041,0.2274482274482274,False,True
vitb,sinusoidal,1011,adversarial,8,0.0957481143921283,0.0249210249210249,False,True
vitb,sinusoidal,1011,adversarial_raw,0,0.0,1.0,True,False
vitb,sinusoidal,1011,adversarial_raw,1,0.0062039737637967,0.987012987012987,False,False
vitb,sinusoidal,1011,adversarial_raw,2,0.0180667615281374,0.9687609687609688,False,False
vitb,sinusoidal,1011,adversarial_raw,3,0.0323830963731764,0.9431379431379432,False,False
vitb,sinusoidal,1011,adversarial_raw,4,0.0626243012171493,0.8557388557388558,False,False
vitb,sinusoidal,1011,adversarial_raw,5,0.0794857922060425,0.6525096525096525,False,False
vitb,sinusoidal,1011,adversarial_raw,6,0.088458500085291,0.4011934011934012,False,False
vitb,sinusoidal,1011,adversarial_raw,7,0.0936113301058041,0.2274482274482274,False,False
vitb,sinusoidal,1011,adversarial_raw,8,0.0957481143921283,0.0249210249210249,False,False
vitb,sinusoidal,1213,noise,0,0.0,1.0,True,False
vitb,sinusoidal,1213,noise,1,0.0080297304718176,0.999391771019678,False,False
vitb,sinusoidal,1213,noise,2,0.0202080585281419,0.9991771019677996,False,False
vitb,sinusoidal,1213,noise,3,0.0412939416955515,0.9996064400715564,False,False
vitb,sinusoidal,1213,noise,4,0.0866686211308442,0.9996422182468696,False,False
vitb,sinusoidal,1213,noise,5,0.1805925295301252,0.9933452593917712,False,False
vitb,sinusoidal,1213,adversarial,0,0.0,1.0,True,True
vitb,sinusoidal,1213,adversarial,1,0.0066024410331807,0.9906976744186048,False,True
vitb,sinusoidal,1213,adversarial,2,0.0196924426869741,0.9649373881932022,False,True
vitb,sinusoidal,1213,adversarial,3,0.0343812404558519,0.9427549194991056,False,True
vitb,sinusoidal,1213,adversarial,4,0.0600424370072718,0.863685152057245,False,True
vitb,sinusoidal,1213,adversarial,5,0.0784258694773584,0.6669051878354204,False,True
vitb,sinusoidal,1213,adversarial,6,0.0877229625488817,0.4300536672629696,False,True
vitb,sinusoidal,1213,adversarial,7,0.0927805404780926,0.2504472271914132,False,True
vitb,sinusoidal,1213,adversarial,8,0.098265310997011,0.0243291592128801,False,True
vitb,sinusoidal,1213,adversarial_raw,0,0.0,1.0,True,False
vitb,sinusoidal,1213,adversarial_raw,1,0.0066024410331807,0.9906976744186048,False,False
vitb,sinusoidal,1213,adversarial_raw,2,0.0196924426869741,0.9649373881932022,False,False
vitb,sinusoidal,1213,adversarial_raw,3,0.0343812404558519,0.9427549194991056,False,False
vitb,sinusoidal,1213,adversarial_raw,4,0.0600424370072718,0.863685152057245,False,False
vitb,sinusoidal,1213,adversarial_raw,5,0.0784258694773584,0.6669051878354204,False,False
vitb,sinusoidal,1213,adversarial_raw,6,0.0877229625488817,0.4300536672629696,False,False
vitb,sinusoidal,1213,adversarial_raw,7,0.0927805404780926,0.2504472271914132,False,False
vitb,sinusoidal,1213,adversarial_raw,8,0.098265310997011,0.0243291592128801,False,False
vitb,rope,42,noise,0,0.0,1.0,True,False
vitb,rope,42,noise,1,0.0243094820189851,0.9987679671457906,False,False
vitb,rope,42,noise,2,0.0486454534921084,0.9981177275838468,False,False
vitb,rope,42,noise,3,0.0974991672893362,0.997262149212868,False,False
vitb,rope,42,noise,4,0.196569347985318,0.9927104722792608,False,False
vitb,rope,42,noise,5,0.4001870282555096,0.9690622861054072,False,False
vitb,rope,42,adversarial,0,0.0,1.0,True,True
vitb,rope,42,adversarial,1,0.0193412983889302,0.9955509924709104,False,True
vitb,rope,42,adversarial,2,0.0326804968523236,0.9876796714579056,False,True
vitb,rope,42,adversarial,3,0.0490109255112114,0.972621492128679,False,True
vitb,rope,42,adversarial,4,0.0795319345600182,0.904517453798768,False,True
vitb,rope,42,adversarial,5,0.1101489733910826,0.7522245037645449,False,True
vitb,rope,42,adversarial,6,0.1373645906919823,0.472621492128679,False,True
vitb,rope,42,adversarial,7,0.1438183980399742,0.3179329226557152,False,True
vitb,rope,42,adversarial,8,0.1522134332619591,0.1851471594798083,False,True
vitb,rope,42,adversarial,9,0.1650690188919318,0.0882956878850102,False,True
vitb,rope,42,adversarial,10,0.176901511386934,0.0602327173169062,False,True
vitb,rope,42,adversarial_raw,0,0.0,1.0,True,False
vitb,rope,42,adversarial_raw,1,0.0193412983889302,0.9955509924709104,False,False
vitb,rope,42,adversarial_raw,2,0.0326804968523236,0.9876796714579056,False,False
vitb,rope,42,adversarial_raw,3,0.0490109255112114,0.972621492128679,False,False
vitb,rope,42,adversarial_raw,4,0.0795319345600182,0.904517453798768,False,False
vitb,rope,42,adversarial_raw,5,0.1101489733910826,0.7522245037645449,False,False
vitb,rope,42,adversarial_raw,6,0.1373645906919823,0.472621492128679,False,False
vitb,rope,42,adversarial_raw,7,0.1438183980399742,0.3179329226557152,False,False
vitb,rope,42,adversarial_raw,8,0.1522134332619591,0.1851471594798083,False,False
vitb,rope,42,adversarial_raw,9,0.1650690188919318,0.0882956878850102,False,False
vitb,rope,42,adversarial_raw,10,0.176901511386934,0.0602327173169062,False,False
vitb,rope,123,noise,0,0.0,1.0,True,False
vitb,rope,123,noise,1,0.024227824770477,0.999346405228758,False,False
vitb,rope,123,noise,2,0.0484812519480798,0.9988304093567252,False,False
vitb,rope,123,noise,3,0.0971677507754324,0.9981768145854832,False,False
vitb,rope,123,noise,4,0.1956208128190628,0.9951152390780872,False,False
vitb,rope,123,noise,5,0.396541476866904,0.970966632266942,False,False
vitb,rope,123,adversarial,0,0.0,1.0,True,True
vitb,rope,123,adversarial,1,0.0235016929777985,0.9955280357757136,False,True
vitb,rope,123,adversarial,2,0.0311723320471512,0.9917440660474716,False,True
vitb,rope,123,adversarial,3,0.0497962027491056,0.9656002751977985,False,True
vitb,rope,123,adversarial,4,0.0767382773789348,0.8844169246646026,False,True
vitb,rope,123,adversarial,5,0.0959479013299763,0.7162022703818369,False,True
vitb,rope,123,adversarial,6,0.1111237561160072,0.4238046095631234,False,True
vitb,rope,123,adversarial,7,0.1165356714549196,0.2820777433780529,False,True
vitb,rope,123,adversarial,8,0.1227555190796102,0.1874785001719986,False,True
vitb,rope,123,adversarial,9,0.1340420183739759,0.0970072239422084,False,True
vitb,rope,123,adversarial,10,0.1441585463562157,0.0677674578603371,False,True
vitb,rope,123,adversarial_raw,0,0.0,1.0,True,False
vitb,rope,123,adversarial_raw,1,0.0235016929777985,0.9955280357757136,False,False
vitb,rope,123,adversarial_raw,2,0.0311723320471512,0.9917440660474716,False,False
vitb,rope,123,adversarial_raw,3,0.0497962027491056,0.9656002751977985,False,False
vitb,rope,123,adversarial_raw,4,0.0767382773789348,0.8844169246646026,False,False
vitb,rope,123,adversarial_raw,5,0.0959479013299763,0.7162022703818369,False,False
vitb,rope,123,adversarial_raw,6,0.1111237561160072,0.4238046095631234,False,False
vitb,rope,123,adversarial_raw,7,0.1165356714549196,0.2820777433780529,False,False
vitb,rope,123,adversarial_raw,8,0.1227555190796102,0.1874785001719986,False,False
vitb,rope,123,adversarial_raw,9,0.1340420183739759,0.0970072239422084,False,False
vitb,rope,123,adversarial_raw,10,0.1441585463562157,0.0677674578603371,False,False
vitb,rope,456,noise,0,0.0,1.0,True,False
vitb,rope,456,noise,1,0.0244601949943333,0.9996569468267582,False,False
vitb,rope,456,noise,2,0.0489100464069289,0.9993825042881648,False,False
vitb,rope,456,noise,3,0.0979216843346733,0.9984562607204116,False,False
vitb,rope,456,noise,4,0.1973076689040697,0.9936192109777016,False,False
vitb,rope,456,noise,5,0.400858722740903,0.964802744425386,False,False
vitb,rope,456,adversarial,0,0.0,1.0,True,True
vitb,rope,456,adversarial,1,0.0229331929069427,1.0,False,True
vitb,rope,456,adversarial,2,0.0330842722337571,0.9934819897084048,False,True
vitb,rope,456,adversarial,3,0.0522467593145162,0.9612349914236707,False,True
vitb,rope,456,adversarial,4,0.0795753642545186,0.8888507718696398,False,True
vitb,rope,456,adversarial,5,0.0988289505394684,0.7197255574614065,False,True
vitb,rope,456,adversarial,6,0.1132694308169014,0.3965694682675815,False,True
vitb,rope,456,adversarial,7,0.1191714425983529,0.2490566037735849,False,True
vitb,rope,456,adversarial,8,0.1257741509275836,0.1735849056603773,False,True
vitb,rope,456,adversarial,9,0.1352792164187526,0.0847341337907375,False,True
vitb,rope,456,adversarial,10,0.1467808360667532,0.0624356775300171,False,True
vitb,rope,456,adversarial_raw,0,0.0,1.0,True,False
vitb,rope,456,adversarial_raw,1,0.0229331929069427,1.0017152658662092,False,False
vitb,rope,456,adversarial_raw,2,0.0330842722337571,0.9934819897084048,False,False
vitb,rope,456,adversarial_raw,3,0.0522467593145162,0.9612349914236707,False,False
vitb,rope,456,adversarial_raw,4,0.0795753642545186,0.8888507718696398,False,False
vitb,rope,456,adversarial_raw,5,0.0988289505394684,0.7197255574614065,False,False
vitb,rope,456,adversarial_raw,6,0.1132694308169014,0.3965694682675815,False,False
vitb,rope,456,adversarial_raw,7,0.1191714425983529,0.2490566037735849,False,False
vitb,rope,456,adversarial_raw,8,0.1257741509275836,0.1735849056603773,False,False
vitb,rope,456,adversarial_raw,9,0.1352792164187526,0.0847341337907375,False,False
vitb,rope,456,adversarial_raw,10,0.1467808360667532,0.0624356775300171,False,False
vitb,rope,789,noise,0,0.0,1.0,True,False
vitb,rope,789,noise,1,0.02472437588665,0.9999659284497444,False,False
vitb,rope,789,noise,2,0.0495221783470728,0.9996252129471892,False,False
vitb,rope,789,noise,3,0.0990688369215888,0.9981260647359452,False,False
vitb,rope,789,noise,4,0.1993650253306396,0.994037478705281,False,False
vitb,rope,789,noise,5,0.4047039698917005,0.9691311754684838,False,False
vitb,rope,789,adversarial,0,0.0,1.0,True,True
vitb,rope,789,adversarial,1,0.0196354744496333,0.9969335604770015,False,True
vitb,rope,789,adversarial,2,0.028172269668562,0.9908006814310052,False,True
vitb,rope,789,adversarial,3,0.0453876107504752,0.9625212947189098,False,True
vitb,rope,789,adversarial,4,0.0734906191357528,0.8695059625212948,False,True
vitb,rope,789,adversarial,5,0.0935949873183909,0.6606473594548552,False,True
vitb,rope,789,adversarial,6,0.1120487662403698,0.3441226575809199,False,True
vitb,rope,789,adversarial,7,0.1177914926795318,0.21396933560477,False,True
vitb,rope,789,adversarial,8,0.1256751032704636,0.1434412265758092,False,True
vitb,rope,789,adversarial,9,0.1375720964226727,0.0875638841567291,False,True
vitb,rope,789,adversarial,10,0.1496203415646222,0.0579216354344122,False,True
vitb,rope,789,adversarial_raw,0,0.0,1.0,True,False
vitb,rope,789,adversarial_raw,1,0.0196354744496333,0.9969335604770015,False,False
vitb,rope,789,adversarial_raw,2,0.028172269668562,0.9908006814310052,False,False
vitb,rope,789,adversarial_raw,3,0.0453876107504752,0.9625212947189098,False,False
vitb,rope,789,adversarial_raw,4,0.0734906191357528,0.8695059625212948,False,False
vitb,rope,789,adversarial_raw,5,0.0935949873183909,0.6606473594548552,False,False
vitb,rope,789,adversarial_raw,6,0.1120487662403698,0.3441226575809199,False,False
vitb,rope,789,adversarial_raw,7,0.1177914926795318,0.21396933560477,False,False
vitb,rope,789,adversarial_raw,8,0.1256751032704636,0.1434412265758092,False,False
vitb,rope,789,adversarial_raw,9,0.1375720964226727,0.0875638841567291,False,False
vitb,rope,789,adversarial_raw,10,0.1496203415646222,0.0579216354344122,False,False
vitb,rope,1011,noise,0,0.0,1.0,True,False
vitb,rope,1011,noise,1,0.0240511714824467,0.9991769547325102,False,False
vitb,rope,1011,noise,2,0.0481361194510138,0.9984910836762688,False,False
vitb,rope,1011,noise,3,0.0964643280685447,0.9968106995884772,False,False
vitb,rope,1011,noise,4,0.1943360293257739,0.991460905349794,False,False
vitb,rope,1011,noise,5,0.3952429742694506,0.96539780521262,False,False
vitb,rope,1011,adversarial,0,0.0,1.0,True,True
vitb,rope,1011,adversarial,1,0.0203385350641036,0.9996570644718792,False,True
vitb,rope,1011,adversarial,2,0.033065122960332,0.9907407407407408,False,True
vitb,rope,1011,adversarial,3,0.0528858116512338,0.9790809327846364,False,True
vitb,rope,1011,adversarial,4,0.0877841772636362,0.8919753086419752,False,True
vitb,rope,1011,adversarial,5,0.1187538562032042,0.7270233196159122,False,True
vitb,rope,1011,adversarial,6,0.1369089603981873,0.3834019204389574,False,True
vitb,rope,1011,adversarial,7,0.143679743601142,0.2589163237311385,False,True
vitb,rope,1011,adversarial,8,0.1497612586206183,0.1505486968449931,False,True
vitb,rope,1011,adversarial,9,0.1607211269845851,0.0751028806584362,False,True
vitb,rope,1011,adversarial,10,0.1704601067612146,0.0545267489711934,False,True
vitb,rope,1011,adversarial_raw,0,0.0,1.0,True,False
vitb,rope,1011,adversarial_raw,1,0.0203385350641036,0.9996570644718792,False,False
vitb,rope,1011,adversarial_raw,2,0.033065122960332,0.9907407407407408,False,False
vitb,rope,1011,adversarial_raw,3,0.0528858116512338,0.9790809327846364,False,False
vitb,rope,1011,adversarial_raw,4,0.0877841772636362,0.8919753086419752,False,False
vitb,rope,1011,adversarial_raw,5,0.1187538562032042,0.7270233196159122,False,False
vitb,rope,1011,adversarial_raw,6,0.1369089603981873,0.3834019204389574,False,False
vitb,rope,1011,adversarial_raw,7,0.143679743601142,0.2589163237311385,False,False
vitb,rope,1011,adversarial_raw,8,0.1497612586206183,0.1505486968449931,False,False
vitb,rope,1011,adversarial_raw,9,0.1607211269845851,0.0751028806584362,False,False
vitb,rope,1011,adversarial_raw,10,0.1704601067612146,0.0545267489711934,False,False
vitb,rope,1213,noise,0,0.0,1.0,True,False
vitb,rope,1213,noise,1,0.0252816035982228,0.9995891817870592,False,False
vitb,rope,1213,noise,2,0.0504770836049208,0.9998972954467648,False,False
vitb,rope,1213,noise,3,0.1008919447857077,0.9980486134885312,False,False
vitb,rope,1213,noise,4,0.2026767526421015,0.9914755220814788,False,False
vitb,rope,1213,noise,5,0.4095958955605902,0.963505648750428,False,False
vitb,rope,1213,adversarial,0,0.0,1.0,True,True
vitb,rope,1213,adversarial,1,0.0215923958456568,0.997945908935296,False,True
vitb,rope,1213,adversarial,2,0.0354404360036034,0.9904142416980484,False,True
vitb,rope,1213,adversarial,3,0.0496908490296103,0.965765148921602,False,True
vitb,rope,1213,adversarial,4,0.0753278157773912,0.9014036288942142,False,True
vitb,rope,1213,adversarial,5,0.1009602953275255,0.7363916466963368,False,True
vitb,rope,1213,adversarial,6,0.1196186318380913,0.4313591235878123,False,True
vitb,rope,1213,adversarial,7,0.1288077834205875,0.2916809311879493,False,True
vitb,rope,1213,adversarial,8,0.1355048635700807,0.1807600136939404,False,True
vitb,rope,1213,adversarial,9,0.1473474941101302,0.0855871276959945,False,True
vitb,rope,1213,adversarial,10,0.1586369224589491,0.0657309140705238,False,True
vitb,rope,1213,adversarial_raw,0,0.0,1.0,True,False
vitb,rope,1213,adversarial_raw,1,0.0215923958456568,0.997945908935296,False,False
vitb,rope,1213,adversarial_raw,2,0.0354404360036034,0.9904142416980484,False,False
vitb,rope,1213,adversarial_raw,3,0.0496908490296103,0.965765148921602,False,False
vitb,rope,1213,adversarial_raw,4,0.0753278157773912,0.9014036288942142,False,False
vitb,rope,1213,adversarial_raw,5,0.1009602953275255,0.7363916466963368,False,False
vitb,rope,1213,adversarial_raw,6,0.1196186318380913,0.4313591235878123,False,False
vitb,rope,1213,adversarial_raw,7,0.1288077834205875,0.2916809311879493,False,False
vitb,rope,1213,adversarial_raw,8,0.1355048635700807,0.1807600136939404,False,False
vitb,rope,1213,adversarial_raw,9,0.1473474941101302,0.0855871276959945,False,False
vitb,rope,1213,adversarial_raw,10,0.1586369224589491,0.0657309140705238,False,False
vitb,alibi,42,noise,0,0.0,1.0,True,False
vitb,alibi,42,noise,1,0.0044362232108331,0.9988971896122376,False,False
vitb,alibi,42,noise,2,0.0110972300470279,0.997616506581288,False,False
vitb,alibi,42,noise,3,0.0222005519790661,0.9923514763429384,False,False
vitb,alibi,42,noise,4,0.0443653419998947,0.9749555318392032,False,False
vitb,alibi,42,noise,5,0.1103938516378207,0.8800782639630025,False,False
vitb,alibi,42,noise,6,0.2178759676487305,0.6501245108502313,False,False
vitb,alibi,42,adversarial,0,0.0,1.0,True,True
vitb,alibi,42,adversarial,1,0.0118714867078738,0.9871931696905016,False,True
vitb,alibi,42,adversarial,2,0.0234429412474746,0.9580220562077554,False,True
vitb,alibi,42,adversarial,3,0.0514488669203362,0.8384916399857703,False,True
vitb,alibi,42,adversarial,4,0.0640093576489484,0.7317680540732836,False,True
vitb,alibi,42,adversarial,5,0.0760594642885694,0.6207755247242974,False,True
vitb,alibi,42,adversarial,6,0.0988595720571871,0.424048381358947,False,True
vitb,alibi,42,adversarial,7,0.1204982513921675,0.2746353610814657,False,True
vitb,alibi,42,adversarial_raw,0,0.0,1.0,True,False
vitb,alibi,42,adversarial_raw,1,0.0118714867078738,0.9871931696905016,False,False
vitb,alibi,42,adversarial_raw,2,0.0234429412474746,0.9580220562077554,False,False
vitb,alibi,42,adversarial_raw,3,0.0514488669203362,0.8384916399857703,False,False
vitb,alibi,42,adversarial_raw,4,0.0640093576489484,0.7317680540732836,False,False
vitb,alibi,42,adversarial_raw,5,0.0760594642885694,0.6207755247242974,False,False
vitb,alibi,42,adversarial_raw,6,0.0988595720571871,0.424048381358947,False,False
vitb,alibi,42,adversarial_raw,7,0.1204982513921675,0.2746353610814657,False,False
vitb,alibi,123,noise,0,0.0,1.0,True,False
vitb,alibi,123,noise,1,0.0044707967971728,0.9982238010657196,False,False
vitb,alibi,123,noise,2,0.0111757177364467,0.9956305506216696,False,False
vitb,alibi,123,noise,3,0.0223439554741341,0.9911545293072824,False,False
vitb,alibi,123,noise,4,0.0446405828526991,0.9729662522202488,False,False
vitb,alibi,123,noise,5,0.1108229196544545,0.8157371225577265,False,False
vitb,alibi,123,noise,6,0.2186505950233835,0.5144227353463589,False,False
vitb,alibi,123,adversarial,0,0.0,1.0,True,True
vitb,alibi,123,adversarial,1,0.0122313122857632,0.985790408525755,False,True
vitb,alibi,123,adversarial,2,0.0239937793014928,0.9673179396092364,False,True
vitb,alibi,123,adversarial,3,0.0530460946165729,0.8238010657193606,False,True
vitb,alibi,123,adversarial,4,0.066053591461522,0.7214920071047958,False,True
vitb,alibi,123,adversarial,5,0.0783221177971553,0.6095914742451155,False,True
vitb,alibi,123,adversarial,6,0.1006381483831708,0.3996447602131439,False,True
vitb,alibi,123,adversarial,7,0.1230787324814036,0.2536412078152753,False,True
vitb,alibi,123,adversarial_raw,0,0.0,1.0,True,False
vitb,alibi,123,adversarial_raw,1,0.0122313122857632,0.985790408525755,False,False
vitb,alibi,123,adversarial_raw,2,0.0239937793014928,0.9673179396092364,False,False
vitb,alibi,123,adversarial_raw,3,0.0530460946165729,0.8238010657193606,False,False
vitb,alibi,123,adversarial_raw,4,0.066053591461522,0.7214920071047958,False,False
vitb,alibi,123,adversarial_raw,5,0.0783221177971553,0.6095914742451155,False,False
vitb,alibi,123,adversarial_raw,6,0.1006381483831708,0.3996447602131439,False,False
vitb,alibi,123,adversarial_raw,7,0.1230787324814036,0.2536412078152753,False,False
vitb,alibi,456,noise,0,0.0,1.0,True,False
vitb,alibi,456,noise,1,0.0044236208118312,0.9984604368063014,False,False
vitb,alibi,456,noise,2,0.0110614097629886,0.9970998925886144,False,False
vitb,alibi,456,noise,3,0.0221312856589365,0.9923379878267096,False,False
vitb,alibi,456,noise,4,0.0442843949502797,0.9751163623344072,False,False
vitb,alibi,456,noise,5,0.1103593861269852,0.8528822055137845,False,False
vitb,alibi,456,noise,6,0.2186429243965249,0.5504833512352308,False,False
vitb,alibi,456,adversarial,0,0.0,1.0,True,True
vitb,alibi,456,adversarial,1,0.0120079524118673,0.986752595775152,False,True
vitb,alibi,456,adversarial,2,0.0235735755830111,0.9595417114214106,False,True
vitb,alibi,456,adversarial,3,0.0458784626162102,0.8775510204081631,False,True
vitb,alibi,456,adversarial,4,0.0647689433101389,0.7440028643036162,False,True
vitb,alibi,456,adversarial,5,0.0769742976328788,0.623344074471894,False,True
vitb,alibi,456,adversarial,6,0.1001403079653072,0.4153240243465807,False,True
vitb,alibi,456,adversarial,7,0.1223172974264593,0.2527747941281775,False,True
vitb,alibi,456,adversarial_raw,0,0.0,1.0,True,False
vitb,alibi,456,adversarial_raw,1,0.0120079524118673,0.986752595775152,False,False
vitb,alibi,456,adversarial_raw,2,0.0235735755830111,0.9595417114214106,False,False
vitb,alibi,456,adversarial_raw,3,0.0458784626162102,0.8775510204081631,False,False
vitb,alibi,456,adversarial_raw,4,0.0647689433101389,0.7440028643036162,False,False
vitb,alibi,456,adversarial_raw,5,0.0769742976328788,0.623344074471894,False,False
vitb,alibi,456,adversarial_raw,6,0.1001403079653072,0.4153240243465807,False,False
vitb,alibi,456,adversarial_raw,7,0.1223172974264593,0.2527747941281775,False,False
vitb,alibi,789,noise,0,0.0,1.0,True,False
vitb,alibi,789,noise,1,0.0044193174794946,0.9994277539341916,False,False
vitb,alibi,789,noise,2,0.011040960957217,0.9975321888412017,False,False
vitb,alibi,789,noise,3,0.022065657579354,0.9934191702432044,False,False
vitb,alibi,789,noise,4,0.0440931589746103,0.9802217453505008,False,False
vitb,alibi,789,noise,5,0.1097191812636376,0.9082260371959944,False,False
vitb,alibi,789,noise,6,0.2177800696441842,0.7204935622317596,False,False
vitb,alibi,789,adversarial,0,0.0,1.0,True,True
vitb,alibi,789,adversarial,1,0.0121330494667709,0.990343347639485,False,True
vitb,alibi,789,adversarial,2,0.0238813345585974,0.9717453505007152,False,True
vitb,alibi,789,adversarial,3,0.051191695208408,0.8454935622317595,False,True
vitb,alibi,789,adversarial,4,0.0637986279203868,0.7535765379113019,False,True
vitb,alibi,789,adversarial,5,0.0759387719632624,0.650214592274678,False,True
vitb,alibi,789,adversarial,6,0.0991093438250037,0.4273962804005722,False,True
vitb,alibi,789,adversarial,7,0.1211948664481268,0.282904148783977,False,True
vitb,alibi,789,adversarial_raw,0,0.0,1.0,True,False
vitb,alibi,789,adversarial_raw,1,0.0121330494667709,0.990343347639485,False,False
vitb,alibi,789,adversarial_raw,2,0.0238813345585974,0.9717453505007152,False,False
vitb,alibi,789,adversarial_raw,3,0.051191695208408,0.8454935622317595,False,False
vitb,alibi,789,adversarial_raw,4,0.0637986279203868,0.7535765379113019,False,False
vitb,alibi,789,adversarial_raw,5,0.0759387719632624,0.650214592274678,False,False
vitb,alibi,789,adversarial_raw,6,0.0991093438250037,0.4273962804005722,False,False
vitb,alibi,789,adversarial_raw,7,0.1211948664481268,0.282904148783977,False,False
vitb,alibi,1011,noise,0,0.0,1.0,True,False
vitb,alibi,1011,noise,1,0.0045530309317675,0.9978068623983022,False,False
vitb,alibi,1011,noise,2,0.0113819670522681,0.9958259639193492,False,False
vitb,alibi,1011,noise,3,0.0227322780875806,0.9902016271666078,False,False
vitb,alibi,1011,noise,4,0.0452823941660658,0.9661832331093032,False,False
vitb,alibi,1011,noise,5,0.1115067360949667,0.8296073576229219,False,False
vitb,alibi,1011,noise,6,0.2183042996777477,0.5684824902723735,False,False
vitb,alibi,1011,adversarial,0,0.0,1.0,True,True
vitb,alibi,1011,adversarial,1,0.0122155707351791,0.9886805801202688,False,True
vitb,alibi,1011,adversarial,2,0.0241334736414775,0.9635656172621152,False,True
vitb,alibi,1011,adversarial,3,0.0523142316204623,0.8107534488857447,False,True
vitb,alibi,1011,adversarial,4,0.0649392653765657,0.7110010611956138,False,True
vitb,alibi,1011,adversarial,5,0.0778044452574931,0.5843650512911214,False,True
vitb,alibi,1011,adversarial,6,0.099872048141252,0.4248319773611603,False,True
vitb,alibi,1011,adversarial,7,0.1233267700548234,0.2260346657233817,False,True
vitb,alibi,1011,adversarial_raw,0,0.0,1.0,True,False
vitb,alibi,1011,adversarial_raw,1,0.0122155707351791,0.9886805801202688,False,False
vitb,alibi,1011,adversarial_raw,2,0.0241334736414775,0.9635656172621152,False,False
vitb,alibi,1011,adversarial_raw,3,0.0523142316204623,0.8107534488857447,False,False
vitb,alibi,1011,adversarial_raw,4,0.0649392653765657,0.7110010611956138,False,False
vitb,alibi,1011,adversarial_raw,5,0.0778044452574931,0.5843650512911214,False,False
vitb,alibi,1011,adversarial_raw,6,0.099872048141252,0.4248319773611603,False,False
vitb,alibi,1011,adversarial_raw,7,0.1233267700548234,0.2260346657233817,False,False
vitb,alibi,1213,noise,0,0.0,1.0,True,False
vitb,alibi,1213,noise,1,0.0047485073911763,0.9986719310839914,False,False
vitb,alibi,1213,noise,2,0.0118826270199258,0.9965541995692748,False,False
vitb,alibi,1213,noise,3,0.0237864454456976,0.9897702799712852,False,False
vitb,alibi,1213,noise,4,0.0475930481999701,0.9660804020100504,False,False
vitb,alibi,1213,noise,5,0.1165357351998523,0.8066044508255563,False,False
vitb,alibi,1213,noise,6,0.2238059378764028,0.5469849246231157,False,False
vitb,alibi,1213,adversarial,0,0.0,1.0,True,True
vitb,alibi,1213,adversarial,1,0.0132063987262461,0.9881550610193828,False,True
vitb,alibi,1213,adversarial,2,0.0263084007294965,0.969849246231156,False,True
vitb,alibi,1213,adversarial,3,0.0588752633621057,0.8557071069633885,False,True
vitb,alibi,1213,adversarial,4,0.073507846767792,0.7674084709260589,False,True
vitb,alibi,1213,adversarial,5,0.0829517630973154,0.648600143575018,False,True
vitb,alibi,1213,adversarial,6,0.1067488130438584,0.4260588657573583,False,True
vitb,alibi,1213,adversarial,7,0.1291839748739271,0.2627422828427854,False,True
vitb,alibi,1213,adversarial_raw,0,0.0,1.0,True,False
vitb,alibi,1213,adversarial_raw,1,0.0132063987262461,0.9881550610193828,False,False
vitb,alibi,1213,adversarial_raw,2,0.0263084007294965,0.969849246231156,False,False
vitb,alibi,1213,adversarial_raw,3,0.0588752633621057,0.8557071069633885,False,False
vitb,alibi,1213,adversarial_raw,4,0.073507846767792,0.7674084709260589,False,False
vitb,alibi,1213,adversarial_raw,5,0.0829517630973154,0.648600143575018,False,False
vitb,alibi,1213,adversarial_raw,6,0.1067488130438584,0.4260588657573583,False,False
vitb,alibi,1213,adversarial_raw,7,0.1291839748739271,0.2627422828427854,False,False
vits,learned,42,noise,0,0.0,1.0,True,False
vits,learned,42,noise,1,0.004786913484071015,0.9998153618906942,False,False
vits,learned,42,noise,2,0.00957356034808558,0.9994091580502216,False,False
vits,learned,42,noise,3,0.01921595899125199,0.9991137370753324,False,False
vits,learned,42,noise,4,0.03895477708970626,0.9981536189069425,False,False
vits,learned,42,noise,5,0.08066729352378993,0.9954579025110784,False,False
vits,learned,42,noise,6,0.1239217613878266,0.9915066469719351,False,False
vits,learned,42,noise,7,0.16686112657852029,0.9848966026587889,False,False
vits,learned,42,noise,8,0.25024666605102847,0.9583825701624816,False,False
vits,learned,42,adversarial,0,0.0,1.0,True,True
vits,learned,42,adversarial,1,0.029176303042733043,0.9641802067946825,False,True
vits,learned,42,adversarial,2,0.04553825128665887,0.9313146233382571,False,True
vits,learned,42,adversarial,3,0.05659276430608917,0.8969719350073856,False,True
vits,learned,42,adversarial,4,0.09683447228040026,0.6447562776957164,False,True
vits,learned,42,adversarial,5,0.11895647373066039,0.06351550960118169,False,True
vits,learned,42,adversarial,6,0.12014637512011779,0.06351550960118169,False,True
vits,learned,42,adversarial_raw,0,0.0,1.0,True,False
vits,learned,42,adversarial_raw,1,0.029176303042733043,0.9641802067946825,False,False
vits,learned,42,adversarial_raw,2,0.04553825128665887,0.9313146233382571,False,False
vits,learned,42,adversarial_raw,3,0.05659276430608917,0.8969719350073856,False,False
vits,learned,42,adversarial_raw,4,0.09683447228040026,0.6447562776957164,False,False
vits,learned,42,adversarial_raw,5,0.11895647373066039,0.06351550960118169,False,False
vits,learned,42,adversarial_raw,6,0.12014637512011779,0.08050221565731168,False,False
vits,learned,123,noise,0,0.0,1.0,True,False
vits,learned,123,noise,1,0.004559546472705645,0.9992196209587514,False,False
vits,learned,123,noise,2,0.009115322103166353,0.998810850984764,False,False
vits,learned,123,noise,3,0.018279152040550445,0.9992567818654775,False,False
vits,learned,123,noise,4,0.03694004363481276,0.9989223337049424,False,False
vits,learned,123,noise,5,0.07605937080712608,0.9972129319955407,False,False
vits,learned,123,noise,6,0.11694455542708873,0.9947603121516165,False,False
vits,learned,123,noise,7,0.15827352793318142,0.9893719806763285,False,False
vits,learned,123,noise,8,0.23928672393639863,0.9680787811222593,False,False
vits,learned,123,adversarial,0,0.0,1.0,True,True
vits,learned,123,adversarial,1,0.0191990946354476,0.9706428836863619,False,True
vits,learned,123,adversarial,2,0.04198636768489473,0.9015235971757711,False,True
vits,learned,123,adversarial,3,0.053797938865771465,0.8097361575622445,False,True
vits,learned,123,adversarial,4,0.08372933555295395,0.26681531029357114,False,True
vits,learned,123,adversarial,5,0.08830885978441799,0.043106651802303976,False,True
vits,learned,123,adversarial,6,0.09492790714885053,0.043106651802303976,False,True
vits,learned,123,adversarial_raw,0,0.0,1.0,True,False
vits,learned,123,adversarial_raw,1,0.0191990946354476,0.9706428836863619,False,False
vits,learned,123,adversarial_raw,2,0.04198636768489473,0.9015235971757711,False,False
vits,learned,123,adversarial_raw,3,0.053797938865771465,0.8097361575622445,False,False
vits,learned,123,adversarial_raw,4,0.08372933555295395,0.26681531029357114,False,False
vits,learned,123,adversarial_raw,5,0.08830885978441799,0.043106651802303976,False,False
vits,learned,123,adversarial_raw,6,0.09492790714885053,0.12077294685990338,False,False
vits,learned,456,noise,0,0.0,1.0,True,False
vits,learned,456,noise,1,0.004703090021108862,0.9997055576002944,False,False
vits,learned,456,noise,2,0.009406620059715811,0.9993743099006258,False,False
vits,learned,456,noise,3,0.018891481686268464,0.9988222304011778,False,False
vits,learned,456,noise,4,0.038374890326378676,0.9982701509017298,False,False
vits,learned,456,noise,5,0.07982039509868644,0.9960986382039014,False,False
vits,learned,456,noise,6,0.12292796406862136,0.9915715863084283,False,False
vits,learned,456,noise,7,0.1658302025881086,0.9853882959146117,False,False
vits,learned,456,noise,8,0.2491078530329555,0.9635259477364742,False,False
vits,learned,456,adversarial,0,0.0,1.0,True,True
vits,learned,456,adversarial,1,0.017815575216156673,0.9705557600294442,False,True
vits,learned,456,adversarial,2,0.02969817803643128,0.94516010305484,False,True
vits,learned,456,adversarial,3,0.04241818509534331,0.9065145380934856,False,True
vits,learned,456,adversarial,4,0.06588845150124921,0.7331615752668385,False,True
vits,learned,456,adversarial,5,0.09784979098537745,0.07655502392344497,False,True
vits,learned,456,adversarial,6,0.10238845985618027,0.07655502392344497,False,True
vits,learned,456,adversarial_raw,0,0.0,1.0,True,False
vits,learned,456,adversarial_raw,1,0.017815575216156673,0.9705557600294442,False,False
vits,learned,456,adversarial_raw,2,0.02969817803643128,0.94516010305484,False,False
vits,learned,456,adversarial_raw,3,0.04241818509534331,0.9065145380934856,False,False
vits,learned,456,adversarial_raw,4,0.06588845150124921,0.7331615752668385,False,False
vits,learned,456,adversarial_raw,5,0.09784979098537745,0.07655502392344497,False,False
vits,learned,456,adversarial_raw,6,0.10238845985618027,0.11409642988590357,False,False
vits,learned,789,noise,0,0.0,1.0,True,False
vits,learned,789,noise,1,0.004601080401972525,0.9998508019395749,False,False
vits,learned,789,noise,2,0.009202287021348628,0.9994032077582992,False,False
vits,learned,789,noise,3,0.01848002010870061,0.9983588213353227,False,False
vits,learned,789,noise,4,0.0375469311017523,0.9966057441253264,False,False
vits,learned,789,noise,5,0.0784488835319583,0.9944423722491609,False,False
vits,learned,789,noise,6,0.12185290544656077,0.9897053338306602,False,False
vits,learned,789,noise,7,0.16537575265827162,0.9826557254755688,False,False
vits,learned,789,noise,8,0.2493113825872489,0.9555762775083926,False,False
vits,learned,789,adversarial,0,0.0,1.0,True,True
vits,learned,789,adversarial,1,0.017914958421677316,0.977993286087281,False,True
vits,learned,789,adversarial,2,0.030458684024527043,0.9406937709809774,False,True
vits,learned,789,adversarial,3,0.040037149497324724,0.9082431928384931,False,True
vits,learned,789,adversarial,4,0.08001014400538739,0.4196195449459157,False,True
vits,learned,789,adversarial,5,0.09458625563274876,0.08429690414024618,False,True
vits,learned,789,adversarial,6,0.1280946161241568,0.08429690414024618,False,True
vits,learned,789,adversarial_raw,0,0.0,1.0,True,False
vits,learned,789,adversarial_raw,1,0.017914958421677316,0.977993286087281,False,False
vits,learned,789,adversarial_raw,2,0.030458684024527043,0.9406937709809774,False,False
vits,learned,789,adversarial_raw,3,0.040037149497324724,0.9082431928384931,False,False
vits,learned,789,adversarial_raw,4,0.08001014400538739,0.4196195449459157,False,False
vits,learned,789,adversarial_raw,5,0.09458625563274876,0.08429690414024618,False,False
vits,learned,789,adversarial_raw,6,0.1280946161241568,0.16337187616560986,False,False
vits,learned,1011,noise,0,0.0,1.0,True,False
vits,learned,1011,noise,1,0.00476957365307684,0.9998525617397716,False,False
vits,learned,1011,noise,2,0.009536183926468296,0.9993733873940288,False,False
vits,learned,1011,noise,3,0.019129852869732577,0.9992996682639145,False,False
vits,learned,1011,noise,4,0.0387316911674974,0.9992996682639145,False,False
vits,learned,1011,noise,5,0.0803177887965961,0.9974198304460009,False,False
vits,learned,1011,noise,6,0.12434464854804488,0.993291559159602,False,False
vits,learned,1011,noise,7,0.16868408933681012,0.9875046074456322,False,False
vits,learned,1011,noise,8,0.2535911915473067,0.9701437523037229,False,False
vits,learned,1011,adversarial,0,0.0,1.0,True,True
vits,learned,1011,adversarial,1,0.019722159927959816,0.9683007740508663,False,True
vits,learned,1011,adversarial,2,0.03503847649128152,0.918908956874309,False,True
vits,learned,1011,adversarial,3,0.04782883447000917,0.8650939918908958,False,True
vits,learned,1011,adversarial,4,0.06322389538484961,0.7180243273129379,False,True
vits,learned,1011,adversarial,5,0.10134649515419336,0.04349428676741615,False,True
vits,learned,1011,adversarial,6,0.10621422160310269,0.04349428676741615,False,True
vits,learned,1011,adversarial_raw,0,0.0,1.0,True,False
vits,learned,1011,adversarial_raw,1,0.019722159927959816,0.9683007740508663,False,False
vits,learned,1011,adversarial_raw,2,0.03503847649128152,0.918908956874309,False,False
vits,learned,1011,adversarial_raw,3,0.04782883447000917,0.8650939918908958,False,False
vits,learned,1011,adversarial_raw,4,0.06322389538484961,0.7180243273129379,False,False
vits,learned,1011,adversarial_raw,5,0.10134649515419336,0.04349428676741615,False,False
vits,learned,1011,adversarial_raw,6,0.10621422160310269,0.06745300405455217,False,False
vits,learned,1213,noise,0,0.0,1.0,True,False
vits,learned,1213,noise,1,0.004645458956470943,1.0,False,False
vits,learned,1213,noise,2,0.009289876603028178,1.000037147102526,False,False
vits,learned,1213,noise,3,0.018648611744497896,0.999219910846954,False,False
vits,learned,1213,noise,4,0.037823918815406574,0.998179791976226,False,False
vits,learned,1213,noise,5,0.07855597054902601,0.9962852897473997,False,False
vits,learned,1213,noise,6,0.12130509701024458,0.9932763744427936,False,False
vits,learned,1213,noise,7,0.16408955572609943,0.986998514115899,False,False
vits,learned,1213,noise,8,0.2468008674203276,0.9635586924219911,False,False
vits,learned,1213,adversarial,0,0.0,1.0,True,True
vits,learned,1213,adversarial,1,0.016935119411115303,0.974368499257058,False,True
vits,learned,1213,adversarial,2,0.028735124567858754,0.9450222882615156,False,True
vits,learned,1213,adversarial,3,0.04032130151068322,0.9104754829123328,False,True
vits,learned,1213,adversarial,4,0.055304736951395705,0.8298662704309063,False,True
vits,learned,1213,adversarial,5,0.0858183096310339,0.3395245170876672,False,True
vits,learned,1213,adversarial,6,0.09832747088779775,0.06352154531946509,False,True
vits,learned,1213,adversarial_raw,0,0.0,1.0,True,False
vits,learned,1213,adversarial_raw,1,0.016935119411115303,0.974368499257058,False,False
vits,learned,1213,adversarial_raw,2,0.028735124567858754,0.9450222882615156,False,False
vits,learned,1213,adversarial_raw,3,0.04032130151068322,0.9104754829123328,False,False
vits,learned,1213,adversarial_raw,4,0.055304736951395705,0.8298662704309063,False,False
vits,learned,1213,adversarial_raw,5,0.0858183096310339,0.3395245170876672,False,False
vits,learned,1213,adversarial_raw,6,0.09832747088779775,0.06352154531946509,False,False
vits,sinusoidal,42,noise,0,0.0,1.0,True,False
vits,sinusoidal,42,noise,1,0.010953500448317601,0.9990135184508586,False,False
vits,sinusoidal,42,noise,2,0.027986129493862928,0.9983558640847644,False,False
vits,sinusoidal,42,noise,3,0.05922973628488222,0.9963463646328096,False,False
vits,sinusoidal,42,noise,4,0.1259112215280221,0.9906466934599927,False,False
vits,sinusoidal,42,noise,5,0.24593000346552488,0.947753014249178,False,False
vits,sinusoidal,42,noise,6,0.35968746785706596,0.7933503836317135,False,False
vits,sinusoidal,42,adversarial,0,0.0,1.0,True,True
vits,sinusoidal,42,adversarial,1,0.02065255186825077,0.9433686518085496,False,True
vits,sinusoidal,42,adversarial,2,0.03344135095590618,0.8903909389842893,False,True
vits,sinusoidal,42,adversarial,3,0.05427327854342225,0.7541103397880892,False,True
vits,sinusoidal,42,adversarial,4,0.0653226278900405,0.6090610157106321,False,True
vits,sinusoidal,42,adversarial,5,0.07570343984941286,0.4187066130800146,False,True
vits,sinusoidal,42,adversarial,6,0.08427980325601139,0.25502374862988675,False,True
vits,sinusoidal,42,adversarial,7,0.09002255147244083,0.13883814395323346,False,True
vits,sinusoidal,42,adversarial,8,0.0937996064798943,0.09316770186335403,False,True
vits,sinusoidal,42,adversarial,9,0.0959505328260359,0.07234198027036902,False,True
vits,sinusoidal,42,adversarial_raw,0,0.0,1.0,True,False
vits,sinusoidal,42,adversarial_raw,1,0.02065255186825077,0.9433686518085496,False,False
vits,sinusoidal,42,adversarial_raw,2,0.03344135095590618,0.8903909389842893,False,False
vits,sinusoidal,42,adversarial_raw,3,0.05427327854342225,0.7541103397880892,False,False
vits,sinusoidal,42,adversarial_raw,4,0.0653226278900405,0.6090610157106321,False,False
vits,sinusoidal,42,adversarial_raw,5,0.07570343984941286,0.4187066130800146,False,False
vits,sinusoidal,42,adversarial_raw,6,0.08427980325601139,0.25502374862988675,False,False
vits,sinusoidal,42,adversarial_raw,7,0.09002255147244083,0.13883814395323346,False,False
vits,sinusoidal,42,adversarial_raw,8,0.0937996064798943,0.09316770186335403,False,False
vits,sinusoidal,42,adversarial_raw,9,0.0959505328260359,0.07234198027036902,False,False
vits,sinusoidal,123,noise,0,0.0,1.0,True,False
vits,sinusoidal,123,noise,1,0.010846186929190867,1.0,False,False
vits,sinusoidal,123,noise,2,0.027551921556830044,0.999667528629479,False,False
vits,sinusoidal,123,noise,3,0.057607055077819644,1.0007757665312154,False,False
vits,sinusoidal,123,noise,4,0.12269494236181555,0.9978204654599188,False,False
vits,sinusoidal,123,noise,5,0.24493331408778046,0.9604359069080163,False,False
vits,sinusoidal,123,noise,6,0.3615233642811196,0.8462135205024012,False,False
vits,sinusoidal,123,adversarial,0,0.0,1.0,True,True
vits,sinusoidal,123,adversarial,1,0.019552783144099434,0.9412633912079793,False,True
vits,sinusoidal,123,adversarial,2,0.03180748287173903,0.8880679719246398,False,True
vits,sinusoidal,123,adversarial,3,0.049706209776104626,0.7724418175101588,False,True
vits,sinusoidal,123,adversarial,4,0.05920195954710851,0.6557074251939417,False,True
vits,sinusoidal,123,adversarial,5,0.06751198420668154,0.5408200960472849,False,True
vits,sinusoidal,123,adversarial,6,0.07470770498794613,0.39785740672330994,False,True
vits,sinusoidal,123,adversarial,7,0.08096359553745847,0.2744735869966753,False,True
vits,sinusoidal,123,adversarial,8,0.08516399362850376,0.19726634650905062,False,True
vits,sinusoidal,123,adversarial,9,0.08809552955874674,0.1407462135205024,False,True
vits,sinusoidal,123,adversarial_raw,0,0.0,1.0,True,False
vits,sinusoidal,123,adversarial_raw,1,0.019552783144099434,0.9412633912079793,False,False
vits,sinusoidal,123,adversarial_raw,2,0.03180748287173903,0.8880679719246398,False,False
vits,sinusoidal,123,adversarial_raw,3,0.049706209776104626,0.7724418175101588,False,False
vits,sinusoidal,123,adversarial_raw,4,0.05920195954710851,0.6557074251939417,False,False
vits,sinusoidal,123,adversarial_raw,5,0.06751198420668154,0.5408200960472849,False,False
vits,sinusoidal,123,adversarial_raw,6,0.07470770498794613,0.39785740672330994,False,False
vits,sinusoidal,123,adversarial_raw,7,0.08096359553745847,0.2744735869966753,False,False
vits,sinusoidal,123,adversarial_raw,8,0.08516399362850376,0.19726634650905062,False,False
vits,sinusoidal,123,adversarial_raw,9,0.08809552955874674,0.1407462135205024,False,False
vits,sinusoidal,456,noise,0,0.0,1.0,True,False
vits,sinusoidal,456,noise,1,0.011221163494809786,1.0004008746355686,False,False
vits,sinusoidal,456,noise,2,0.02870916778170037,1.0,False,False
vits,sinusoidal,456,noise,3,0.06111431413877096,0.9991982507288629,False,False
vits,sinusoidal,456,noise,4,0.13166690779613616,0.9947886297376094,False,False
vits,sinusoidal,456,noise,5,0.25983674124618056,0.9457725947521866,False,False
vits,sinusoidal,456,noise,6,0.37828438107892015,0.8005102040816328,False,False
vits,sinusoidal,456,adversarial,0,0.0,1.0,True,True
vits,sinusoidal,456,adversarial,1,0.023292394391369216,0.9205539358600583,False,True
vits,sinusoidal,456,adversarial,2,0.035537160030158964,0.8447521865889213,False,True
vits,sinusoidal,456,adversarial,3,0.052285919202297,0.673469387755102,False,True
vits,sinusoidal,456,adversarial,4,0.05952095346588745,0.5572157434402333,False,True
vits,sinusoidal,456,adversarial,5,0.06676554355099984,0.4387755102040817,False,True
vits,sinusoidal,456,adversarial,6,0.07267999527379779,0.3509475218658892,False,True
vits,sinusoidal,456,adversarial,7,0.07275940093363417,0.18549562682215745,False,True
vits,sinusoidal,456,adversarial,8,0.0772626130429571,0.18549562682215745,False,True
vits,sinusoidal,456,adversarial,9,0.07923839733806452,0.18549562682215745,False,True
vits,sinusoidal,456,adversarial_raw,0,0.0,1.0,True,False
vits,sinusoidal,456,adversarial_raw,1,0.023292394391369216,0.9205539358600583,False,False
vits,sinusoidal,456,adversarial_raw,2,0.035537160030158964,0.8447521865889213,False,False
vits,sinusoidal,456,adversarial_raw,3,0.052285919202297,0.673469387755102,False,False
vits,sinusoidal,456,adversarial_raw,4,0.05952095346588745,0.5572157434402333,False,False
vits,sinusoidal,456,adversarial_raw,5,0.06676554355099984,0.4387755102040817,False,False
vits,sinusoidal,456,adversarial_raw,6,0.07267999527379779,0.3509475218658892,False,False
vits,sinusoidal,456,adversarial_raw,7,0.07275940093363417,0.18549562682215745,False,False
vits,sinusoidal,456,adversarial_raw,8,0.0772626130429571,0.26457725947521865,False,False
vits,sinusoidal,456,adversarial_raw,9,0.07923839733806452,0.21027696793002917,False,False
vits,sinusoidal,789,noise,0,0.0,1.0,True,False
vits,sinusoidal,789,noise,1,0.010110527714093875,0.9994149908592321,False,False
vits,sinusoidal,789,noise,2,0.02560747296040508,0.9995612431444242,False,False
vits,sinusoidal,789,noise,3,0.05317347118870371,0.997001828153565,False,False
vits,sinusoidal,789,noise,4,0.113225804413595,0.989872029250457,False,False
vits,sinusoidal,789,noise,5,0.22981265503230103,0.953418647166362,False,False
vits,sinusoidal,789,noise,6,0.341046683319566,0.8416819012797075,False,False
vits,sinusoidal,789,adversarial,0,0.0,1.0,True,True
vits,sinusoidal,789,adversarial,1,0.01985691084711072,0.946617915904936,False,True
vits,sinusoidal,789,adversarial,2,0.031309892073986885,0.9082266910420476,False,True
vits,sinusoidal,789,adversarial,3,0.04731632028898835,0.8160877513711151,False,True
vits,sinusoidal,789,adversarial,4,0.05788505174256291,0.7283363802559415,False,True
vits,sinusoidal,789,adversarial,5,0.06817758607569392,0.5981718464351006,False,True
vits,sinusoidal,789,adversarial,6,0.07735045597084712,0.4563071297989031,False,True
vits,sinusoidal,789,adversarial,7,0.08500763917879556,0.33089579524680074,False,True
vits,sinusoidal,789,adversarial,8,0.08990955736450729,0.22888482632541135,False,True
vits,sinusoidal,789,adversarial,9,0.0936335072829131,0.16270566727605118,False,True
vits,sinusoidal,789,adversarial_raw,0,0.0,1.0,True,False
vits,sinusoidal,789,adversarial_raw,1,0.01985691084711072,0.946617915904936,False,False
vits,sinusoidal,789,adversarial_raw,2,0.031309892073986885,0.9082266910420476,False,False
vits,sinusoidal,789,adversarial_raw,3,0.04731632028898835,0.8160877513711151,False,False
vits,sinusoidal,789,adversarial_raw,4,0.05788505174256291,0.7283363802559415,False,False
vits,sinusoidal,789,adversarial_raw,5,0.06817758607569392,0.5981718464351006,False,False
vits,sinusoidal,789,adversarial_raw,6,0.07735045597084712,0.4563071297989031,False,False
vits,sinusoidal,789,adversarial_raw,7,0.08500763917879556,0.33089579524680074,False,False
vits,sinusoidal,789,adversarial_raw,8,0.08990955736450729,0.22888482632541135,False,False
vits,sinusoidal,789,adversarial_raw,9,0.0936335072829131,0.16270566727605118,False,False
vits,sinusoidal,1011,noise,0,0.0,1.0,True,False
vits,sinusoidal,1011,noise,1,0.011592264436757437,0.9992304873580066,False,False
vits,sinusoidal,1011,noise,2,0.02969771565317326,1.0000732869182851,False,False
vits,sinusoidal,1011,noise,3,0.06332122225484642,0.9988274093074387,False,False
vits,sinusoidal,1011,noise,4,0.13560146738111808,0.9945034811286186,False,False
vits,sinusoidal,1011,noise,5,0.26544527574820254,0.9521436423598388,False,False
vits,sinusoidal,1011,noise,6,0.38760263594348654,0.8190179552949799,False,False
vits,sinusoidal,1011,adversarial,0,0.0,1.0,True,True
vits,sinusoidal,1011,adversarial,1,0.02149993440988841,0.9391718578233786,False,True
vits,sinusoidal,1011,adversarial,2,0.029928480507225005,0.892634664712349,False,True
vits,sinusoidal,1011,adversarial,3,0.042679765425122265,0.7903994137046538,False,True
vits,sinusoidal,1011,adversarial,4,0.05306180642048076,0.6991572004397215,False,True
vits,sinusoidal,1011,adversarial,5,0.06476547146857062,0.5610113594723343,False,True
vits,sinusoidal,1011,adversarial,6,0.07497591463930947,0.38915353609380726,False,True
vits,sinusoidal,1011,adversarial,7,0.08333385002521376,0.24148039574935878,False,True
vits,sinusoidal,1011,adversarial,8,0.08910090649978078,0.1403444485159399,False,True
vits,sinusoidal,1011,adversarial,9,0.09298513832292592,0.08647856357640162,False,True
vits,sinusoidal,1011,adversarial_raw,0,0.0,1.0,True,False
vits,sinusoidal,1011,adversarial_raw,1,0.02149993440988841,0.9391718578233786,False,False
vits,sinusoidal,1011,adversarial_raw,2,0.029928480507225005,0.892634664712349,False,False
vits,sinusoidal,1011,adversarial_raw,3,0.042679765425122265,0.7903994137046538,False,False
vits,sinusoidal,1011,adversarial_raw,4,0.05306180642048076,0.6991572004397215,False,False
vits,sinusoidal,1011,adversarial_raw,5,0.06476547146857062,0.5610113594723343,False,False
vits,sinusoidal,1011,adversarial_raw,6,0.07497591463930947,0.38915353609380726,False,False
vits,sinusoidal,1011,adversarial_raw,7,0.08333385002521376,0.24148039574935878,False,False
vits,sinusoidal,1011,adversarial_raw,8,0.08910090649978078,0.1403444485159399,False,False
vits,sinusoidal,1011,adversarial_raw,9,0.09298513832292592,0.08647856357640162,False,False
vits,sinusoidal,1213,noise,0,0.0,1.0,True,False
vits,sinusoidal,1213,noise,1,0.01147148358724778,0.9991964937910884,False,False
vits,sinusoidal,1213,noise,2,0.029398722945320598,0.9985756026296567,False,False
vits,sinusoidal,1213,noise,3,0.06273538536555145,0.998137326515705,False,False
vits,sinusoidal,1213,noise,4,0.13374025809059634,0.991526661796932,False,False
vits,sinusoidal,1213,noise,5,0.26096220035770057,0.9347699050401754,False,False
vits,sinusoidal,1213,noise,6,0.38138297843951496,0.7534331628926224,False,False
vits,sinusoidal,1213,adversarial,0,0.0,1.0,True,True
vits,sinusoidal,1213,adversarial,1,0.021947599960140094,0.9240321402483566,False,True
vits,sinusoidal,1213,adversarial,2,0.03560281122383857,0.8407596785975164,False,True
vits,sinusoidal,1213,adversarial,3,0.05237506806905123,0.6435354273192111,False,True
vits,sinusoidal,1213,adversarial,4,0.06113021943988444,0.49890430971512056,False,True
vits,sinusoidal,1213,adversarial,5,0.06899722992283523,0.3608473338203068,False,True
vits,sinusoidal,1213,adversarial,6,0.07527254592218176,0.2501826150474799,False,True
vits,sinusoidal,1213,adversarial,7,0.08021455899104012,0.16179693206720236,False,True
vits,sinusoidal,1213,adversarial,8,0.0850312409711743,0.1110299488677867,False,True
vits,sinusoidal,1213,adversarial,9,0.08769570668589602,0.07450693937180423,False,True
vits,sinusoidal,1213,adversarial_raw,0,0.0,1.0,True,False
vits,sinusoidal,1213,adversarial_raw,1,0.021947599960140094,0.9240321402483566,False,False
vits,sinusoidal,1213,adversarial_raw,2,0.03560281122383857,0.8407596785975164,False,False
vits,sinusoidal,1213,adversarial_raw,3,0.05237506806905123,0.6435354273192111,False,False
vits,sinusoidal,1213,adversarial_raw,4,0.06113021943988444,0.49890430971512056,False,False
vits,sinusoidal,1213,adversarial_raw,5,0.06899722992283523,0.3608473338203068,False,False
vits,sinusoidal,1213,adversarial_raw,6,0.07527254592218176,0.2501826150474799,False,False
vits,sinusoidal,1213,adversarial_raw,7,0.08021455899104012,0.16179693206720236,False,False
vits,sinusoidal,1213,adversarial_raw,8,0.0850312409711743,0.1110299488677867,False,False
vits,sinusoidal,1213,adversarial_raw,9,0.08769570668589602,0.07450693937180423,False,False
vits,rope,42,noise,0,0.0,1.0,True,False
vits,rope,42,noise,1,0.024173833044995117,0.9983275261324043,False,False
vits,rope,42,noise,2,0.0483671630825624,0.997595818815331,False,False
vits,rope,42,noise,3,0.09688874337034223,0.996062717770035,False,False
vits,rope,42,noise,4,0.19480653271048487,0.9924738675958189,False,False
vits,rope,42,noise,5,0.39350734844130547,0.9645993031358886,False,False
vits,rope,42,noise,6,0.5882034453330317,0.8908710801393729,False,False
vits,rope,42,adversarial,0,0.0,1.0,True,True
vits,rope,42,adversarial,1,0.01581005505864724,0.9958188153310105,False,True
vits,rope,42,adversarial,2,0.026414998252829443,0.9878048780487806,False,True
vits,rope,42,adversarial,3,0.051518032084449925,0.8578397212543554,False,True
vits,rope,42,adversarial,4,0.08507933277555473,0.3271777003484321,False,True
vits,rope,42,adversarial,5,0.11519102349761626,0.07839721254355402,False,True
vits,rope,42,adversarial_raw,0,0.0,1.0,True,False
vits,rope,42,adversarial_raw,1,0.01581005505864724,0.9958188153310105,False,False
vits,rope,42,adversarial_raw,2,0.026414998252829443,0.9878048780487806,False,False
vits,rope,42,adversarial_raw,3,0.051518032084449925,0.8578397212543554,False,False
vits,rope,42,adversarial_raw,4,0.08507933277555473,0.3271777003484321,False,False
vits,rope,42,adversarial_raw,5,0.11519102349761626,0.07839721254355402,False,False
vits,rope,123,noise,0,0.0,1.0,True,False
vits,rope,123,noise,1,0.023720969746010796,1.0001052631578946,False,False
vits,rope,123,noise,2,0.04746123005785863,0.9998947368421052,False,False
vits,rope,123,noise,3,0.09506662037517705,0.9989473684210527,False,False
vits,rope,123,noise,4,0.1910607714525126,0.9943859649122807,False,False
vits,rope,123,noise,5,0.38602880261210226,0.9685263157894737,False,False
vits,rope,123,noise,6,0.5785295698842448,0.9081052631578947,False,False
vits,rope,123,adversarial,0,0.0,1.0,True,True
vits,rope,123,adversarial,1,0.015735415145507876,1.0,False,True
vits,rope,123,adversarial,2,0.028585989508461536,0.9901754385964912,False,True
vits,rope,123,adversarial,3,0.0666630520225247,0.8824561403508772,False,True
vits,rope,123,adversarial,4,0.10317559110734235,0.283859649122807,False,True
vits,rope,123,adversarial,5,0.13021524753677913,0.08175438596491227,False,True
vits,rope,123,adversarial_raw,0,0.0,1.0,True,False
vits,rope,123,adversarial_raw,1,0.015735415145507876,1.0014035087719297,False,False
vits,rope,123,adversarial_raw,2,0.028585989508461536,0.9901754385964912,False,False
vits,rope,123,adversarial_raw,3,0.0666630520225247,0.8824561403508772,False,False
vits,rope,123,adversarial_raw,4,0.10317559110734235,0.283859649122807,False,False
vits,rope,123,adversarial_raw,5,0.13021524753677913,0.08175438596491227,False,False
vits,rope,456,noise,0,0.0,1.0,True,False
vits,rope,456,noise,1,0.022453342249402843,0.9995817357964448,False,False
vits,rope,456,noise,2,0.044927153540975526,0.9986057859881491,False,False
vits,rope,456,noise,3,0.09003036129980654,0.9968630184733357,False,False
vits,rope,456,noise,4,0.18131249913189104,0.992018124782154,False,False
vits,rope,456,noise,5,0.36897942386475047,0.9688393168351341,False,False
vits,rope,456,noise,6,0.5576932674361698,0.899233182293482,False,False
vits,rope,456,adversarial,0,0.0,1.0,True,True
vits,rope,456,adversarial,1,0.014699863487430204,0.9975601254792611,False,True
vits,rope,456,adversarial,2,0.02451161170396026,0.9937260369466713,False,True
vits,rope,456,adversarial,3,0.048163560102758386,0.9027535726734053,False,True
vits,rope,456,adversarial,4,0.08509638273625693,0.33495991634715927,False,True
vits,rope,456,adversarial,5,0.11679496260213246,0.08295573370512374,False,True
vits,rope,456,adversarial_raw,0,0.0,1.0,True,False
vits,rope,456,adversarial_raw,1,0.014699863487430204,0.9975601254792611,False,False
vits,rope,456,adversarial_raw,2,0.02451161170396026,0.9937260369466713,False,False
vits,rope,456,adversarial_raw,3,0.048163560102758386,0.9027535726734053,False,False
vits,rope,456,adversarial_raw,4,0.08509638273625693,0.33495991634715927,False,False
vits,rope,456,adversarial_raw,5,0.11679496260213246,0.08295573370512374,False,False
vits,rope,789,noise,0,0.0,1.0,True,False
vits,rope,789,noise,1,0.02296399737409657,1.0001403508771929,False,False
vits,rope,789,noise,2,0.04594379518568057,1.0001754385964912,False,False
vits,rope,789,noise,3,0.09203456916758854,0.9998245614035086,False,False
vits,rope,789,noise,4,0.18515737923268882,0.9959649122807017,False,False
vits,rope,789,noise,5,0.3759330127442084,0.9720701754385963,False,False
vits,rope,789,noise,6,0.5670150142414376,0.9080701754385965,False,False
vits,rope,789,adversarial,0,0.0,1.0,True,True
vits,rope,789,adversarial,1,0.015560180214188845,1.0,False,True
vits,rope,789,adversarial,2,0.030166719438432615,0.9950877192982455,False,True
vits,rope,789,adversarial,3,0.048512898579002574,0.8831578947368419,False,True
vits,rope,789,adversarial,4,0.07924920814427047,0.27999999999999997,False,True
vits,rope,789,adversarial,5,0.10411208324905995,0.07157894736842105,False,True
vits,rope,789,adversarial_raw,0,0.0,1.0,True,False
vits,rope,789,adversarial_raw,1,0.015560180214188845,1.0010526315789474,False,False
vits,rope,789,adversarial_raw,2,0.030166719438432615,0.9950877192982455,False,False
vits,rope,789,adversarial_raw,3,0.048512898579002574,0.8831578947368419,False,False
vits,rope,789,adversarial_raw,4,0.07924920814427047,0.27999999999999997,False,False
vits,rope,789,adversarial_raw,5,0.10411208324905995,0.07157894736842105,False,False
vits,rope,1011,noise,0,0.0,1.0,True,False
vits,rope,1011,noise,1,0.02258367145346909,0.9995101469559133,False,False
vits,rope,1011,noise,2,0.045191665118054294,0.9992302309307208,False,False
vits,rope,1011,noise,3,0.09058204604205221,0.9975507347795661,False,False
vits,rope,1011,noise,4,0.18250697544265748,0.9921623512946116,False,False
vits,rope,1011,noise,5,0.37140250105014816,0.9674247725682296,False,False
vits,rope,1011,noise,6,0.561173533664854,0.9009097270818754,False,False
vits,rope,1011,adversarial,0,0.0,1.0,True,True
vits,rope,1011,adversarial,1,0.014197615419750972,0.9965010496850946,False,True
vits,rope,1011,adversarial,2,0.024705268421734396,0.9898530440867739,False,True
vits,rope,1011,adversarial,3,0.05502056000873477,0.8995801259622114,False,True
vits,rope,1011,adversarial,4,0.09440914309370431,0.31210636808957315,False,True
vits,rope,1011,adversarial,5,0.12291580692759205,0.07522743177046885,False,True
vits,rope,1011,adversarial_raw,0,0.0,1.0,True,False
vits,rope,1011,adversarial_raw,1,0.014197615419750972,0.9965010496850946,False,False
vits,rope,1011,adversarial_raw,2,0.024705268421734396,0.9898530440867739,False,False
vits,rope,1011,adversarial_raw,3,0.05502056000873477,0.8995801259622114,False,False
vits,rope,1011,adversarial_raw,4,0.09440914309370431,0.31210636808957315,False,False
vits,rope,1011,adversarial_raw,5,0.12291580692759205,0.07522743177046885,False,False
vits,rope,1213,noise,0,0.0,1.0,True,False
vits,rope,1213,noise,1,0.02265591738886063,0.9991663772143106,False,False
vits,rope,1213,noise,2,0.04533651679412432,0.9990969086488365,False,False
vits,rope,1213,noise,3,0.09086957569678866,0.9986106286905176,False,False
vits,rope,1213,noise,4,0.18307032072289892,0.9932268148662731,False,False
vits,rope,1213,noise,5,0.37217018035311755,0.9635290031260855,False,False
vits,rope,1213,noise,6,0.5614506643233038,0.8952066689822855,False,False
vits,rope,1213,adversarial,0,0.0,1.0,True,True
vits,rope,1213,adversarial,1,0.014177637034467805,0.9965265717262939,False,True
vits,rope,1213,adversarial,2,0.024374863394220365,0.9881903438693991,False,True
vits,rope,1213,adversarial,3,0.0501980695320225,0.87565126780132,False,True
vits,rope,1213,adversarial,4,0.08466570096189348,0.34317471344216743,False,True
vits,rope,1213,adversarial,5,0.11552437829711201,0.08648836401528309,False,True
vits,rope,1213,adversarial_raw,0,0.0,1.0,True,False
vits,rope,1213,adversarial_raw,1,0.014177637034467805,0.9965265717262939,False,False
vits,rope,1213,adversarial_raw,2,0.024374863394220365,0.9881903438693991,False,False
vits,rope,1213,adversarial_raw,3,0.0501980695320225,0.87565126780132,False,False
vits,rope,1213,adversarial_raw,4,0.08466570096189348,0.34317471344216743,False,False
vits,rope,1213,adversarial_raw,5,0.11552437829711201,0.08648836401528309,False,False
vits,alibi,42,noise,0,0.0,1.0,True,False
vits,alibi,42,noise,1,0.005773512356007976,0.9974247370330069,False,False
vits,alibi,42,noise,2,0.014424134958421733,0.9932172651432717,False,False
vits,alibi,42,noise,3,0.028813655799402992,0.9831338411316647,False,False
vits,alibi,42,noise,4,0.0574659106264527,0.9570910409865796,False,False
vits,alibi,42,noise,5,0.14221246285957287,0.7846209648168299,False,False
vits,alibi,42,noise,6,0.28074329332514714,0.5094668117519042,False,False
vits,alibi,42,noise,7,0.4188431395570128,0.3541530649256438,False,False
vits,alibi,42,adversarial,0,0.0,1.0,True,True
vits,alibi,42,adversarial,1,0.006151099030644816,0.9974610083424011,False,True
vits,alibi,42,adversarial,2,0.015431485323602747,0.9862169024301777,False,True
vits,alibi,42,adversarial,3,0.03300858593776773,0.9441421835328254,False,True
vits,alibi,42,adversarial,4,0.0664746357726635,0.8005077983315197,False,True
vits,alibi,42,adversarial,5,0.09826396999547563,0.5495103373231773,False,True
vits,alibi,42,adversarial,6,0.14300767224417393,0.5346391004715271,False,True
vits,alibi,42,adversarial,7,0.2355323845374887,0.09249183895538628,False,True
vits,alibi,42,adversarial_raw,0,0.0,1.0,True,False
vits,alibi,42,adversarial_raw,1,0.006151099030644816,0.9974610083424011,False,False
vits,alibi,42,adversarial_raw,2,0.015431485323602747,0.9862169024301777,False,False
vits,alibi,42,adversarial_raw,3,0.03300858593776773,0.9441421835328254,False,False
vits,alibi,42,adversarial_raw,4,0.0664746357726635,0.8005077983315197,False,False
vits,alibi,42,adversarial_raw,5,0.09826396999547563,0.5495103373231773,False,False
vits,alibi,42,adversarial_raw,6,0.14300767224417393,0.5346391004715271,False,False
vits,alibi,42,adversarial_raw,7,0.2355323845374887,0.09249183895538628,False,False
vits,alibi,123,noise,0,0.0,1.0,True,False
vits,alibi,123,noise,1,0.005747407156979882,0.9996721311475409,False,False
vits,alibi,123,noise,2,0.0143581970378328,0.9960291438979963,False,False
vits,alibi,123,noise,3,0.02868236829057544,0.9904918032786885,False,False
vits,alibi,123,noise,4,0.05723705732988751,0.9742805100182149,False,False
vits,alibi,123,noise,5,0.14233385098579554,0.884007285974499,False,False
vits,alibi,123,noise,6,0.2828689384162034,0.6583606557377049,False,False
vits,alibi,123,noise,7,0.4223619064738508,0.43938069216757736,False,False
vits,alibi,123,adversarial,0,0.0,1.0,True,True
vits,alibi,123,adversarial,1,0.006370162120626661,0.9941712204007285,False,True
vits,alibi,123,adversarial,2,0.016084810879580594,0.9887067395264116,False,True
vits,alibi,123,adversarial,3,0.03211612461703669,0.9679417122040073,False,True
vits,alibi,123,adversarial,4,0.06610982379156033,0.8061930783242258,False,True
vits,alibi,123,adversarial,5,0.09886741865267262,0.5832422586520947,False,True
vits,alibi,123,adversarial,6,0.1596748016503598,0.23060109289617484,False,True
vits,alibi,123,adversarial,7,0.22574039528474596,0.23060109289617484,False,True
vits,alibi,123,adversarial_raw,0,0.0,1.0,True,False
vits,alibi,123,adversarial_raw,1,0.006370162120626661,0.9941712204007285,False,False
vits,alibi,123,adversarial_raw,2,0.016084810879580594,0.9887067395264116,False,False
vits,alibi,123,adversarial_raw,3,0.03211612461703669,0.9679417122040073,False,False
vits,alibi,123,adversarial_raw,4,0.06610982379156033,0.8061930783242258,False,False
vits,alibi,123,adversarial_raw,5,0.09886741865267262,0.5832422586520947,False,False
vits,alibi,123,adversarial_raw,6,0.1596748016503598,0.23060109289617484,False,False
vits,alibi,123,adversarial_raw,7,0.22574039528474596,0.31111111111111106,False,False
vits,alibi,456,noise,0,0.0,1.0,True,False
vits,alibi,456,noise,1,0.005904235937593875,0.9988653001464127,False,False
vits,alibi,456,noise,2,0.014776964899771225,0.9976207906295753,False,False
vits,alibi,456,noise,3,0.029595840436005705,0.9913982430453879,False,False
vits,alibi,456,noise,4,0.05925582296248867,0.960212298682284,False,False
vits,alibi,456,noise,5,0.1459519573805532,0.7462298682284041,False,False
vits,alibi,456,noise,6,0.28543515346153187,0.5012445095168375,False,False
vits,alibi,456,noise,7,0.42448846263133194,0.38927525622254755,False,False
vits,alibi,456,adversarial,0,0.0,1.0,True,True
vits,alibi,456,adversarial,1,0.006413545585278191,1.0,False,True
vits,alibi,456,adversarial,2,0.016068665557219787,0.9956076134699854,False,True
vits,alibi,456,adversarial,3,0.03392406511589429,0.9513177159590043,False,True
vits,alibi,456,adversarial,4,0.06793609786643795,0.8063689604685211,False,True
vits,alibi,456,adversarial,5,0.10000757595991755,0.5541727672035139,False,True
vits,alibi,456,adversarial,6,0.16241053481321657,0.24560761346998536,False,True
vits,alibi,456,adversarial,7,0.2277792383736225,0.18521229868228403,False,True
vits,alibi,456,adversarial_raw,0,0.0,1.0,True,False
vits,alibi,456,adversarial_raw,1,0.006413545585278191,1.000732064421669,False,False
vits,alibi,456,adversarial_raw,2,0.016068665557219787,0.9956076134699854,False,False
vits,alibi,456,adversarial_raw,3,0.03392406511589429,0.9513177159590043,False,False
vits,alibi,456,adversarial_raw,4,0.06793609786643795,0.8063689604685211,False,False
vits,alibi,456,adversarial_raw,5,0.10000757595991755,0.5541727672035139,False,False
vits,alibi,456,adversarial_raw,6,0.16241053481321657,0.24560761346998536,False,False
vits,alibi,456,adversarial_raw,7,0.2277792383736225,0.18521229868228403,False,False
vits,alibi,789,noise,0,0.0,1.0,True,False
vits,alibi,789,noise,1,0.006048875174653202,0.9989082969432314,False,False
vits,alibi,789,noise,2,0.015107373933571635,0.9957423580786026,False,False
vits,alibi,789,noise,3,0.030121019016654992,0.9851892285298398,False,False
vits,alibi,789,noise,4,0.059721760511922115,0.9493813682678311,False,False
vits,alibi,789,noise,5,0.1452938300874546,0.748471615720524,False,False
vits,alibi,789,noise,6,0.28489649362228125,0.4473071324599709,False,False
vits,alibi,789,noise,7,0.42438284866683995,0.285080058224163,False,False
vits,alibi,789,adversarial,0,0.0,1.0,True,True
vits,alibi,789,adversarial,1,0.00689137449232673,0.9963609898107714,False,True
vits,alibi,789,adversarial,2,0.01713957627316076,0.9828966521106258,False,True
vits,alibi,789,adversarial,3,0.03328416548675138,0.9548762736535661,False,True
vits,alibi,789,adversarial,4,0.07817855959502984,0.7718340611353711,False,True
vits,alibi,789,adversarial,5,0.11106676771843553,0.4992721979621543,False,True
vits,alibi,789,adversarial,6,0.17086215589925757,0.1655749636098981,False,True
vits,alibi,789,adversarial,7,0.2426926769346969,0.09170305676855894,False,True
vits,alibi,789,adversarial_raw,0,0.0,1.0,True,False
vits,alibi,789,adversarial_raw,1,0.00689137449232673,0.9963609898107714,False,False
vits,alibi,789,adversarial_raw,2,0.01713957627316076,0.9828966521106258,False,False
vits,alibi,789,adversarial_raw,3,0.03328416548675138,0.9548762736535661,False,False
vits,alibi,789,adversarial_raw,4,0.07817855959502984,0.7718340611353711,False,False
vits,alibi,789,adversarial_raw,5,0.11106676771843553,0.4992721979621543,False,False
vits,alibi,789,adversarial_raw,6,0.17086215589925757,0.1655749636098981,False,False
vits,alibi,789,adversarial_raw,7,0.2426926769346969,0.09170305676855894,False,False
vits,alibi,1011,noise,0,0.0,1.0,True,False
vits,alibi,1011,noise,1,0.005947519009739962,0.9986535662299854,False,False
vits,alibi,1011,noise,2,0.014892550053282305,0.9941048034934499,False,False
vits,alibi,1011,noise,3,0.02982775324713626,0.9824963609898107,False,False
vits,alibi,1011,noise,4,0.05947653555212412,0.9406113537117904,False,False
vits,alibi,1011,noise,5,0.14432772891916332,0.7328966521106259,False,False
vits,alibi,1011,noise,6,0.28277650416173444,0.4296215429403202,False,False
vits,alibi,1011,noise,7,0.42146518511086206,0.25836972343522563,False,False
vits,alibi,1011,adversarial,0,0.0,1.0,True,True
vits,alibi,1011,adversarial,1,0.0065574394597392414,0.9941775836972343,False,True
vits,alibi,1011,adversarial,2,0.016930452179746158,0.9814410480349344,False,True
vits,alibi,1011,adversarial,3,0.03442522406899891,0.9395924308588064,False,True
vits,alibi,1011,adversarial,4,0.06873414577214902,0.7856622998544396,False,True
vits,alibi,1011,adversarial,5,0.10185151667123732,0.5338427947598253,False,True
vits,alibi,1011,adversarial,6,0.1580701346052934,0.17321688500727803,False,True
vits,alibi,1011,adversarial,7,0.23964452224489274,0.06695778748180495,False,True
vits,alibi,1011,adversarial_raw,0,0.0,1.0,True,False
vits,alibi,1011,adversarial_raw,1,0.0065574394597392414,0.9941775836972343,False,False
vits,alibi,1011,adversarial_raw,2,0.016930452179746158,0.9814410480349344,False,False
vits,alibi,1011,adversarial_raw,3,0.03442522406899891,0.9395924308588064,False,False
vits,alibi,1011,adversarial_raw,4,0.06873414577214902,0.7856622998544396,False,False
vits,alibi,1011,adversarial_raw,5,0.10185151667123732,0.5338427947598253,False,False
vits,alibi,1011,adversarial_raw,6,0.1580701346052934,0.17321688500727803,False,False
vits,alibi,1011,adversarial_raw,7,0.23964452224489274,0.06695778748180495,False,False
vits,alibi,1213,noise,0,0.0,1.0,True,False
vits,alibi,1213,noise,1,0.005778396721895948,0.9983168679107208,False,False
vits,alibi,1213,noise,2,0.01445393969844155,0.9956824002927187,False,False
vits,alibi,1213,noise,3,0.0289263793622073,0.9890962312477132,False,False
vits,alibi,1213,noise,4,0.05787333362934897,0.9701427003293086,False,False
vits,alibi,1213,noise,5,0.14418590978792722,0.7833150384193195,False,False
vits,alibi,1213,noise,6,0.2855715537572265,0.3521405049396268,False,False
vits,alibi,1213,noise,7,0.4252227806191171,0.19066959385290888,False,False
vits,alibi,1213,adversarial,0,0.0,1.0,True,True
vits,alibi,1213,adversarial,1,0.0063397366936585,0.9974387120380535,False,True
vits,alibi,1213,adversarial,2,0.01565254214767155,0.9923161361141603,False,True
vits,alibi,1213,adversarial,3,0.03357144914065429,0.9601170874496889,False,True
vits,alibi,1213,adversarial,4,0.06837541602372003,0.8020490303695573,False,True
vits,alibi,1213,adversarial,5,0.10087879721001573,0.5506769118185145,False,True
vits,alibi,1213,adversarial,6,0.16160700026996067,0.2074643249176729,False,True
vits,alibi,1213,adversarial,7,0.24617401697936395,0.08269301134284669,False,True
vits,alibi,1213,adversarial_raw,0,0.0,1.0,True,False
vits,alibi,1213,adversarial_raw,1,0.0063397366936585,0.9974387120380535,False,False
vits,alibi,1213,adversarial_raw,2,0.01565254214767155,0.9923161361141603,False,False
vits,alibi,1213,adversarial_raw,3,0.03357144914065429,0.9601170874496889,False,False
vits,alibi,1213,adversarial_raw,4,0.06837541602372003,0.8020490303695573,False,False
vits,alibi,1213,adversarial_raw,5,0.10087879721001573,0.5506769118185145,False,False
vits,alibi,1213,adversarial_raw,6,0.16160700026996067,0.2074643249176729,False,False
vits,alibi,1213,adversarial_raw,7,0.24617401697936395,0.08269301134284669,False,False
