scope,endpoint_multiplier,endpoint,architecture,family,seed,noise_nauc,adversarial_nauc,adversarial_raw_nauc,gap,raw_gap
cross,1.0,0.07923839733806452,vitb,learned,42,0.9996063290139919,0.9975815158045512,0.9977629694821535,0.002024813209440701,0.001843359531838451
cross,0.9,0.07131455760425807,vitb,learned,42,0.9997649316073594,0.9980769986153778,0.9982786138127134,0.0016879329919815556,0.0014863177946459194
cross,0.75,0.05942879800354839,vitb,learned,42,0.9999512945941629,0.9986586142590934,0.9989005524958964,0.0012926803350694627,0.0010507420982664994
vitb,1.0,0.0957481143921283,vitb,learned,42,0.9991925814169189,0.9963773004631183,0.9965274663300452,0.0028152809538005696,0.002665115086873726
vitb,0.9,0.08617330295291548,vitb,learned,42,0.9994466870299439,0.9970990954037069,0.9972659463669589,0.002347591626236989,0.0021807406629850146
vitb,0.75,0.07181108579409623,vitb,learned,42,0.9997558119580973,0.9980480451882813,0.9982482663441835,0.0017077667698159882,0.0015075456139137522
cross,1.0,0.07923839733806452,vitb,learned,123,0.997476460145329,0.99494987965253,0.99494987965253,0.002526580492798969,0.002526580492798969
cross,0.9,0.07131455760425807,vitb,learned,123,0.9977890123965961,0.9956181287616078,0.9956181287616078,0.0021708836349882965,0.0021708836349882965
cross,0.75,0.05942879800354839,vitb,learned,123,0.9982692354684969,0.9965427135435909,0.9965427135435909,0.001726521924905966,0.001726521924905966
vitb,1.0,0.0957481143921283,vitb,learned,123,0.9968430920790665,0.9935229464691342,0.9935229464691342,0.0033201456099323234,0.0033201456099323234
vitb,0.9,0.08617330295291548,vitb,learned,123,0.9972076459115774,0.9943540324492363,0.9943540324492363,0.0028536134623411424,0.0028536134623411424
vitb,0.75,0.07181108579409623,vitb,learned,123,0.9977692619843349,0.9955771794723797,0.9955771794723797,0.00219208251195524,0.00219208251195524
cross,1.0,0.07923839733806452,vitb,learned,456,0.9987985764347522,0.990646994260715,0.990646994260715,0.00815158217403722,0.00815158217403722
cross,0.9,0.07131455760425807,vitb,learned,456,0.9990280521459802,0.9912686841335658,0.9912686841335658,0.0077593680124143916,0.0077593680124143916
cross,0.75,0.05942879800354839,vitb,learned,456,0.9993840193941342,0.9920641747499725,0.9920641747499725,0.007319844644161688,0.007319844644161688
vitb,1.0,0.0957481143921283,vitb,learned,456,0.9983989722251917,0.9889269596301936,0.9889269596301936,0.00947201259499808,0.00947201259499808
vitb,0.9,0.08617330295291548,vitb,learned,456,0.9986278154497998,0.989939894968085,0.989939894968085,0.00868792048171485,0.00868792048171485
vitb,0.75,0.07181108579409623,vitb,learned,456,0.9990123761693875,0.9912378225828534,0.9912378225828534,0.0077745535865341164,0.0077745535865341164
cross,1.0,0.07923839733806452,vitb,learned,789,0.9991873872421198,0.9941256500770992,0.9941256500770992,0.005061737165020563,0.005061737165020563
cross,0.9,0.07131455760425807,vitb,learned,789,0.9992465194433198,0.994968591866422,0.994968591866422,0.004277927576897822,0.004277927576897822
cross,0.75,0.05942879800354839,vitb,learned,789,0.9993251529632146,0.9962003579794902,0.9962003579794902,0.0031247949837243105,0.0031247949837243105
vitb,1.0,0.0957481143921283,vitb,learned,789,0.9990238021053568,0.9923168099827262,0.9923168099827262,0.006706992122630595,0.006706992122630595
vitb,0.9,0.08617330295291548,vitb,learned,789,0.9991221672348203,0.9933782769708707,0.9933782769708707,0.005743890263949614,0.005743890263949614
vitb,0.75,0.07181108579409623,vitb,learned,789,0.9992433924705102,0.9949161847426372,0.9949161847426372,0.004327207727872984,0.004327207727872984
cross,1.0,0.07923839733806452,vitb,learned,1011,0.9974368139653962,0.9935822054711331,0.9936437115873489,0.003854608494263112,0.0037931023780473083
cross,0.9,0.07131455760425807,vitb,learned,1011,0.997745889607197,0.9943221583527299,0.9943904984818586,0.003423731254467155,0.003355391125338447
cross,0.75,0.05942879800354839,vitb,learned,1011,0.9981556247759144,0.9953307688263094,0.995412776981264,0.0028248559496049097,0.0027428477946503937
vitb,1.0,0.0957481143921283,vitb,learned,1011,0.996744061413605,0.9919280225966435,0.9919789232969483,0.004816038816961576,0.004765138116656797
vitb,0.9,0.08617330295291548,vitb,learned,1011,0.9971462394108351,0.9929026848576692,0.9929592411913413,0.00424355455316594,0.004186998219493865
vitb,0.75,0.07181108579409623,vitb,learned,1011,0.9977274145652606,0.9942771617651701,0.9943450293655767,0.003450252800090481,0.003382385199683924
cross,1.0,0.07923839733806452,vitb,learned,1213,0.9974981227927152,0.995818960912401,0.995818960912401,0.0016791618803142505,0.0016791618803142505
cross,0.9,0.07131455760425807,vitb,learned,1213,0.9979598055461756,0.9963918860798896,0.9963918860798896,0.001567919466285983,0.001567919466285983
cross,0.75,0.05942879800354839,vitb,learned,1213,0.9986157867703244,0.9971949346515022,0.9971949346515022,0.0014208521188221468,0.0014208521188221468
vitb,1.0,0.0957481143921283,vitb,learned,1213,0.9965247617462624,0.9945653324022665,0.9945653324022665,0.0019594293439958443,0.0019594293439958443
vitb,0.9,0.08617330295291548,vitb,learned,1213,0.9970865970775032,0.995300535475419,0.995300535475419,0.0017860616020842768,0.0017860616020842768
vitb,0.75,0.07181108579409623,vitb,learned,1213,0.9979313534619,0.996356715393593,0.996356715393593,0.0015746380683069328,0.0015746380683069328
cross,1.0,0.07923839733806452,vitb,sinusoidal,42,0.9991888578031003,0.8884869248770102,0.8884869248770102,0.1107019329260901,0.1107019329260901
cross,0.9,0.07131455760425807,vitb,sinusoidal,42,0.9991366543643937,0.9168884840171967,0.9168884840171967,0.082248170347197,0.082248170347197
cross,0.75,0.05942879800354839,vitb,sinusoidal,42,0.9990722169058075,0.9440122283501351,0.9440122283501351,0.0550599885556724,0.0550599885556724
vitb,1.0,0.0957481143921283,vitb,sinusoidal,42,0.9992745084734497,0.7934973202521469,0.7934973202521469,0.20577718822130275,0.20577718822130275
vitb,0.9,0.08617330295291548,vitb,sinusoidal,42,0.9992387315091865,0.8544225965080746,0.8544225965080746,0.1448161350011119,0.1448161350011119
vitb,0.75,0.07181108579409623,vitb,sinusoidal,42,0.9991397458104592,0.9153199759021008,0.9153199759021008,0.08381976990835838,0.08381976990835838
cross,1.0,0.07923839733806452,vitb,sinusoidal,123,0.9987237492678716,0.9072577632799039,0.9072577632799039,0.09146598598796762,0.09146598598796762
cross,0.9,0.07131455760425807,vitb,sinusoidal,123,0.9987649675144834,0.925327149368846,0.925327149368846,0.07343781814563743,0.07343781814563743
cross,0.75,0.05942879800354839,vitb,sinusoidal,123,0.9988239537695399,0.9469319104297288,0.9469319104297288,0.05189204333981112,0.05189204333981112
vitb,1.0,0.0957481143921283,vitb,sinusoidal,123,0.9986065193071079,0.8309370441968051,0.8312013151563352,0.16766947511030272,0.16740520415077265
vitb,0.9,0.08617330295291548,vitb,sinusoidal,123,0.9986867946080257,0.8832534679706696,0.8832534679706696,0.11543332663735606,0.11543332663735606
vitb,0.75,0.07181108579409623,vitb,sinusoidal,123,0.9987624215001445,0.9243187125177499,0.9243187125177499,0.07444370898239461,0.07444370898239461
cross,1.0,0.07923839733806452,vitb,sinusoidal,456,0.998452508489184,0.9185321640274888,0.9185321640274888,0.07992034446169516,0.07992034446169516
cross,0.9,0.07131455760425807,vitb,sinusoidal,456,0.9986340283628892,0.9325894810478952,0.9325894810478952,0.06604454731499398,0.06604454731499398
cross,0.75,0.05942879800354839,vitb,sinusoidal,456,0.998910937997405,0.9489540572491462,0.9489540572491462,0.04995688074825888,0.04995688074825888
vitb,1.0,0.0957481143921283,vitb,sinusoidal,456,0.9980661077618139,0.863304652904487,0.863304652904487,0.13476145485732693,0.13476145485732693
vitb,0.9,0.08617330295291548,vitb,sinusoidal,456,0.9982950405487137,0.9031241800230424,0.9031241800230424,0.09517086052567125,0.09517086052567125
vitb,0.75,0.07181108579409623,vitb,sinusoidal,456,0.9986225938478026,0.9317698130600901,0.9317698130600901,0.0668527807877125,0.0668527807877125
cross,1.0,0.07923839733806452,vitb,sinusoidal,789,0.9967084504848605,0.9095927501116526,0.9095927501116526,0.08711570037320782,0.08711570037320782
cross,0.9,0.07131455760425807,vitb,sinusoidal,789,0.9969783978595338,0.925976908429272,0.925976908429272,0.07100148943026174,0.07100148943026174
cross,0.75,0.05942879800354839,vitb,sinusoidal,789,0.9974013451795036,0.9403871772529893,0.9403871772529893,0.05701416792651437,0.05701416792651437
vitb,1.0,0.0957481143921283,vitb,sinusoidal,789,0.9961550750387376,0.8388516685849869,0.8388516685849869,0.15730340645375063,0.15730340645375063
vitb,0.9,0.08617330295291548,vitb,sinusoidal,789,0.9964776345067041,0.8895291213180403,0.8895291213180403,0.10694851318866383,0.10694851318866383
vitb,0.75,0.07181108579409623,vitb,sinusoidal,789,0.9969612486025493,0.9251298248142824,0.9251298248142824,0.0718314237882669,0.0718314237882669
cross,1.0,0.07923839733806452,vitb,sinusoidal,1011,0.9980889379985524,0.8986023520092514,0.8986023520092514,0.09948658598930094,0.09948658598930094
cross,0.9,0.07131455760425807,vitb,sinusoidal,1011,0.9983050109289068,0.920308842572761,0.920308842572761,0.07799616835614576,0.07799616835614576
cross,0.75,0.05942879800354839,vitb,sinusoidal,1011,0.9985886102362244,0.9406327793463686,0.9406327793463686,0.057955830889855786,0.057955830889855786
vitb,1.0,0.0957481143921283,vitb,sinusoidal,1011,0.9975897232168345,0.8144511565111089,0.8144511565111089,0.1831385667057256,0.1831385667057256
vitb,0.9,0.08617330295291548,vitb,sinusoidal,1011,0.9978876053818774,0.8715338706300384,0.8715338706300384,0.12635373475183898,0.12635373475183898
vitb,0.75,0.07181108579409623,vitb,sinusoidal,1011,0.9982919963424691,0.9191174644647693,0.9191174644647693,0.07917453187769985,0.07917453187769985
cross,1.0,0.07923839733806452,vitb,sinusoidal,1213,0.9995160534474555,0.8980765530316357,0.8980765530316357,0.10143950041581984,0.10143950041581984
cross,0.9,0.07131455760425807,vitb,sinusoidal,1213,0.9995030332214847,0.920084887974092,0.920084887974092,0.07941814524739266,0.07941814524739266
cross,0.75,0.05942879800354839,vitb,sinusoidal,1213,0.9994785547669539,0.9427980386822811,0.9427980386822811,0.05668051608467284,0.05668051608467284
vitb,1.0,0.0957481143921283,vitb,sinusoidal,1213,0.9995087191265934,0.8147468519412644,0.8147468519412644,0.18476186718532905,0.18476186718532905
vitb,0.9,0.08617330295291548,vitb,sinusoidal,1213,0.9995259552579153,0.8706979166722612,0.8706979166722612,0.12882803858565417,0.12882803858565417
vitb,0.75,0.07181108579409623,vitb,sinusoidal,1213,0.9995039132407642,0.9188422638662986,0.9188422638662986,0.08066164937446552,0.08066164937446552
cross,1.0,0.07923839733806452,vitb,rope,42,0.998502624895095,0.9706454288469716,0.9706454288469716,0.027857196048123423,0.027857196048123423
cross,0.9,0.07131455760425807,vitb,rope,42,0.9985972124754128,0.9769379203543811,0.9769379203543811,0.02165929212103168,0.02165929212103168
cross,0.75,0.05942879800354839,vitb,rope,42,0.9987516949516829,0.9851026245041711,0.9851026245041711,0.013649070447511846,0.013649070447511846
vitb,1.0,0.0957481143921283,vitb,rope,42,0.9983189467558753,0.9524135604442998,0.9524135604442998,0.04590538631157548,0.04590538631157548
vitb,0.9,0.08617330295291548,vitb,rope,42,0.9984236455423303,0.9640518101260686,0.9640518101260686,0.034371835416261765,0.034371835416261765
vitb,0.75,0.07181108579409623,vitb,rope,42,0.9985911220362846,0.9765601309014859,0.9765601309014859,0.022030991134798783,0.022030991134798783
cross,1.0,0.07923839733806452,vitb,rope,123,0.9990869333711553,0.9642176671767627,0.9642176671767627,0.03486926619439257,0.03486926619439257
cross,0.9,0.07131455760425807,vitb,rope,123,0.9991554042709061,0.9728467022982838,0.9728467022982838,0.02630870197262225,0.02630870197262225
cross,0.75,0.05942879800354839,vitb,rope,123,0.9992657525570987,0.9836825644276199,0.9836825644276199,0.015583188129478787,0.015583188129478787
vitb,1.0,0.0957481143921283,vitb,rope,123,0.9989523971396413,0.9342185606762672,0.9342185606762672,0.06473383646337416,0.06473383646337416
vitb,0.9,0.08617330295291548,vitb,rope,123,0.9990293144454013,0.9535901705155013,0.9535901705155013,0.045439143929900006,0.045439143929900006
vitb,0.75,0.07181108579409623,vitb,rope,123,0.9991510146518859,0.972343095716783,0.972343095716783,0.026807918935102926,0.026807918935102926
cross,1.0,0.07923839733806452,vitb,rope,456,0.9994528244179969,0.9687257646461788,0.9690838506548396,0.03072705977181811,0.03036897376315728
cross,0.9,0.07131455760425807,vitb,rope,456,0.9995160027049383,0.9763356199263078,0.9767334932692642,0.02318038277863055,0.02278250943567417
cross,0.75,0.05942879800354839,vitb,rope,456,0.9996049222235844,0.9863084384821805,0.9867858864937283,0.013296483741403908,0.012819035729856099
vitb,1.0,0.0957481143921283,vitb,rope,456,0.9993149707121862,0.9429567260730759,0.9432530677986085,0.05635824463911032,0.05606190291357771
vitb,0.9,0.08617330295291548,vitb,rope,456,0.9993957660900831,0.9600807074312413,0.9604099760151664,0.03931505865884177,0.03898579007491665
vitb,0.75,0.07181108579409623,vitb,rope,456,0.9995121195926295,0.9758774578259043,0.9762725801266144,0.02363466176672524,0.02323953946601509
cross,1.0,0.07923839733806452,vitb,rope,789,0.9996215564386751,0.9524703163583731,0.9524703163583731,0.047151240080302026,0.047151240080302026
cross,0.9,0.07131455760425807,vitb,rope,789,0.9997077341161982,0.9639850156030145,0.9639850156030145,0.03572271851318365,0.03572271851318365
cross,0.75,0.05942879800354839,vitb,rope,789,0.9998201509683013,0.9775064121016831,0.9775064121016831,0.02231373886661825,0.02231373886661825
vitb,1.0,0.0957481143921283,vitb,rope,789,0.999424083255243,0.9129180481271496,0.9129180481271496,0.0865060351280934,0.0865060351280934
vitb,0.9,0.08617330295291548,vitb,rope,789,0.9995410486368282,0.9380893053816766,0.9380893053816766,0.06145174325515168,0.06145174325515168
vitb,0.75,0.07181108579409623,vitb,rope,789,0.9997025524096873,0.9633758707442971,0.9633758707442971,0.036326681665390215,0.036326681665390215
cross,1.0,0.07923839733806452,vitb,rope,1011,0.9987161722293443,0.9775157526141587,0.9775157526141587,0.021200419615185595,0.021200419615185595
cross,0.9,0.07131455760425807,vitb,rope,1011,0.9988460350842786,0.9835514720465712,0.9835514720465712,0.015294563037707376,0.015294563037707376
cross,0.75,0.05942879800354839,vitb,rope,1011,0.999036882314147,0.9906784744492031,0.9906784744492031,0.008358407864943906,0.008358407864943906
vitb,1.0,0.0957481143921283,vitb,rope,1011,0.9984413992299678,0.9619539429939024,0.9619539429939024,0.03648745623606542,0.03648745623606542
vitb,0.9,0.08617330295291548,vitb,rope,1011,0.9986013256074465,0.9716518462365967,0.9716518462365967,0.026949479370849794,0.026949479370849794
vitb,0.75,0.07181108579409623,vitb,rope,1011,0.9988379487060278,0.9831982309870333,0.9831982309870333,0.015639717718994528,0.015639717718994528
cross,1.0,0.07923839733806452,vitb,rope,1213,0.9996241353198703,0.9677872099858601,0.9677872099858601,0.03183692533401017,0.03183692533401017
cross,0.9,0.07131455760425807,vitb,rope,1213,0.9996948262528101,0.9755699070743887,0.9755699070743887,0.02412491917842141,0.02412491917842141
cross,0.75,0.05942879800354839,vitb,rope,1213,0.9997635675360683,0.9854041924353495,0.9854041924353495,0.01435937510071883,0.01435937510071883
vitb,1.0,0.0957481143921283,vitb,rope,1213,0.9994371881639547,0.9428367901090118,0.9428367901090118,0.05660039805494288,0.05660039805494288
vitb,0.9,0.08617330295291548,vitb,rope,1213,0.9995510106477435,0.9586225317650907,0.9586225317650907,0.04092847888265283,0.04092847888265283
vitb,0.75,0.07181108579409623,vitb,rope,1213,0.9996908800033956,0.9751224488513537,0.9751224488513537,0.02456843115204188,0.02456843115204188
cross,1.0,0.07923839733806452,vitb,alibi,42,0.9724984047128881,0.860025442968119,0.860025442968119,0.11247296174476906,0.11247296174476906
cross,0.9,0.07131455760425807,vitb,alibi,42,0.9771605720327587,0.885766154177603,0.885766154177603,0.09139441785515579,0.09139441785515579
cross,0.75,0.05942879800354839,vitb,alibi,42,0.9836384382713698,0.919201483818252,0.919201483818252,0.06443695445311781,0.06443695445311781
vitb,1.0,0.0957481143921283,vitb,alibi,42,0.9622364932915125,0.8017610143421727,0.8017610143421727,0.16047547894933978,0.16047547894933978
vitb,0.9,0.08617330295291548,vitb,alibi,42,0.9682625466936199,0.8361564068733246,0.8361564068733246,0.1321061398202953,0.1321061398202953
vitb,0.75,0.07181108579409623,vitb,alibi,42,0.9768751091450852,0.8842202923911239,0.8842202923911239,0.09265481675396137,0.09265481675396137
cross,1.0,0.07923839733806452,vitb,alibi,123,0.9639627588243925,0.8634601102143824,0.8634601102143824,0.10050264861001013,0.10050264861001013
cross,0.9,0.07131455760425807,vitb,alibi,123,0.9710492129028849,0.8885828574217746,0.8885828574217746,0.08246635548111036,0.08246635548111036
cross,0.75,0.05942879800354839,vitb,alibi,123,0.9805159619653988,0.9212206977757461,0.9212206977757461,0.0592952641896527,0.0592952641896527
vitb,1.0,0.0957481143921283,vitb,alibi,123,0.9479611325873762,0.8048085647249142,0.8048085647249142,0.143152567862462,0.143152567862462
vitb,0.9,0.08617330295291548,vitb,alibi,123,0.9574097358975119,0.8397107354577854,0.8397107354577854,0.11769900043972648,0.11769900043972648
vitb,0.75,0.07181108579409623,vitb,alibi,123,0.9706202315990546,0.8870800873658802,0.8870800873658802,0.08354014423317446,0.08354014423317446
cross,1.0,0.07923839733806452,vitb,alibi,456,0.9692449181893493,0.8672598745910122,0.8672598745910122,0.10198504359833716,0.10198504359833716
cross,0.9,0.07131455760425807,vitb,alibi,456,0.974962891719493,0.8924641519111168,0.8924641519111168,0.08249873980837619,0.08249873980837619
cross,0.75,0.05942879800354839,vitb,alibi,456,0.9827342001192421,0.9240237676981462,0.9240237676981462,0.05871043242109586,0.05871043242109586
vitb,1.0,0.0957481143921283,vitb,alibi,456,0.9564745159861782,0.8089149931891448,0.8089149931891448,0.14755952279703333,0.14755952279703333
vitb,0.9,0.08617330295291548,vitb,alibi,456,0.9639974160841263,0.8434885949756635,0.8434885949756635,0.12050882110846273,0.12050882110846273
vitb,0.75,0.07181108579409623,vitb,alibi,456,0.9746150317954466,0.8909732504924167,0.8909732504924167,0.0836417813030299,0.0836417813030299
cross,1.0,0.07923839733806452,vitb,alibi,789,0.978240720247382,0.8721616794325445,0.8721616794325445,0.10607904081483743,0.10607904081483743
cross,0.9,0.07131455760425807,vitb,alibi,789,0.9818217155538529,0.8962800808400666,0.8962800808400666,0.08554163471378629,0.08554163471378629
cross,0.75,0.05942879800354839,vitb,alibi,789,0.9868104735334589,0.9276958946764144,0.9276958946764144,0.05911457885704441,0.05911457885704441
vitb,1.0,0.0957481143921283,vitb,alibi,789,0.9703725426060524,0.8147325904750318,0.8147325904750318,0.15563995213102066,0.15563995213102066
vitb,0.9,0.08617330295291548,vitb,alibi,789,0.9749911346692184,0.8490631999184167,0.8490631999184167,0.12592793475080166,0.12592793475080166
vitb,0.75,0.07181108579409623,vitb,alibi,789,0.981602282255594,0.894836303142123,0.894836303142123,0.08676597911347095,0.08676597911347095
cross,1.0,0.07923839733806452,vitb,alibi,1011,0.9629597123698531,0.8524879838332641,0.8524879838332641,0.11047172853658904,0.11047172853658904
cross,0.9,0.07131455760425807,vitb,alibi,1011,0.9694745921692368,0.8794768931716268,0.8794768931716268,0.08999769899761001,0.08999769899761001
cross,0.75,0.05942879800354839,vitb,alibi,1011,0.9784189757667586,0.9145195079676103,0.9145195079676103,0.06389946779914835,0.06389946779914835
vitb,1.0,0.0957481143921283,vitb,alibi,1011,0.948505219347634,0.7941784561410845,0.7941784561410845,0.15432676320654948,0.15432676320654948
vitb,0.9,0.08617330295291548,vitb,alibi,1011,0.9570080360509707,0.8280588819570284,0.8280588819570284,0.12894915409394236,0.12894915409394236
vitb,0.75,0.07181108579409623,vitb,alibi,1011,0.9690770848996147,0.8778611883268818,0.8778611883268818,0.09121589657273299,0.09121589657273299
cross,1.0,0.07923839733806452,vitb,alibi,1213,0.9639223807713172,0.9054661762141026,0.9054661762141026,0.058456204557214564,0.058456204557214564
cross,0.9,0.07131455760425807,vitb,alibi,1213,0.9707977557593659,0.9234989350070577,0.9234989350070577,0.04729882075230818,0.04729882075230818
cross,0.75,0.05942879800354839,vitb,alibi,1213,0.9799662145107814,0.9448976732750859,0.9448976732750859,0.03506854123569547,0.03506854123569547
vitb,1.0,0.0957481143921283,vitb,alibi,1213,0.9483800384536875,0.8540845017886842,0.8540845017886842,0.09429553666500323,0.09429553666500323
vitb,0.9,0.08617330295291548,vitb,alibi,1213,0.9575596250348102,0.8852379549030213,0.8852379549030213,0.07232167013178892,0.07232167013178892
vitb,0.75,0.07181108579409623,vitb,alibi,1213,0.9703817636393393,0.9225008224056276,0.9225008224056276,0.04788094123371167,0.04788094123371167
cross,1.0,0.07923839733806452,vits,learned,42,0.9979403363756753,0.9209119814868721,0.9209119814868721,0.07702835488880311,0.07702835488880311
cross,0.9,0.07131455760425807,vits,learned,42,0.9981774526599819,0.936583155726443,0.936583155726443,0.061594296933538906,0.061594296933538906
cross,0.75,0.05942879800354839,vits,learned,42,0.9985236635547987,0.9555098007756383,0.9555098007756383,0.04301386277916042,0.04301386277916042
vits,1.0,0.07923839733806452,vits,learned,42,0.9979403363756753,0.9209119814868721,0.9209119814868721,0.07702835488880311,0.07702835488880311
vits,0.9,0.07131455760425807,vits,learned,42,0.9981774526599819,0.936583155726443,0.936583155726443,0.061594296933538906,0.061594296933538906
vits,0.75,0.05942879800354839,vits,learned,42,0.9985236635547987,0.9555098007756383,0.9555098007756383,0.04301386277916042,0.04301386277916042
cross,1.0,0.07923839733806452,vits,learned,123,0.9985251437177247,0.8213767061703275,0.8213767061703275,0.17714843754739718,0.17714843754739718
cross,0.9,0.07131455760425807,vits,learned,123,0.9986682982043309,0.8659585224606111,0.8659585224606111,0.13270977574371978,0.13270977574371978
cross,0.75,0.05942879800354839,vits,learned,123,0.9988659671776116,0.9191898376583608,0.9191898376583608,0.07967612951925074,0.07967612951925074
vits,1.0,0.07923839733806452,vits,learned,123,0.9985251437177247,0.8213767061703275,0.8213767061703275,0.17714843754739718,0.17714843754739718
vits,0.9,0.07131455760425807,vits,learned,123,0.9986682982043309,0.8659585224606111,0.8659585224606111,0.13270977574371978,0.13270977574371978
vits,0.75,0.05942879800354839,vits,learned,123,0.9988659671776116,0.9191898376583608,0.9191898376583608,0.07967612951925074,0.07967612951925074
cross,1.0,0.07923839733806452,vits,learned,456,0.9980543933452942,0.8570417300386447,0.8570417300386447,0.14101266330664952,0.14101266330664952
cross,0.9,0.07131455760425807,vits,learned,456,0.998245246597082,0.8922356904136698,0.8922356904136698,0.10600955618341223,0.10600955618341223
cross,0.75,0.05942879800354839,vits,learned,456,0.9985231618771458,0.9265464697458464,0.9265464697458464,0.07197669213129942,0.07197669213129942
vits,1.0,0.07923839733806452,vits,learned,456,0.9980543933452942,0.8570417300386447,0.8570417300386447,0.14101266330664952,0.14101266330664952
vits,0.9,0.07131455760425807,vits,learned,456,0.998245246597082,0.8922356904136698,0.8922356904136698,0.10600955618341223,0.10600955618341223
vits,0.75,0.05942879800354839,vits,learned,456,0.9985231618771458,0.9265464697458464,0.9265464697458464,0.07197669213129942,0.07197669213129942
cross,1.0,0.07923839733806452,vits,learned,789,0.9968709261002507,0.818017679457555,0.818017679457555,0.17885324664269575,0.17885324664269575
cross,0.9,0.07131455760425807,vits,learned,789,0.997122367475868,0.8558548498341978,0.8558548498341978,0.14126751764167023,0.14126751764167023
cross,0.75,0.05942879800354839,vits,learned,789,0.9975200315156167,0.9073142454495374,0.9073142454495374,0.09020578606607932,0.09020578606607932
vits,1.0,0.07923839733806452,vits,learned,789,0.9968709261002507,0.818017679457555,0.818017679457555,0.17885324664269575,0.17885324664269575
vits,0.9,0.07131455760425807,vits,learned,789,0.997122367475868,0.8558548498341978,0.8558548498341978,0.14126751764167023,0.14126751764167023
vits,0.75,0.05942879800354839,vits,learned,789,0.9975200315156167,0.9073142454495374,0.9073142454495374,0.09020578606607932,0.09020578606607932
cross,1.0,0.07923839733806452,vits,learned,1011,0.9988926798565607,0.8416013502140115,0.8416013502140115,0.15729132964254922,0.15729132964254922
cross,0.9,0.07131455760425807,vits,learned,1011,0.999031009235984,0.8790271120857825,0.8790271120857825,0.12000389715020143,0.12000389715020143
cross,0.75,0.05942879800354839,vits,learned,1011,0.9992181216413383,0.919814573020173,0.919814573020173,0.07940354862116528,0.07940354862116528
vits,1.0,0.07923839733806452,vits,learned,1011,0.9988926798565607,0.8416013502140115,0.8416013502140115,0.15729132964254922,0.15729132964254922
vits,0.9,0.07131455760425807,vits,learned,1011,0.999031009235984,0.8790271120857825,0.8790271120857825,0.12000389715020143,0.12000389715020143
vits,0.75,0.05942879800354839,vits,learned,1011,0.9992181216413383,0.919814573020173,0.919814573020173,0.07940354862116528,0.07940354862116528
cross,1.0,0.07923839733806452,vits,learned,1213,0.9981877891918732,0.8466720997079408,0.8466720997079408,0.15151568948393246,0.15151568948393246
cross,0.9,0.07131455760425807,vits,learned,1213,0.9983823077926168,0.8841992401894163,0.8841992401894163,0.11418306760320052,0.11418306760320052
cross,0.75,0.05942879800354839,vits,learned,1213,0.9986790675822207,0.927420232495233,0.927420232495233,0.07125883508698772,0.07125883508698772
vits,1.0,0.07923839733806452,vits,learned,1213,0.9981877891918732,0.8466720997079408,0.8466720997079408,0.15151568948393246,0.15151568948393246
vits,0.9,0.07131455760425807,vits,learned,1213,0.9983823077926168,0.8841992401894163,0.8841992401894163,0.11418306760320052,0.11418306760320052
vits,0.75,0.05942879800354839,vits,learned,1213,0.9986790675822207,0.927420232495233,0.927420232495233,0.07125883508698772,0.07125883508698772
cross,1.0,0.07923839733806452,vits,sinusoidal,42,0.997466114892937,0.7969506627592059,0.7969506627592059,0.20051545213373112,0.20051545213373112
cross,0.9,0.07131455760425807,vits,sinusoidal,42,0.9977429329598646,0.8381734119441429,0.8381734119441429,0.15956952101572175,0.15956952101572175
cross,0.75,0.05942879800354839,vits,sinusoidal,42,0.9981272444275694,0.8856983703607786,0.8856983703607786,0.11242887406679081,0.11242887406679081
vits,1.0,0.07923839733806452,vits,sinusoidal,42,0.997466114892937,0.7969506627592059,0.7969506627592059,0.20051545213373112,0.20051545213373112
vits,0.9,0.07131455760425807,vits,sinusoidal,42,0.9977429329598646,0.8381734119441429,0.8381734119441429,0.15956952101572175,0.15956952101572175
vits,0.75,0.05942879800354839,vits,sinusoidal,42,0.9981272444275694,0.8856983703607786,0.8856983703607786,0.11242887406679081,0.11242887406679081
cross,1.0,0.07923839733806452,vits,sinusoidal,123,1.0001267395915265,0.7796427713905033,0.7796427713905033,0.22048396820102323,0.22048396820102323
cross,0.9,0.07131455760425807,vits,sinusoidal,123,1.0001437672872053,0.8232980916179422,0.8232980916179422,0.17684567566926312,0.17684567566926312
cross,0.75,0.05942879800354839,vits,sinusoidal,123,1.0000878776325983,0.8746107879431553,0.8746107879431553,0.12547708968944304,0.12547708968944304
vits,1.0,0.07923839733806452,vits,sinusoidal,123,1.0001267395915265,0.7796427713905033,0.7796427713905033,0.22048396820102323,0.22048396820102323
vits,0.9,0.07131455760425807,vits,sinusoidal,123,1.0001437672872053,0.8232980916179422,0.8232980916179422,0.17684567566926312,0.17684567566926312
vits,0.75,0.05942879800354839,vits,sinusoidal,123,1.0000878776325983,0.8746107879431553,0.8746107879431553,0.12547708968944304,0.12547708968944304
cross,1.0,0.07923839733806452,vits,sinusoidal,456,0.9995957483461291,0.7257530103938696,0.7292950570344233,0.27384273795225944,0.27030069131170575
cross,0.9,0.07131455760425807,vits,sinusoidal,456,0.9997382649755158,0.7823275280815154,0.7823275280815154,0.21741073689400037,0.21741073689400037
cross,0.75,0.05942879800354839,vits,sinusoidal,456,0.9999003884267683,0.846219358742382,0.846219358742382,0.15368102968438635,0.15368102968438635
vits,1.0,0.07923839733806452,vits,sinusoidal,456,0.9995957483461291,0.7257530103938696,0.7292950570344233,0.27384273795225944,0.27030069131170575
vits,0.9,0.07131455760425807,vits,sinusoidal,456,0.9997382649755158,0.7823275280815154,0.7823275280815154,0.21741073689400037,0.21741073689400037
vits,0.75,0.05942879800354839,vits,sinusoidal,456,0.9999003884267683,0.846219358742382,0.846219358742382,0.15368102968438635,0.15368102968438635
cross,1.0,0.07923839733806452,vits,sinusoidal,789,0.9977695344773642,0.812802613212941,0.812802613212941,0.18496692126442316,0.18496692126442316
cross,0.9,0.07131455760425807,vits,sinusoidal,789,0.9981464141735764,0.8488720836058801,0.8488720836058801,0.14927433056769635,0.14927433056769635
cross,0.75,0.05942879800354839,vits,sinusoidal,789,0.9986649812728433,0.8921485564545103,0.8921485564545103,0.10651642481833301,0.10651642481833301
vits,1.0,0.07923839733806452,vits,sinusoidal,789,0.9977695344773642,0.812802613212941,0.812802613212941,0.18496692126442316,0.18496692126442316
vits,0.9,0.07131455760425807,vits,sinusoidal,789,0.9981464141735764,0.8488720836058801,0.8488720836058801,0.14927433056769635,0.14927433056769635
vits,0.75,0.05942879800354839,vits,sinusoidal,789,0.9986649812728433,0.8921485564545103,0.8921485564545103,0.10651642481833301,0.10651642481833301
cross,1.0,0.07923839733806452,vits,sinusoidal,1011,0.9992997510865917,0.7666972167130234,0.7666972167130234,0.23260253437356837,0.23260253437356837
cross,0.9,0.07131455760425807,vits,sinusoidal,1011,0.9994316983801441,0.8093152458140926,0.8093152458140926,0.19011645256605147,0.19011645256605147
cross,0.75,0.05942879800354839,vits,sinusoidal,1011,0.9995799908142197,0.862221473662028,0.862221473662028,0.13735851715219172,0.13735851715219172
vits,1.0,0.07923839733806452,vits,sinusoidal,1011,0.9992997510865917,0.7666972167130234,0.7666972167130234,0.23260253437356837,0.23260253437356837
vits,0.9,0.07131455760425807,vits,sinusoidal,1011,0.9994316983801441,0.8093152458140926,0.8093152458140926,0.19011645256605147,0.19011645256605147
vits,0.75,0.05942879800354839,vits,sinusoidal,1011,0.9995799908142197,0.862221473662028,0.862221473662028,0.13735851715219172,0.13735851715219172
cross,1.0,0.07923839733806452,vits,sinusoidal,1213,0.9984504157714456,0.7163501269281903,0.7163501269281903,0.2821002888432552,0.2821002888432552
cross,0.9,0.07131455760425807,vits,sinusoidal,1213,0.9986149362767729,0.7681817475828757,0.7681817475828757,0.23043318869389717,0.23043318869389717
cross,0.75,0.05942879800354839,vits,sinusoidal,1213,0.9987669017140343,0.8369527353698281,0.8369527353698281,0.1618141663442062,0.1618141663442062
vits,1.0,0.07923839733806452,vits,sinusoidal,1213,0.9984504157714456,0.7163501269281903,0.7163501269281903,0.2821002888432552,0.2821002888432552
vits,0.9,0.07131455760425807,vits,sinusoidal,1213,0.9986149362767729,0.7681817475828757,0.7681817475828757,0.23043318869389717,0.23043318869389717
vits,0.75,0.05942879800354839,vits,sinusoidal,1213,0.9987669017140343,0.8369527353698281,0.8369527353698281,0.1618141663442062,0.1618141663442062
cross,1.0,0.07923839733806452,vits,rope,42,0.9979958558598933,0.8476366416655775,0.8476366416655775,0.15035921419431575,0.15035921419431575
cross,0.9,0.07131455760425807,vits,rope,42,0.9981347748665003,0.8882431860679783,0.8882431860679783,0.10989158879852201,0.10989158879852201
cross,0.75,0.05942879800354839,vits,rope,42,0.9983500219309722,0.9381338833095197,0.9381338833095197,0.060216138621452475,0.060216138621452475
vits,1.0,0.07923839733806452,vits,rope,42,0.9979958558598933,0.8476366416655775,0.8476366416655775,0.15035921419431575,0.15035921419431575
vits,0.9,0.07131455760425807,vits,rope,42,0.9981347748665003,0.8882431860679783,0.8882431860679783,0.10989158879852201,0.10989158879852201
vits,0.75,0.05942879800354839,vits,rope,42,0.9983500219309722,0.9381338833095197,0.9381338833095197,0.060216138621452475,0.060216138621452475
cross,1.0,0.07923839733806452,vits,rope,123,0.9998467395627475,0.9335867772194716,0.933839941647181,0.06625996234327591,0.06600679791556652
cross,0.9,0.07131455760425807,vits,rope,123,0.9999029105076405,0.9549580522332738,0.9552393460418398,0.04494485827436667,0.044663564465800665
cross,0.75,0.05942879800354839,vits,rope,123,0.9999758304144994,0.9711971674311218,0.9715347200014011,0.028778662983377612,0.02844111041309838
vits,1.0,0.07923839733806452,vits,rope,123,0.9998467395627475,0.9335867772194716,0.933839941647181,0.06625996234327591,0.06600679791556652
vits,0.9,0.07131455760425807,vits,rope,123,0.9999029105076405,0.9549580522332738,0.9552393460418398,0.04494485827436667,0.044663564465800665
vits,0.75,0.05942879800354839,vits,rope,123,0.9999758304144994,0.9711971674311218,0.9715347200014011,0.028778662983377612,0.02844111041309838
cross,1.0,0.07923839733806452,vits,rope,456,0.9987929588937595,0.8519708300203734,0.8519708300203734,0.14682212887338608,0.14682212887338608
cross,0.9,0.07131455760425807,vits,rope,456,0.9989440541196704,0.8926422481822527,0.8926422481822527,0.10630180593741767,0.10630180593741767
cross,0.75,0.05942879800354839,vits,rope,456,0.9991697011770927,0.943530426468851,0.943530426468851,0.055639274708241704,0.055639274708241704
vits,1.0,0.07923839733806452,vits,rope,456,0.9987929588937595,0.8519708300203734,0.8519708300203734,0.14682212887338608,0.14682212887338608
vits,0.9,0.07131455760425807,vits,rope,456,0.9989440541196704,0.8926422481822527,0.8926422481822527,0.10630180593741767,0.10630180593741767
vits,0.75,0.05942879800354839,vits,rope,456,0.9991697011770927,0.943530426468851,0.943530426468851,0.055639274708241704,0.055639274708241704
cross,1.0,0.07923839733806452,vits,rope,789,1.0000865940942987,0.8232463497812192,0.8234467225965516,0.17684024431307943,0.17663987149774707
cross,0.9,0.07131455760425807,vits,rope,789,1.0001015338336618,0.8749449011406284,0.875167537602109,0.12515663269303345,0.12493399623155288
cross,0.75,0.05942879800354839,vits,rope,789,1.0001163327745528,0.9394683837040569,0.9397355474578336,0.060647949070495866,0.0603807853167192
vits,1.0,0.07923839733806452,vits,rope,789,1.0000865940942987,0.8232463497812192,0.8234467225965516,0.17684024431307943,0.17663987149774707
vits,0.9,0.07131455760425807,vits,rope,789,1.0001015338336618,0.8749449011406284,0.875167537602109,0.12515663269303345,0.12493399623155288
vits,0.75,0.05942879800354839,vits,rope,789,1.0001163327745528,0.9394683837040569,0.9397355474578336,0.060647949070495866,0.0603807853167192
cross,1.0,0.07923839733806452,vits,rope,1011,0.9991491029302452,0.8917416804341652,0.8917416804341652,0.10740742249607993,0.10740742249607993
cross,0.9,0.07131455760425807,vits,rope,1011,0.9992637745480257,0.9244389009653782,0.9244389009653782,0.07482487358264756,0.07482487358264756
cross,0.75,0.05942879800354839,vits,rope,1011,0.9994198199941412,0.9602876745995172,0.9602876745995172,0.03913214539462395,0.03913214539462395
vits,1.0,0.07923839733806452,vits,rope,1011,0.9991491029302452,0.8917416804341652,0.8917416804341652,0.10740742249607993,0.10740742249607993
vits,0.9,0.07131455760425807,vits,rope,1011,0.9992637745480257,0.9244389009653782,0.9244389009653782,0.07482487358264756,0.07482487358264756
vits,0.75,0.05942879800354839,vits,rope,1011,0.9994198199941412,0.9602876745995172,0.9602876745995172,0.03913214539462395,0.03913214539462395
cross,1.0,0.07923839733806452,vits,rope,1213,0.9991684347813997,0.8487360753356041,0.8487360753356041,0.15043235944579558,0.15043235944579558
cross,0.9,0.07131455760425807,vits,rope,1213,0.9992119099249219,0.888792856466155,0.888792856466155,0.1104190534587669,0.1104190534587669
cross,0.75,0.05942879800354839,vits,rope,1213,0.9992777041302736,0.9383033666482644,0.9383033666482644,0.0609743374820092,0.0609743374820092
vits,1.0,0.07923839733806452,vits,rope,1213,0.9991684347813997,0.8487360753356041,0.8487360753356041,0.15043235944579558,0.15043235944579558
vits,0.9,0.07131455760425807,vits,rope,1213,0.9992119099249219,0.888792856466155,0.888792856466155,0.1104190534587669,0.1104190534587669
vits,0.75,0.05942879800354839,vits,rope,1213,0.9992777041302736,0.9383033666482644,0.9383033666482644,0.0609743374820092,0.0609743374820092
cross,1.0,0.07923839733806452,vits,alibi,42,0.9685631393934859,0.8970474803309836,0.8970474803309836,0.07151565906250235,0.07151565906250235
cross,0.9,0.07131455760425807,vits,alibi,42,0.9738652372378305,0.9154959186180394,0.9154959186180394,0.05836931861979111,0.05836931861979111
cross,0.75,0.05942879800354839,vits,alibi,42,0.9804379260202349,0.9382570064183263,0.9382570064183263,0.04218091960190862,0.04218091960190862
vits,1.0,0.07923839733806452,vits,alibi,42,0.9685631393934859,0.8970474803309836,0.8970474803309836,0.07151565906250235,0.07151565906250235
vits,0.9,0.07131455760425807,vits,alibi,42,0.9738652372378305,0.9154959186180394,0.9154959186180394,0.05836931861979111,0.05836931861979111
vits,0.75,0.05942879800354839,vits,alibi,42,0.9804379260202349,0.9382570064183263,0.9382570064183263,0.04218091960190862,0.04218091960190862
cross,1.0,0.07923839733806452,vits,alibi,123,0.981807289622558,0.9063689405280722,0.9063689405280722,0.07543834909448588,0.07543834909448588
cross,0.9,0.07131455760425807,vits,alibi,123,0.9847699047412257,0.9244317008437657,0.9244317008437657,0.06033820389746003,0.06033820389746003
cross,0.75,0.05942879800354839,vits,alibi,123,0.9885936734285853,0.9478437177645147,0.9478437177645147,0.04074995566407058,0.04074995566407058
vits,1.0,0.07923839733806452,vits,alibi,123,0.981807289622558,0.9063689405280722,0.9063689405280722,0.07543834909448588,0.07543834909448588
vits,0.9,0.07131455760425807,vits,alibi,123,0.9847699047412257,0.9244317008437657,0.9244317008437657,0.06033820389746003,0.06033820389746003
vits,0.75,0.05942879800354839,vits,alibi,123,0.9885936734285853,0.9478437177645147,0.9478437177645147,0.04074995566407058,0.04074995566407058
cross,1.0,0.07923839733806452,vits,alibi,456,0.973425062882263,0.9077902436154724,0.9078644708762028,0.0656348192667906,0.06556059200606024
cross,0.9,0.07131455760425807,vits,alibi,456,0.979286703402843,0.9254727819035591,0.925555256637704,0.05381392149928388,0.05373144676513897
cross,0.75,0.05942879800354839,vits,alibi,456,0.9861206012663443,0.9474536843078878,0.9475526539888615,0.038666916958456476,0.038567947277482806
vits,1.0,0.07923839733806452,vits,alibi,456,0.973425062882263,0.9077902436154724,0.9078644708762028,0.0656348192667906,0.06556059200606024
vits,0.9,0.07131455760425807,vits,alibi,456,0.979286703402843,0.9254727819035591,0.925555256637704,0.05381392149928388,0.05373144676513897
vits,0.75,0.05942879800354839,vits,alibi,456,0.9861206012663443,0.9474536843078878,0.9475526539888615,0.038666916958456476,0.038567947277482806
cross,1.0,0.07923839733806452,vits,alibi,789,0.9675144367965097,0.911631220651165,0.911631220651165,0.05588321614534475,0.05588321614534475
cross,0.9,0.07131455760425807,vits,alibi,789,0.9735870030233387,0.9258826974349201,0.9258826974349201,0.04770430558841854,0.04770430558841854
cross,0.75,0.05942879800354839,vits,alibi,789,0.9810819751610176,0.9462492501066934,0.9462492501066934,0.03483272505432422,0.03483272505432422
vits,1.0,0.07923839733806452,vits,alibi,789,0.9675144367965097,0.911631220651165,0.911631220651165,0.05588321614534475,0.05588321614534475
vits,0.9,0.07131455760425807,vits,alibi,789,0.9735870030233387,0.9258826974349201,0.9258826974349201,0.04770430558841854,0.04770430558841854
vits,0.75,0.05942879800354839,vits,alibi,789,0.9810819751610176,0.9462492501066934,0.9462492501066934,0.03483272505432422,0.03483272505432422
cross,1.0,0.07923839733806452,vits,alibi,1011,0.96210618956275,0.8962578634212569,0.8962578634212569,0.06584832614149305,0.06584832614149305
cross,0.9,0.07131455760425807,vits,alibi,1011,0.9687920677606823,0.9140736933514046,0.9140736933514046,0.054718374409277626,0.054718374409277626
cross,0.75,0.05942879800354839,vits,alibi,1011,0.9773144778967057,0.936913399714131,0.936913399714131,0.04040107818257466,0.04040107818257466
vits,1.0,0.07923839733806452,vits,alibi,1011,0.96210618956275,0.8962578634212569,0.8962578634212569,0.06584832614149305,0.06584832614149305
vits,0.9,0.07131455760425807,vits,alibi,1011,0.9687920677606823,0.9140736933514046,0.9140736933514046,0.054718374409277626,0.054718374409277626
vits,0.75,0.05942879800354839,vits,alibi,1011,0.9773144778967057,0.936913399714131,0.936913399714131,0.04040107818257466,0.04040107818257466
cross,1.0,0.07923839733806452,vits,alibi,1213,0.9764897256041899,0.9087888889234745,0.9087888889234745,0.06770083668071536,0.06770083668071536
cross,0.9,0.07131455760425807,vits,alibi,1213,0.9813804983762539,0.9265789722820011,0.9265789722820011,0.054801526094252706,0.054801526094252706
cross,0.75,0.05942879800354839,vits,alibi,1213,0.9868741622561366,0.9489885624640014,0.9489885624640014,0.03788559979213513,0.03788559979213513
vits,1.0,0.07923839733806452,vits,alibi,1213,0.9764897256041899,0.9087888889234745,0.9087888889234745,0.06770083668071536,0.06770083668071536
vits,0.9,0.07131455760425807,vits,alibi,1213,0.9813804983762539,0.9265789722820011,0.9265789722820011,0.054801526094252706,0.054801526094252706
vits,0.75,0.05942879800354839,vits,alibi,1213,0.9868741622561366,0.9489885624640014,0.9489885624640014,0.03788559979213513,0.03788559979213513
