dataset,family,seed,budget,rho,accuracy,attack_loss,source_class,source
cifar,alibi,42,0.005,0.022540106733561244,0.9992947813822285,1.3902607411146164,base,analysis/v18_canonical_pipeline/inputs/cifar_base/session_1_seeds_42_123/attacks_alibi.json
cifar,alibi,42,0.01,0.04477077454152424,0.9925952045133992,1.4373911201953888,base,analysis/v18_canonical_pipeline/inputs/cifar_base/session_1_seeds_42_123/attacks_alibi.json
cifar,alibi,42,0.025,0.1098064660173798,0.9042665726375178,1.7338642477989197,base,analysis/v18_canonical_pipeline/inputs/cifar_base/session_1_seeds_42_123/attacks_alibi.json
cifar,alibi,42,0.05,0.2150602371350877,0.6528561354019746,2.576020610332489,base,analysis/v18_canonical_pipeline/inputs/cifar_base/session_1_seeds_42_123/attacks_alibi.json
cifar,alibi,42,0.075,0.3199955602192948,0.4377644569816644,3.413015913963318,base,analysis/v18_canonical_pipeline/inputs/cifar_base/session_1_seeds_42_123/attacks_alibi.json
cifar,alibi,42,0.1,0.4423212707090444,0.17066290550070523,4.271275770664215,base,analysis/v18_canonical_pipeline/inputs/cifar_base/session_1_seeds_42_123/attacks_alibi.json
cifar,alibi,42,0.15,0.6401676709543338,0.054654442877291966,4.950799608230591,base,analysis/v18_canonical_pipeline/inputs/cifar_base/session_1_seeds_42_123/attacks_alibi.json
cifar,alibi,123,0.005,0.02301154111838274,0.9949538889855577,1.4414926886558532,base,analysis/v18_canonical_pipeline/inputs/cifar_base/session_1_seeds_42_123/attacks_alibi.json
cifar,alibi,123,0.01,0.048082074664245945,0.9824256133634939,1.4905496418476105,base,analysis/v18_canonical_pipeline/inputs/cifar_base/session_1_seeds_42_123/attacks_alibi.json
cifar,alibi,123,0.025,0.11695910837392862,0.8722811901861841,1.835548746585846,base,analysis/v18_canonical_pipeline/inputs/cifar_base/session_1_seeds_42_123/attacks_alibi.json
cifar,alibi,123,0.05,0.22193410469892688,0.6119714633721942,2.66771537065506,base,analysis/v18_canonical_pipeline/inputs/cifar_base/session_1_seeds_42_123/attacks_alibi.json
cifar,alibi,123,0.075,0.34918629033649384,0.3152949364886027,3.5162049651145937,base,analysis/v18_canonical_pipeline/inputs/cifar_base/session_1_seeds_42_123/attacks_alibi.json
cifar,alibi,123,0.1,0.42339447519312495,0.3248651470332347,3.869376313686371,base,analysis/v18_canonical_pipeline/inputs/cifar_base/session_1_seeds_42_123/attacks_alibi.json
cifar,alibi,123,0.15,0.6452898734933252,0.21489472768400902,4.334799671173096,base,analysis/v18_canonical_pipeline/inputs/cifar_base/session_1_seeds_42_123/attacks_alibi.json
cifar,learned,42,0.00125,0.055847443283515055,0.99106529209622,1.5213226556777955,base,analysis/v18_canonical_pipeline/inputs/cifar_base/session_1_seeds_42_123/attacks_learned.json
cifar,learned,42,0.0025,0.10429318806565811,0.9756013745704466,1.6208358108997345,base,analysis/v18_canonical_pipeline/inputs/cifar_base/session_1_seeds_42_123/attacks_learned.json
cifar,learned,42,0.00375,0.12024012537657906,0.9391752577319589,1.7547191560268403,base,analysis/v18_canonical_pipeline/inputs/cifar_base/session_1_seeds_42_123/attacks_learned.json
cifar,learned,42,0.005,0.13352108123311027,0.6513745704467354,2.565908968448639,base,analysis/v18_canonical_pipeline/inputs/cifar_base/session_1_seeds_42_123/attacks_learned.json
cifar,learned,42,0.0075,0.26336001648695756,0.03230240549828179,5.411911201477051,base,analysis/v18_canonical_pipeline/inputs/cifar_base/session_1_seeds_42_123/attacks_learned.json
cifar,learned,42,0.01,0.3196375642215253,0.018900343642611686,6.101498365402222,base,analysis/v18_canonical_pipeline/inputs/cifar_base/session_1_seeds_42_123/attacks_learned.json
cifar,learned,123,0.00125,0.05920317448894001,0.9913269731136167,1.5347946226596831,base,analysis/v18_canonical_pipeline/inputs/cifar_base/session_1_seeds_42_123/attacks_learned.json
cifar,learned,123,0.0025,0.11135373664306668,0.9750216825672159,1.6524369299411774,base,analysis/v18_canonical_pipeline/inputs/cifar_base/session_1_seeds_42_123/attacks_learned.json
cifar,learned,123,0.00375,0.12696001958692563,0.8952298352124891,1.8680642604827882,base,analysis/v18_canonical_pipeline/inputs/cifar_base/session_1_seeds_42_123/attacks_learned.json
cifar,learned,123,0.005,0.18285254339880833,0.5571552471812662,2.837454891204834,base,analysis/v18_canonical_pipeline/inputs/cifar_base/session_1_seeds_42_123/attacks_learned.json
cifar,learned,123,0.0075,0.2540213747248073,0.07215958369470944,4.986080503463745,base,analysis/v18_canonical_pipeline/inputs/cifar_base/session_1_seeds_42_123/attacks_learned.json
cifar,learned,123,0.01,0.2838939365615377,0.039549002601908065,5.474059200286865,base,analysis/v18_canonical_pipeline/inputs/cifar_base/session_1_seeds_42_123/attacks_learned.json
cifar,rope,42,0.025,0.06257040732067666,0.9838082901554405,1.2908015608787538,base,analysis/v18_canonical_pipeline/inputs/cifar_base/session_1_seeds_42_123/attacks_rope.json
cifar,rope,42,0.05,0.10786861007107128,0.9230893782383421,1.4935281157493592,base,analysis/v18_canonical_pipeline/inputs/cifar_base/session_1_seeds_42_123/attacks_rope.json
cifar,rope,42,0.075,0.13194709398725618,0.7616580310880829,1.9718271374702454,base,analysis/v18_canonical_pipeline/inputs/cifar_base/session_1_seeds_42_123/attacks_rope.json
cifar,rope,42,0.1,0.15731773576966543,0.5764248704663213,2.598211908340454,base,analysis/v18_canonical_pipeline/inputs/cifar_base/session_1_seeds_42_123/attacks_rope.json
cifar,rope,42,0.15,0.18517628066680494,0.1760038860103627,4.367046904563904,base,analysis/v18_canonical_pipeline/inputs/cifar_base/session_1_seeds_42_123/attacks_rope.json
cifar,rope,42,0.2,0.21654397041786047,0.057642487046632135,5.32147331237793,base,analysis/v18_canonical_pipeline/inputs/cifar_base/session_1_seeds_42_123/attacks_rope.json
cifar,rope,42,0.3,0.4360857434927175,0.03222150259067358,5.974455618858338,base,analysis/v18_canonical_pipeline/inputs/cifar_base/session_1_seeds_42_123/attacks_rope.json
cifar,rope,123,0.025,0.09556018084907279,0.9718992248062017,1.2475847214460374,base,analysis/v18_canonical_pipeline/inputs/cifar_base/session_1_seeds_42_123/attacks_rope.json
cifar,rope,123,0.05,0.15232184183163142,0.8921188630490957,1.5132512092590331,base,analysis/v18_canonical_pipeline/inputs/cifar_base/session_1_seeds_42_123/attacks_rope.json
cifar,rope,123,0.075,0.16704942799238615,0.7459625322997416,2.020702075958252,base,analysis/v18_canonical_pipeline/inputs/cifar_base/session_1_seeds_42_123/attacks_rope.json
cifar,rope,123,0.1,0.18260640246061477,0.5289082687338502,2.8021777153015135,base,analysis/v18_canonical_pipeline/inputs/cifar_base/session_1_seeds_42_123/attacks_rope.json
cifar,rope,123,0.15,0.19910115227949476,0.16779715762273903,4.529689359664917,base,analysis/v18_canonical_pipeline/inputs/cifar_base/session_1_seeds_42_123/attacks_rope.json
cifar,rope,123,0.2,0.2347047908724523,0.06556847545219639,5.510508894920349,base,analysis/v18_canonical_pipeline/inputs/cifar_base/session_1_seeds_42_123/attacks_rope.json
cifar,rope,123,0.3,0.40250593445361504,0.038598191214470286,6.077824521064758,base,analysis/v18_canonical_pipeline/inputs/cifar_base/session_1_seeds_42_123/attacks_rope.json
cifar,sinusoidal,42,0.0025,0.01726741905877376,0.9926173316927402,1.4668034195899964,base,analysis/v18_canonical_pipeline/inputs/cifar_base/session_1_seeds_42_123/attacks_sinusoidal.json
cifar,sinusoidal,42,0.005,0.03321825973149693,0.977500439444542,1.5410755693912506,base,analysis/v18_canonical_pipeline/inputs/cifar_base/session_1_seeds_42_123/attacks_sinusoidal.json
cifar,sinusoidal,42,0.0075,0.0828017221813045,0.9207242046053787,1.7303550779819488,base,analysis/v18_canonical_pipeline/inputs/cifar_base/session_1_seeds_42_123/attacks_sinusoidal.json
cifar,sinusoidal,42,0.01,0.1597619784936225,0.6834241518720336,2.521403670310974,base,analysis/v18_canonical_pipeline/inputs/cifar_base/session_1_seeds_42_123/attacks_sinusoidal.json
cifar,sinusoidal,42,0.0125,0.26839894582858986,0.18052381789418173,4.285211849212646,base,analysis/v18_canonical_pipeline/inputs/cifar_base/session_1_seeds_42_123/attacks_sinusoidal.json
cifar,sinusoidal,42,0.015,0.2792557548679519,0.06908068201792933,4.904280471801758,base,analysis/v18_canonical_pipeline/inputs/cifar_base/session_1_seeds_42_123/attacks_sinusoidal.json
cifar,sinusoidal,123,0.0025,0.019544872834566462,0.993574870605033,1.5082145392894746,base,analysis/v18_canonical_pipeline/inputs/cifar_base/session_1_seeds_42_123/attacks_sinusoidal.json
cifar,sinusoidal,123,0.005,0.03928585010854068,0.9855434588613243,1.5676887512207032,base,analysis/v18_canonical_pipeline/inputs/cifar_base/session_1_seeds_42_123/attacks_sinusoidal.json
cifar,sinusoidal,123,0.0075,0.046198114008040636,0.9400321256469749,1.6879876554012299,base,analysis/v18_canonical_pipeline/inputs/cifar_base/session_1_seeds_42_123/attacks_sinusoidal.json
cifar,sinusoidal,123,0.01,0.09012813510952253,0.8773871140460467,1.901539647579193,base,analysis/v18_canonical_pipeline/inputs/cifar_base/session_1_seeds_42_123/attacks_sinusoidal.json
cifar,sinusoidal,123,0.0125,0.21722914478183028,0.42245225771907907,3.438742792606354,base,analysis/v18_canonical_pipeline/inputs/cifar_base/session_1_seeds_42_123/attacks_sinusoidal.json
cifar,sinusoidal,123,0.015,0.27253475400233906,0.13778333035873638,4.680633854866028,base,analysis/v18_canonical_pipeline/inputs/cifar_base/session_1_seeds_42_123/attacks_sinusoidal.json
cifar,alibi,456,0.005,0.022861002615249326,0.9934836209933076,1.4645865380764007,base,analysis/v18_canonical_pipeline/inputs/cifar_base/session_2_seeds_456_789/attacks_alibi.json
cifar,alibi,456,0.01,0.04590425966150065,0.9829165199013739,1.5162664830684662,base,analysis/v18_canonical_pipeline/inputs/cifar_base/session_2_seeds_456_789/attacks_alibi.json
cifar,alibi,456,0.025,0.12017881592324328,0.8409651285663967,1.9158688008785247,base,analysis/v18_canonical_pipeline/inputs/cifar_base/session_2_seeds_456_789/attacks_alibi.json
cifar,alibi,456,0.05,0.22816714880106934,0.5438534695315252,2.958422565460205,base,analysis/v18_canonical_pipeline/inputs/cifar_base/session_2_seeds_456_789/attacks_alibi.json
cifar,alibi,456,0.075,0.32340146816862214,0.3890454385346953,3.5691151857376098,base,analysis/v18_canonical_pipeline/inputs/cifar_base/session_2_seeds_456_789/attacks_alibi.json
cifar,alibi,456,0.1,0.4393763296807477,0.24321944346600918,4.189486122131347,base,analysis/v18_canonical_pipeline/inputs/cifar_base/session_2_seeds_456_789/attacks_alibi.json
cifar,alibi,456,0.15,0.6518733077430575,0.10373370905248329,4.537960553169251,base,analysis/v18_canonical_pipeline/inputs/cifar_base/session_2_seeds_456_789/attacks_alibi.json
cifar,alibi,789,0.005,0.022883572469244943,0.993010658745413,1.4767168700695037,base,analysis/v18_canonical_pipeline/inputs/cifar_base/session_2_seeds_456_789/attacks_alibi.json
cifar,alibi,789,0.01,0.04538206289678403,0.980429844487157,1.5270547151565552,base,analysis/v18_canonical_pipeline/inputs/cifar_base/session_2_seeds_456_789/attacks_alibi.json
cifar,alibi,789,0.025,0.11064141750491985,0.8946356805871046,1.7863936066627502,base,analysis/v18_canonical_pipeline/inputs/cifar_base/session_2_seeds_456_789/attacks_alibi.json
cifar,alibi,789,0.05,0.23485680762757838,0.5923466713262275,2.5836755990982057,base,analysis/v18_canonical_pipeline/inputs/cifar_base/session_2_seeds_456_789/attacks_alibi.json
cifar,alibi,789,0.075,0.3242468237618799,0.43962956491350685,3.3441909074783327,base,analysis/v18_canonical_pipeline/inputs/cifar_base/session_2_seeds_456_789/attacks_alibi.json
cifar,alibi,789,0.1,0.4467373521342865,0.2255809889917875,3.9818182587623596,base,analysis/v18_canonical_pipeline/inputs/cifar_base/session_2_seeds_456_789/attacks_alibi.json
cifar,alibi,789,0.15,0.639529499189269,0.08596889743141709,4.792144227027893,base,analysis/v18_canonical_pipeline/inputs/cifar_base/session_2_seeds_456_789/attacks_alibi.json
cifar,learned,456,0.00125,0.052174632742125616,0.9940735576085062,1.4930553257465362,base,analysis/v18_canonical_pipeline/inputs/cifar_base/session_2_seeds_456_789/attacks_learned.json
cifar,learned,456,0.0025,0.1066373794963385,0.9825692870838416,1.5842438459396362,base,analysis/v18_canonical_pipeline/inputs/cifar_base/session_2_seeds_456_789/attacks_learned.json
cifar,learned,456,0.00375,0.15356111742836304,0.95485445354715,1.7000657141208648,base,analysis/v18_canonical_pipeline/inputs/cifar_base/session_2_seeds_456_789/attacks_learned.json
cifar,learned,456,0.005,0.16328407264004044,0.40840160362558825,3.3305556535720826,base,analysis/v18_canonical_pipeline/inputs/cifar_base/session_2_seeds_456_789/attacks_learned.json
cifar,learned,456,0.0075,0.2822920284071012,0.053163674394282726,5.314057874679565,base,analysis/v18_canonical_pipeline/inputs/cifar_base/session_2_seeds_456_789/attacks_learned.json
cifar,learned,456,0.01,0.3109851047646963,0.028237754924176395,5.9487237453460695,base,analysis/v18_canonical_pipeline/inputs/cifar_base/session_2_seeds_456_789/attacks_learned.json
cifar,learned,789,0.00125,0.057304024430366904,0.9889879391714733,1.564020836353302,base,analysis/v18_canonical_pipeline/inputs/cifar_base/session_2_seeds_456_789/attacks_learned.json
cifar,learned,789,0.0025,0.07243028515097047,0.9374235273553574,1.7218128383159637,base,analysis/v18_canonical_pipeline/inputs/cifar_base/session_2_seeds_456_789/attacks_learned.json
cifar,learned,789,0.00375,0.11530338982323278,0.7297675231602867,2.352552366256714,base,analysis/v18_canonical_pipeline/inputs/cifar_base/session_2_seeds_456_789/attacks_learned.json
cifar,learned,789,0.005,0.1693748852148077,0.34836567033735355,3.6545920848846434,base,analysis/v18_canonical_pipeline/inputs/cifar_base/session_2_seeds_456_789/attacks_learned.json
cifar,learned,789,0.0075,0.232224570822453,0.07795839888131445,5.22878143787384,base,analysis/v18_canonical_pipeline/inputs/cifar_base/session_2_seeds_456_789/attacks_learned.json
cifar,learned,789,0.01,0.26670782489450057,0.033735360950882705,5.7475135803222654,base,analysis/v18_canonical_pipeline/inputs/cifar_base/session_2_seeds_456_789/attacks_learned.json
cifar,rope,456,0.025,0.175786929672627,0.9490158115521136,1.3551785856485368,base,analysis/v18_canonical_pipeline/inputs/cifar_base/session_2_seeds_456_789/attacks_rope.json
cifar,rope,456,0.05,0.27878175857342774,0.7967086156824783,1.8533322274684907,base,analysis/v18_canonical_pipeline/inputs/cifar_base/session_2_seeds_456_789/attacks_rope.json
cifar,rope,456,0.075,0.3173271593053541,0.6642465311390772,2.3681015253067015,base,analysis/v18_canonical_pipeline/inputs/cifar_base/session_2_seeds_456_789/attacks_rope.json
cifar,rope,456,0.1,0.31284570301106707,0.48644724104549864,3.004513943195343,base,analysis/v18_canonical_pipeline/inputs/cifar_base/session_2_seeds_456_789/attacks_rope.json
cifar,rope,456,0.15,0.2888423958676688,0.17376573088092936,4.420922744274139,base,analysis/v18_canonical_pipeline/inputs/cifar_base/session_2_seeds_456_789/attacks_rope.json
cifar,rope,456,0.2,0.2806694934806668,0.061955469506292354,5.449321389198303,base,analysis/v18_canonical_pipeline/inputs/cifar_base/session_2_seeds_456_789/attacks_rope.json
cifar,rope,456,0.3,0.4249712734156588,0.037270087124878996,5.969439268112183,base,analysis/v18_canonical_pipeline/inputs/cifar_base/session_2_seeds_456_789/attacks_rope.json
cifar,rope,789,0.025,0.074373126053635,0.9667153758727067,1.2545606166124343,base,analysis/v18_canonical_pipeline/inputs/cifar_base/session_2_seeds_456_789/attacks_rope.json
cifar,rope,789,0.05,0.1258144968640255,0.8702711479136225,1.5450716495513916,base,analysis/v18_canonical_pipeline/inputs/cifar_base/session_2_seeds_456_789/attacks_rope.json
cifar,rope,789,0.075,0.14606071282935057,0.722032797532067,2.132684051990509,base,analysis/v18_canonical_pipeline/inputs/cifar_base/session_2_seeds_456_789/attacks_rope.json
cifar,rope,789,0.1,0.16386875955129912,0.5028413703523299,3.017116940021515,base,analysis/v18_canonical_pipeline/inputs/cifar_base/session_2_seeds_456_789/attacks_rope.json
cifar,rope,789,0.15,0.18626667590299179,0.17259295340152622,4.530115723609924,base,analysis/v18_canonical_pipeline/inputs/cifar_base/session_2_seeds_456_789/attacks_rope.json
cifar,rope,789,0.2,0.21907682958601948,0.05845104724792986,5.604945230484009,base,analysis/v18_canonical_pipeline/inputs/cifar_base/session_2_seeds_456_789/attacks_rope.json
cifar,rope,789,0.3,0.3639902700664418,0.0332846241272934,6.168500828742981,base,analysis/v18_canonical_pipeline/inputs/cifar_base/session_2_seeds_456_789/attacks_rope.json
cifar,sinusoidal,456,0.0025,0.01854113795579203,0.9952203929899097,1.5528721809387207,base,analysis/v18_canonical_pipeline/inputs/cifar_base/session_2_seeds_456_789/attacks_sinusoidal.json
cifar,sinusoidal,456,0.005,0.03552537367363212,0.9892016286068331,1.6205721855163575,base,analysis/v18_canonical_pipeline/inputs/cifar_base/session_2_seeds_456_789/attacks_sinusoidal.json
cifar,sinusoidal,456,0.0075,0.05670514222727936,0.9493715701894142,1.740867054462433,base,analysis/v18_canonical_pipeline/inputs/cifar_base/session_2_seeds_456_789/attacks_sinusoidal.json
cifar,sinusoidal,456,0.01,0.13406026460046674,0.7833244822092406,2.2043383002281187,base,analysis/v18_canonical_pipeline/inputs/cifar_base/session_2_seeds_456_789/attacks_sinusoidal.json
cifar,sinusoidal,456,0.0125,0.21917689826131997,0.2894317578332449,3.8876005172729493,base,analysis/v18_canonical_pipeline/inputs/cifar_base/session_2_seeds_456_789/attacks_sinusoidal.json
cifar,sinusoidal,456,0.015,0.2641141946751578,0.07452646486103735,4.796460723876953,base,analysis/v18_canonical_pipeline/inputs/cifar_base/session_2_seeds_456_789/attacks_sinusoidal.json
cifar,sinusoidal,789,0.0025,0.018000819443114074,0.9956354748603352,1.4348721861839295,base,analysis/v18_canonical_pipeline/inputs/cifar_base/session_2_seeds_456_789/attacks_sinusoidal.json
cifar,sinusoidal,789,0.005,0.03427900490785086,0.9851606145251395,1.5118217170238495,base,analysis/v18_canonical_pipeline/inputs/cifar_base/session_2_seeds_456_789/attacks_sinusoidal.json
cifar,sinusoidal,789,0.0075,0.0627032836278353,0.9450069832402234,1.6592450082302093,base,analysis/v18_canonical_pipeline/inputs/cifar_base/session_2_seeds_456_789/attacks_sinusoidal.json
cifar,sinusoidal,789,0.01,0.12043178675785403,0.8051675977653631,2.0790123641490936,base,analysis/v18_canonical_pipeline/inputs/cifar_base/session_2_seeds_456_789/attacks_sinusoidal.json
cifar,sinusoidal,789,0.0125,0.2602207505849142,0.3161662011173184,3.770298457145691,base,analysis/v18_canonical_pipeline/inputs/cifar_base/session_2_seeds_456_789/attacks_sinusoidal.json
cifar,sinusoidal,789,0.015,0.27855996664606547,0.10405027932960893,4.847186422348022,base,analysis/v18_canonical_pipeline/inputs/cifar_base/session_2_seeds_456_789/attacks_sinusoidal.json
cifar,alibi,1011,0.005,0.02248637547702749,0.9945964789959909,1.4036440193653106,base,analysis/v18_canonical_pipeline/inputs/cifar_base/session_3_seeds_1011_1213/attacks_alibi.json
cifar,alibi,1011,0.01,0.04488989147704865,0.9806519086630642,1.453317505121231,base,analysis/v18_canonical_pipeline/inputs/cifar_base/session_3_seeds_1011_1213/attacks_alibi.json
cifar,alibi,1011,0.025,0.11045109732053886,0.8910580442740108,1.742423015832901,base,analysis/v18_canonical_pipeline/inputs/cifar_base/session_3_seeds_1011_1213/attacks_alibi.json
cifar,alibi,1011,0.05,0.2157870038735783,0.6292487362733135,2.623007822036743,base,analysis/v18_canonical_pipeline/inputs/cifar_base/session_3_seeds_1011_1213/attacks_alibi.json
cifar,alibi,1011,0.075,0.32768727005144166,0.4007320899424786,3.550428736209869,base,analysis/v18_canonical_pipeline/inputs/cifar_base/session_3_seeds_1011_1213/attacks_alibi.json
cifar,alibi,1011,0.1,0.44439277716551384,0.183371099877985,4.18800675868988,base,analysis/v18_canonical_pipeline/inputs/cifar_base/session_3_seeds_1011_1213/attacks_alibi.json
cifar,alibi,1011,0.15,0.6523238111736106,0.09639184242635522,4.55800461769104,base,analysis/v18_canonical_pipeline/inputs/cifar_base/session_3_seeds_1011_1213/attacks_alibi.json
cifar,alibi,1213,0.005,0.02204800471872518,0.9958085923856095,1.436214843392372,base,analysis/v18_canonical_pipeline/inputs/cifar_base/session_3_seeds_1011_1213/attacks_alibi.json
cifar,alibi,1213,0.01,0.044067792194176454,0.9905693328676212,1.4764737784862518,base,analysis/v18_canonical_pipeline/inputs/cifar_base/session_3_seeds_1011_1213/attacks_alibi.json
cifar,alibi,1213,0.025,0.10871392649831502,0.9053440447083478,1.731724464893341,base,analysis/v18_canonical_pipeline/inputs/cifar_base/session_3_seeds_1011_1213/attacks_alibi.json
cifar,alibi,1213,0.05,0.21344669683532086,0.6570031435557107,2.5835031807422637,base,analysis/v18_canonical_pipeline/inputs/cifar_base/session_3_seeds_1011_1213/attacks_alibi.json
cifar,alibi,1213,0.075,0.31909136571673363,0.43154034229828847,3.391657567024231,base,analysis/v18_canonical_pipeline/inputs/cifar_base/session_3_seeds_1011_1213/attacks_alibi.json
cifar,alibi,1213,0.1,0.4403501337943987,0.2556758644778204,3.8513519167900085,base,analysis/v18_canonical_pipeline/inputs/cifar_base/session_3_seeds_1011_1213/attacks_alibi.json
cifar,alibi,1213,0.15,0.6370521726969348,0.03772266852951449,5.0390502452850345,base,analysis/v18_canonical_pipeline/inputs/cifar_base/session_3_seeds_1011_1213/attacks_alibi.json
cifar,learned,1011,0.00125,0.07442540852578097,0.9957983193277311,1.5439682602882385,base,analysis/v18_canonical_pipeline/inputs/cifar_base/session_3_seeds_1011_1213/attacks_learned.json
cifar,learned,1011,0.0025,0.13173123673241702,0.9810924369747898,1.6444036364555359,base,analysis/v18_canonical_pipeline/inputs/cifar_base/session_3_seeds_1011_1213/attacks_learned.json
cifar,learned,1011,0.00375,0.12912997802296336,0.6715686274509803,2.451423978805542,base,analysis/v18_canonical_pipeline/inputs/cifar_base/session_3_seeds_1011_1213/attacks_learned.json
cifar,learned,1011,0.005,0.18751522352866282,0.26715686274509803,3.812046301364899,base,analysis/v18_canonical_pipeline/inputs/cifar_base/session_3_seeds_1011_1213/attacks_learned.json
cifar,learned,1011,0.0075,0.24231046748890803,0.06442577030812324,5.0485249042510985,base,analysis/v18_canonical_pipeline/inputs/cifar_base/session_3_seeds_1011_1213/attacks_learned.json
cifar,learned,1011,0.01,0.30438644276469023,0.035889355742296916,5.586594820022583,base,analysis/v18_canonical_pipeline/inputs/cifar_base/session_3_seeds_1011_1213/attacks_learned.json
cifar,learned,1213,0.00125,0.051897406352108974,0.9970264124540843,1.599933737516403,base,analysis/v18_canonical_pipeline/inputs/cifar_base/session_3_seeds_1011_1213/attacks_learned.json
cifar,learned,1213,0.0025,0.10018906429226532,0.9849571453559558,1.6911188662052155,base,analysis/v18_canonical_pipeline/inputs/cifar_base/session_3_seeds_1011_1213/attacks_learned.json
cifar,learned,1213,0.00375,0.07527973466347541,0.8892775931432568,1.8934774279594422,base,analysis/v18_canonical_pipeline/inputs/cifar_base/session_3_seeds_1011_1213/attacks_learned.json
cifar,learned,1213,0.005,0.15950870589656516,0.6148329543466853,2.7578662514686583,base,analysis/v18_canonical_pipeline/inputs/cifar_base/session_3_seeds_1011_1213/attacks_learned.json
cifar,learned,1213,0.0075,0.27652080432351916,0.04582823158999475,5.501055312156677,base,analysis/v18_canonical_pipeline/inputs/cifar_base/session_3_seeds_1011_1213/attacks_learned.json
cifar,learned,1213,0.01,0.35188153501944736,0.01591743921637222,6.327500534057617,base,analysis/v18_canonical_pipeline/inputs/cifar_base/session_3_seeds_1011_1213/attacks_learned.json
cifar,rope,1011,0.025,0.17321578514065006,0.9497170573969281,1.3689026176929473,base,analysis/v18_canonical_pipeline/inputs/cifar_base/session_3_seeds_1011_1213/attacks_rope.json
cifar,rope,1011,0.05,0.2761726787999677,0.8195634599838318,1.8441465556621552,base,analysis/v18_canonical_pipeline/inputs/cifar_base/session_3_seeds_1011_1213/attacks_rope.json
cifar,rope,1011,0.075,0.30054783525826195,0.6672594987873889,2.4087796330451967,base,analysis/v18_canonical_pipeline/inputs/cifar_base/session_3_seeds_1011_1213/attacks_rope.json
cifar,rope,1011,0.1,0.2982465803283215,0.4813257881972515,3.0410045266151426,base,analysis/v18_canonical_pipeline/inputs/cifar_base/session_3_seeds_1011_1213/attacks_rope.json
cifar,rope,1011,0.15,0.28573290554776154,0.1535974130962005,4.5922657489776615,base,analysis/v18_canonical_pipeline/inputs/cifar_base/session_3_seeds_1011_1213/attacks_rope.json
cifar,rope,1011,0.2,0.2696076810599597,0.05044462409054164,5.616881585121154,base,analysis/v18_canonical_pipeline/inputs/cifar_base/session_3_seeds_1011_1213/attacks_rope.json
cifar,rope,1011,0.3,0.42521201937714925,0.029587712206952305,6.069007658958435,base,analysis/v18_canonical_pipeline/inputs/cifar_base/session_3_seeds_1011_1213/attacks_rope.json
cifar,rope,1213,0.025,0.08242129587295055,0.9694075752670769,1.2864239752292632,base,analysis/v18_canonical_pipeline/inputs/cifar_base/session_3_seeds_1011_1213/attacks_rope.json
cifar,rope,1213,0.05,0.13785706553785015,0.882648106183231,1.5437341690063477,base,analysis/v18_canonical_pipeline/inputs/cifar_base/session_3_seeds_1011_1213/attacks_rope.json
cifar,rope,1213,0.075,0.1542357159243316,0.7635157008740694,2.010256916284561,base,analysis/v18_canonical_pipeline/inputs/cifar_base/session_3_seeds_1011_1213/attacks_rope.json
cifar,rope,1213,0.1,0.16539972454028232,0.529944966008417,2.8474929094314576,base,analysis/v18_canonical_pipeline/inputs/cifar_base/session_3_seeds_1011_1213/attacks_rope.json
cifar,rope,1213,0.15,0.18388446177934706,0.14211719002913567,4.729730153083802,base,analysis/v18_canonical_pipeline/inputs/cifar_base/session_3_seeds_1011_1213/attacks_rope.json
cifar,rope,1213,0.2,0.20788577854997584,0.06037552606021367,5.738287901878357,base,analysis/v18_canonical_pipeline/inputs/cifar_base/session_3_seeds_1011_1213/attacks_rope.json
cifar,rope,1213,0.3,0.3805750851278891,0.033667853674328264,6.38898458480835,base,analysis/v18_canonical_pipeline/inputs/cifar_base/session_3_seeds_1011_1213/attacks_rope.json
cifar,sinusoidal,1011,0.0025,0.015711453219890828,0.9935042134831459,1.5104988873004914,base,analysis/v18_canonical_pipeline/inputs/cifar_base/session_3_seeds_1011_1213/attacks_sinusoidal.json
cifar,sinusoidal,1011,0.005,0.03047440258024448,0.9812148876404493,1.583678847551346,base,analysis/v18_canonical_pipeline/inputs/cifar_base/session_3_seeds_1011_1213/attacks_sinusoidal.json
cifar,sinusoidal,1011,0.0075,0.07406715374442488,0.9350421348314606,1.744477117061615,base,analysis/v18_canonical_pipeline/inputs/cifar_base/session_3_seeds_1011_1213/attacks_sinusoidal.json
cifar,sinusoidal,1011,0.01,0.1310922016358139,0.7220856741573033,2.4015648484230043,base,analysis/v18_canonical_pipeline/inputs/cifar_base/session_3_seeds_1011_1213/attacks_sinusoidal.json
cifar,sinusoidal,1011,0.0125,0.1946131811749182,0.25983146067415724,4.1482655763626095,base,analysis/v18_canonical_pipeline/inputs/cifar_base/session_3_seeds_1011_1213/attacks_sinusoidal.json
cifar,sinusoidal,1011,0.015,0.23643111649684653,0.08391853932584269,4.978323030471802,base,analysis/v18_canonical_pipeline/inputs/cifar_base/session_3_seeds_1011_1213/attacks_sinusoidal.json
cifar,sinusoidal,1213,0.0025,0.019232128785032915,0.9957850368809271,1.4814100742340088,base,analysis/v18_canonical_pipeline/inputs/cifar_base/session_3_seeds_1011_1213/attacks_sinusoidal.json
cifar,sinusoidal,1213,0.005,0.036706910202079515,0.9857744994731295,1.553527182340622,base,analysis/v18_canonical_pipeline/inputs/cifar_base/session_3_seeds_1011_1213/attacks_sinusoidal.json
cifar,sinusoidal,1213,0.0075,0.05703407392571588,0.9522304179838424,1.6733504474163055,base,analysis/v18_canonical_pipeline/inputs/cifar_base/session_3_seeds_1011_1213/attacks_sinusoidal.json
cifar,sinusoidal,1213,0.01,0.11707865130409398,0.8199859501229363,2.0758450269699096,base,analysis/v18_canonical_pipeline/inputs/cifar_base/session_3_seeds_1011_1213/attacks_sinusoidal.json
cifar,sinusoidal,1213,0.0125,0.2098128659845502,0.4067439409905163,3.4697022795677186,base,analysis/v18_canonical_pipeline/inputs/cifar_base/session_3_seeds_1011_1213/attacks_sinusoidal.json
cifar,sinusoidal,1213,0.015,0.25841830605193844,0.15402177730944855,4.445438408851624,base,analysis/v18_canonical_pipeline/inputs/cifar_base/session_3_seeds_1011_1213/attacks_sinusoidal.json
cifar,alibi,1011,0.0375,0.16346955181778985,0.7679972110859333,2.1533153653144836,transition_midpoint_h200,analysis/v18_canonical_pipeline/inputs/cifar_midpoint/seed_1011/cifar_midpoint_alibi_100x5_seed1011.json
cifar,alibi,1011,0.06,0.2612351750187537,0.5377374934634825,3.0066354751586912,transition_midpoint_h200,analysis/v18_canonical_pipeline/inputs/cifar_midpoint/seed_1011/cifar_midpoint_alibi_100x5_seed1011.json
cifar,learned,1011,0.00625,0.22209463246849911,0.1101190476190476,4.575963878631592,transition_midpoint_h200,analysis/v18_canonical_pipeline/inputs/cifar_midpoint/seed_1011/cifar_midpoint_learned_400x5_seed1011.json
cifar,rope,1011,0.225,0.2934332514094795,0.03686337914308812,5.800310468673706,transition_midpoint_h200,analysis/v18_canonical_pipeline/inputs/cifar_midpoint/seed_1011/cifar_midpoint_rope_100x5_seed1011.json
cifar,sinusoidal,1011,0.01125,0.1659836942641311,0.48384831460674155,3.2500483989715576,transition_midpoint_h200,analysis/v18_canonical_pipeline/inputs/cifar_midpoint/seed_1011/cifar_midpoint_sinusoidal_200x5_seed1011.json
cifar,alibi,1213,0.0375,0.16129338870296775,0.7832692979392245,2.1002524495124817,transition_midpoint_h200,analysis/v18_canonical_pipeline/inputs/cifar_midpoint/seed_1213/cifar_midpoint_alibi_100x5_seed1213.json
cifar,alibi,1213,0.06,0.2554000379947465,0.5555361508906741,2.9437386989593506,transition_midpoint_h200,analysis/v18_canonical_pipeline/inputs/cifar_midpoint/seed_1213/cifar_midpoint_alibi_100x5_seed1213.json
cifar,learned,1213,0.00625,0.20549541348755943,0.17141857617631626,4.258080625534058,transition_midpoint_h200,analysis/v18_canonical_pipeline/inputs/cifar_midpoint/seed_1213/cifar_midpoint_learned_400x5_seed1213.json
cifar,rope,1213,0.225,0.2301316940412147,0.04532211071544189,5.9913373470306395,transition_midpoint_h200,analysis/v18_canonical_pipeline/inputs/cifar_midpoint/seed_1213/cifar_midpoint_rope_100x5_seed1213.json
cifar,sinusoidal,1213,0.01125,0.16864744316938038,0.6331225851773796,2.7152077913284303,transition_midpoint_h200,analysis/v18_canonical_pipeline/inputs/cifar_midpoint/seed_1213/cifar_midpoint_sinusoidal_200x5_seed1213.json
cifar,alibi,123,0.0375,0.16439223490462027,0.7440403688881154,2.2398625135421755,transition_midpoint_h200,analysis/v18_canonical_pipeline/inputs/cifar_midpoint/seed_123/cifar_midpoint_alibi_100x5_seed123.json
cifar,alibi,123,0.06,0.28634414059338764,0.45223594919088217,3.03026123046875,transition_midpoint_h200,analysis/v18_canonical_pipeline/inputs/cifar_midpoint/seed_123/cifar_midpoint_alibi_100x5_seed123.json
cifar,learned,123,0.00625,0.23091398941611974,0.1642671292281006,4.303679323196411,transition_midpoint_h200,analysis/v18_canonical_pipeline/inputs/cifar_midpoint/seed_123/cifar_midpoint_learned_400x5_seed123.json
cifar,rope,123,0.225,0.25140367588876134,0.04877260981912145,5.81686429977417,transition_midpoint_h200,analysis/v18_canonical_pipeline/inputs/cifar_midpoint/seed_123/cifar_midpoint_rope_100x5_seed123.json
cifar,sinusoidal,123,0.01125,0.16159001654674068,0.7462073888988043,2.3605800747871397,transition_midpoint_h200,analysis/v18_canonical_pipeline/inputs/cifar_midpoint/seed_123/cifar_midpoint_sinusoidal_200x5_seed123.json
cifar,alibi,42,0.0375,0.16271857203918486,0.7842031029619183,2.121817636489868,transition_midpoint_h200,analysis/v18_canonical_pipeline/inputs/cifar_midpoint/seed_42/cifar_midpoint_alibi_100x5_seed42.json
cifar,alibi,42,0.06,0.25834256607058,0.5576516220028209,2.9178484439849854,transition_midpoint_h200,analysis/v18_canonical_pipeline/inputs/cifar_midpoint/seed_42/cifar_midpoint_alibi_100x5_seed42.json
cifar,learned,42,0.00625,0.18296442820792155,0.20395189003436426,4.1343833923339846,transition_midpoint_h200,analysis/v18_canonical_pipeline/inputs/cifar_midpoint/seed_42/cifar_midpoint_learned_400x5_seed42.json
cifar,rope,42,0.225,0.2503632613498819,0.046470207253886016,5.560614204406738,transition_midpoint_h200,analysis/v18_canonical_pipeline/inputs/cifar_midpoint/seed_42/cifar_midpoint_rope_100x5_seed42.json
cifar,sinusoidal,42,0.01125,0.21137402986860998,0.4208120935137985,3.3531716108322143,transition_midpoint_h200,analysis/v18_canonical_pipeline/inputs/cifar_midpoint/seed_42/cifar_midpoint_sinusoidal_200x5_seed42.json
cifar,alibi,456,0.0375,0.1744600766736123,0.6880943994364214,2.4319320917129517,transition_midpoint_h200,analysis/v18_canonical_pipeline/inputs/cifar_midpoint/seed_456/cifar_midpoint_alibi_100x5_seed456.json
cifar,alibi,456,0.06,0.2635174499706263,0.48626276858048617,3.1969109773635864,transition_midpoint_h200,analysis/v18_canonical_pipeline/inputs/cifar_midpoint/seed_456/cifar_midpoint_alibi_100x5_seed456.json
cifar,learned,456,0.00625,0.21167957348790373,0.11138225553425135,4.654060363769531,transition_midpoint_h200,analysis/v18_canonical_pipeline/inputs/cifar_midpoint/seed_456/cifar_midpoint_learned_400x5_seed456.json
cifar,rope,456,0.225,0.3012911766591433,0.05050016134236851,5.691950845718384,transition_midpoint_h200,analysis/v18_canonical_pipeline/inputs/cifar_midpoint/seed_456/cifar_midpoint_rope_100x5_seed456.json
cifar,sinusoidal,456,0.01125,0.18248086085217974,0.5335457603115596,3.0400550603866576,transition_midpoint_h200,analysis/v18_canonical_pipeline/inputs/cifar_midpoint/seed_456/cifar_midpoint_sinusoidal_200x5_seed456.json
cifar,alibi,789,0.0375,0.1796190102407663,0.7312598287611393,2.1807724237442017,transition_midpoint_h200,analysis/v18_canonical_pipeline/inputs/cifar_midpoint/seed_789/cifar_midpoint_alibi_100x5_seed789.json
cifar,alibi,789,0.06,0.2783220646112885,0.4761488729687227,2.9171172380447388,transition_midpoint_h200,analysis/v18_canonical_pipeline/inputs/cifar_midpoint/seed_789/cifar_midpoint_alibi_100x5_seed789.json
cifar,learned,789,0.00625,0.22878136850527683,0.11693759832197166,4.672758960723877,transition_midpoint_h200,analysis/v18_canonical_pipeline/inputs/cifar_midpoint/seed_789/cifar_midpoint_learned_400x5_seed789.json
cifar,rope,789,0.225,0.2276018792847329,0.04643610975807762,5.80128846168518,transition_midpoint_h200,analysis/v18_canonical_pipeline/inputs/cifar_midpoint/seed_789/cifar_midpoint_rope_100x5_seed789.json
cifar,sinusoidal,789,0.01125,0.19102749570104258,0.603177374301676,2.7143855333328246,transition_midpoint_h200,analysis/v18_canonical_pipeline/inputs/cifar_midpoint/seed_789/cifar_midpoint_sinusoidal_200x5_seed789.json
cifar,learned,42,0.00025,0.011591611661201612,0.9993127147766323,1.456329345703125,densification,analysis/v18_canonical_pipeline/inputs/densification/cifar_learned_all6.json
cifar,learned,42,0.0005,0.022868853736929387,0.9969072164948454,1.4717346549034118,densification,analysis/v18_canonical_pipeline/inputs/densification/cifar_learned_all6.json
cifar,learned,42,0.00075,0.0349742779991818,0.9962199312714777,1.4877204537391662,densification,analysis/v18_canonical_pipeline/inputs/densification/cifar_learned_all6.json
cifar,learned,42,0.001,0.045699392483009665,0.9941580756013746,1.5042594909667968,densification,analysis/v18_canonical_pipeline/inputs/densification/cifar_learned_all6.json
cifar,learned,123,0.00025,0.011921910790929462,0.998438855160451,1.4607085406780242,densification,analysis/v18_canonical_pipeline/inputs/densification/cifar_learned_all6.json
cifar,learned,123,0.0005,0.024018790363086878,0.9986123156981787,1.4780243813991547,densification,analysis/v18_canonical_pipeline/inputs/densification/cifar_learned_all6.json
cifar,learned,123,0.00075,0.03604573819425176,0.995836947094536,1.4960939586162567,densification,analysis/v18_canonical_pipeline/inputs/densification/cifar_learned_all6.json
cifar,learned,123,0.001,0.047833309435272704,0.9941023417172593,1.514959943294525,densification,analysis/v18_canonical_pipeline/inputs/densification/cifar_learned_all6.json
cifar,learned,456,0.00025,0.00974555794147635,0.9993027714833537,1.4362236440181733,densification,analysis/v18_canonical_pipeline/inputs/densification/cifar_learned_all6.json
cifar,learned,456,0.0005,0.019700113636777445,0.997908314450061,1.4495741248130798,densification,analysis/v18_canonical_pipeline/inputs/densification/cifar_learned_all6.json
cifar,learned,456,0.00075,0.02989837195391547,0.9965138574167683,1.463426685333252,densification,analysis/v18_canonical_pipeline/inputs/densification/cifar_learned_all6.json
cifar,learned,456,0.001,0.04053033367144188,0.9959909360292836,1.4778183817863464,densification,analysis/v18_canonical_pipeline/inputs/densification/cifar_learned_all6.json
cifar,learned,789,0.00025,0.011466544311240393,0.9991260269183709,1.5001844882965087,densification,analysis/v18_canonical_pipeline/inputs/densification/cifar_learned_all6.json
cifar,learned,789,0.0005,0.02308905284431119,0.9977276699877644,1.515386062860489,densification,analysis/v18_canonical_pipeline/inputs/densification/cifar_learned_all6.json
cifar,learned,789,0.00075,0.03473815158172579,0.9959797238245062,1.5310580372810363,densification,analysis/v18_canonical_pipeline/inputs/densification/cifar_learned_all6.json
cifar,learned,789,0.001,0.046277752094800964,0.9930082153469671,1.5472396671772004,densification,analysis/v18_canonical_pipeline/inputs/densification/cifar_learned_all6.json
cifar,learned,1011,0.00025,0.014706025062705793,0.9998249299719888,1.4767927289009095,densification,analysis/v18_canonical_pipeline/inputs/densification/cifar_learned_all6.json
cifar,learned,1011,0.0005,0.029748429606731318,0.998249299719888,1.4926241159439086,densification,analysis/v18_canonical_pipeline/inputs/densification/cifar_learned_all6.json
cifar,learned,1011,0.00075,0.04511316471528229,0.9980742296918768,1.5090146481990814,densification,analysis/v18_canonical_pipeline/inputs/densification/cifar_learned_all6.json
cifar,learned,1011,0.001,0.06031802766467227,0.9961484593837535,1.5261249780654906,densification,analysis/v18_canonical_pipeline/inputs/densification/cifar_learned_all6.json
cifar,learned,1213,0.00025,0.010457976180852431,0.9994752492566031,1.5374895334243774,densification,analysis/v18_canonical_pipeline/inputs/densification/cifar_learned_all6.json
cifar,learned,1213,0.0005,0.020843435158100245,0.9984257477698093,1.5523984491825105,densification,analysis/v18_canonical_pipeline/inputs/densification/cifar_learned_all6.json
cifar,learned,1213,0.00075,0.03124274923142819,0.998600664684275,1.567752856016159,densification,analysis/v18_canonical_pipeline/inputs/densification/cifar_learned_all6.json
cifar,learned,1213,0.001,0.04160708324455762,0.9970264124540843,1.5835772395133971,densification,analysis/v18_canonical_pipeline/inputs/densification/cifar_learned_all6.json
cifar,rope,42,0.005,0.011238242602887763,0.9995142487046632,1.2125428140163421,densification,analysis/v18_canonical_pipeline/inputs/densification/cifar_rope_all6.json
cifar,rope,42,0.01,0.0235521095322422,0.9990284974093264,1.2255807131528855,densification,analysis/v18_canonical_pipeline/inputs/densification/cifar_rope_all6.json
cifar,rope,42,0.015,0.03696623224869792,0.9941709844559585,1.2431407302618027,densification,analysis/v18_canonical_pipeline/inputs/densification/cifar_rope_all6.json
cifar,rope,42,0.02,0.05037473258275163,0.9891515544041452,1.2652562022209168,densification,analysis/v18_canonical_pipeline/inputs/densification/cifar_rope_all6.json
cifar,rope,123,0.005,0.01296573630088253,1.002422480620155,1.1590175598859787,densification,analysis/v18_canonical_pipeline/inputs/densification/cifar_rope_all6.json
cifar,rope,123,0.01,0.037000519243707064,1.000484496124031,1.169542196393013,densification,analysis/v18_canonical_pipeline/inputs/densification/cifar_rope_all6.json
cifar,rope,123,0.015,0.0612054864517373,0.9953165374677003,1.1866714179515838,densification,analysis/v18_canonical_pipeline/inputs/densification/cifar_rope_all6.json
cifar,rope,123,0.02,0.07931140673953056,0.9804586563307495,1.2135681360960007,densification,analysis/v18_canonical_pipeline/inputs/densification/cifar_rope_all6.json
cifar,rope,456,0.005,0.030065505540062824,1.000484027105518,1.1840466111898422,densification,analysis/v18_canonical_pipeline/inputs/densification/cifar_rope_all6.json
cifar,rope,456,0.01,0.07359895473458425,0.995159728944821,1.206804421544075,densification,analysis/v18_canonical_pipeline/inputs/densification/cifar_rope_all6.json
cifar,rope,456,0.015,0.11180543600993521,0.9866085834140046,1.2467928558588028,densification,analysis/v18_canonical_pipeline/inputs/densification/cifar_rope_all6.json
cifar,rope,456,0.02,0.14534301379468484,0.9728944820909973,1.2979043424129486,densification,analysis/v18_canonical_pipeline/inputs/densification/cifar_rope_all6.json
cifar,rope,789,0.005,0.013415031209451873,0.9970774476376035,1.1660351753234863,densification,analysis/v18_canonical_pipeline/inputs/densification/cifar_rope_all6.json
cifar,rope,789,0.01,0.028925115210506724,0.995291443416139,1.1783785015344619,densification,analysis/v18_canonical_pipeline/inputs/densification/cifar_rope_all6.json
cifar,rope,789,0.015,0.0448350780981179,0.9874979704497484,1.1966907113790513,densification,analysis/v18_canonical_pipeline/inputs/densification/cifar_rope_all6.json
cifar,rope,789,0.02,0.06066030639440754,0.9788926773826921,1.2222668200731277,densification,analysis/v18_canonical_pipeline/inputs/densification/cifar_rope_all6.json
cifar,rope,1011,0.005,0.020936076849390833,0.9972514147130154,1.2097477853298186,densification,analysis/v18_canonical_pipeline/inputs/densification/cifar_rope_all6.json
cifar,rope,1011,0.01,0.06572580972652556,0.9920776071139855,1.2268523454666138,densification,analysis/v18_canonical_pipeline/inputs/densification/cifar_rope_all6.json
cifar,rope,1011,0.015,0.10568473880158558,0.980598221503638,1.257811066508293,densification,analysis/v18_canonical_pipeline/inputs/densification/cifar_rope_all6.json
cifar,rope,1011,0.02,0.1406648002986973,0.9699272433306387,1.3042539536952973,densification,analysis/v18_canonical_pipeline/inputs/densification/cifar_rope_all6.json
cifar,rope,1213,0.005,0.015703957326367025,0.9983813531887342,1.1777969866991043,densification,analysis/v18_canonical_pipeline/inputs/densification/cifar_rope_all6.json
cifar,rope,1213,0.01,0.033361166654235615,0.994658465522823,1.1927345484495162,densification,analysis/v18_canonical_pipeline/inputs/densification/cifar_rope_all6.json
cifar,rope,1213,0.015,0.050852458118806364,0.9883457429588864,1.2159190267324447,densification,analysis/v18_canonical_pipeline/inputs/densification/cifar_rope_all6.json
cifar,rope,1213,0.02,0.06724621334548822,0.9791194561346716,1.2477713435888291,densification,analysis/v18_canonical_pipeline/inputs/densification/cifar_rope_all6.json
imagenet,learned,1011,0.00025,0.008902082035266459,0.9981811567842852,0.915932460129261,densification,analysis/v18_canonical_pipeline/inputs/densification/imagenet_learned_seeds_1011_1213.json
imagenet,learned,1011,0.0005,0.019874841014774988,0.9985449254274283,0.925901009188965,densification,analysis/v18_canonical_pipeline/inputs/densification/imagenet_learned_seeds_1011_1213.json
imagenet,learned,1011,0.00075,0.03569738815792629,0.9938159330665698,0.9367829259950667,densification,analysis/v18_canonical_pipeline/inputs/densification/imagenet_learned_seeds_1011_1213.json
imagenet,learned,1011,0.001,0.06171987610140985,0.99017824663514,0.951875459216535,densification,analysis/v18_canonical_pipeline/inputs/densification/imagenet_learned_seeds_1011_1213.json
imagenet,learned,1213,0.00025,0.012255108376152181,0.9996366279069766,0.9599603809881956,densification,analysis/v18_canonical_pipeline/inputs/densification/imagenet_learned_seeds_1011_1213.json
imagenet,learned,1213,0.0005,0.026594509581225452,0.9970930232558138,0.9712307746987789,densification,analysis/v18_canonical_pipeline/inputs/densification/imagenet_learned_seeds_1011_1213.json
imagenet,learned,1213,0.00075,0.04441646702521267,0.9960029069767442,0.9834075591992587,densification,analysis/v18_canonical_pipeline/inputs/densification/imagenet_learned_seeds_1011_1213.json
imagenet,learned,1213,0.001,0.11371086958276297,0.9840116279069766,1.0197002629283816,densification,analysis/v18_canonical_pipeline/inputs/densification/imagenet_learned_seeds_1011_1213.json
imagenet,learned,42,0.00025,0.009458034380346897,0.9989098837209301,0.9554893338121474,densification,analysis/v18_canonical_pipeline/inputs/densification/imagenet_learned_seeds_42_123.json
imagenet,learned,42,0.0005,0.020802489319226205,0.9996366279069766,0.9661892635282129,densification,analysis/v18_canonical_pipeline/inputs/densification/imagenet_learned_seeds_42_123.json
imagenet,learned,42,0.00075,0.04902656173936399,0.998546511627907,0.9789339543320239,densification,analysis/v18_canonical_pipeline/inputs/densification/imagenet_learned_seeds_42_123.json
imagenet,learned,42,0.001,0.10002190138584283,0.9880087209302325,1.0024820289108902,densification,analysis/v18_canonical_pipeline/inputs/densification/imagenet_learned_seeds_42_123.json
imagenet,learned,123,0.00025,0.007448498846294486,0.9996380745566414,0.9099280070979148,densification,analysis/v18_canonical_pipeline/inputs/densification/imagenet_learned_seeds_42_123.json
imagenet,learned,123,0.0005,0.01603901248859653,0.9992761491132828,0.919735922664404,densification,analysis/v18_canonical_pipeline/inputs/densification/imagenet_learned_seeds_42_123.json
imagenet,learned,123,0.00075,0.02942556345657348,0.995656894679696,0.9302207811269909,densification,analysis/v18_canonical_pipeline/inputs/densification/imagenet_learned_seeds_42_123.json
imagenet,learned,123,0.001,0.04833413888637212,0.9945711183496201,0.9422781948000193,densification,analysis/v18_canonical_pipeline/inputs/densification/imagenet_learned_seeds_42_123.json
imagenet,learned,456,0.00025,0.004106843010664594,0.9988978692138134,0.9657847701571882,densification,analysis/v18_canonical_pipeline/inputs/densification/imagenet_learned_seeds_456_789.json
imagenet,learned,456,0.0005,0.008517517574208598,0.9963262307127113,0.9754698004573583,densification,analysis/v18_canonical_pipeline/inputs/densification/imagenet_learned_seeds_456_789.json
imagenet,learned,456,0.00075,0.013355914509740451,0.9959588537839825,0.9854988751001656,densification,analysis/v18_canonical_pipeline/inputs/densification/imagenet_learned_seeds_456_789.json
imagenet,learned,456,0.001,0.019197394971012208,0.9930198383541514,0.9958227118011564,densification,analysis/v18_canonical_pipeline/inputs/densification/imagenet_learned_seeds_456_789.json
imagenet,learned,789,0.00025,0.014179047462371136,0.998531031950055,0.9622298531234265,densification,analysis/v18_canonical_pipeline/inputs/densification/imagenet_learned_seeds_456_789.json
imagenet,learned,789,0.0005,0.033618984202980734,0.9966948218876239,0.9777514616958797,densification,analysis/v18_canonical_pipeline/inputs/densification/imagenet_learned_seeds_456_789.json
imagenet,learned,789,0.00075,0.061390970707639395,0.9897172236503856,1.0001815845258535,densification,analysis/v18_canonical_pipeline/inputs/densification/imagenet_learned_seeds_456_789.json
imagenet,learned,789,0.001,0.0918774317002631,0.9827396254131472,1.038944720942527,densification,analysis/v18_canonical_pipeline/inputs/densification/imagenet_learned_seeds_456_789.json
imagenet,rope,42,0.0125,0.01934129838893027,0.9955509924709103,0.6851123815402389,densification,analysis/v18_canonical_pipeline/inputs/densification/imagenet_rope_optional_all6.json
imagenet,rope,42,0.0375,0.049010925511211445,0.972621492128679,0.805359807331115,densification,analysis/v18_canonical_pipeline/inputs/densification/imagenet_rope_optional_all6.json
imagenet,rope,123,0.0125,0.02350169297779859,0.9955280357757137,0.7265695990994573,densification,analysis/v18_canonical_pipeline/inputs/densification/imagenet_rope_optional_all6.json
imagenet,rope,123,0.0375,0.04979620274910563,0.9656002751977985,0.86250009839423,densification,analysis/v18_canonical_pipeline/inputs/densification/imagenet_rope_optional_all6.json
imagenet,rope,456,0.0125,0.022933192906942776,1.0017152658662092,0.7476379223167896,densification,analysis/v18_canonical_pipeline/inputs/densification/imagenet_rope_optional_all6.json
imagenet,rope,456,0.0375,0.05224675931451624,0.9612349914236707,0.8947812992148101,densification,analysis/v18_canonical_pipeline/inputs/densification/imagenet_rope_optional_all6.json
imagenet,rope,789,0.0125,0.019635474449633344,0.9969335604770017,0.7652424825821071,densification,analysis/v18_canonical_pipeline/inputs/densification/imagenet_rope_optional_all6.json
imagenet,rope,789,0.0375,0.04538761075047529,0.9625212947189098,0.9317422278691083,densification,analysis/v18_canonical_pipeline/inputs/densification/imagenet_rope_optional_all6.json
imagenet,rope,1011,0.0125,0.020338535064103682,0.9996570644718792,0.715755789866671,densification,analysis/v18_canonical_pipeline/inputs/densification/imagenet_rope_optional_all6.json
imagenet,rope,1011,0.0375,0.05288581165123381,0.9790809327846365,0.8489850381854922,densification,analysis/v18_canonical_pipeline/inputs/densification/imagenet_rope_optional_all6.json
imagenet,rope,1213,0.0125,0.02159239584565684,0.9979459089352961,0.7185778017621487,densification,analysis/v18_canonical_pipeline/inputs/densification/imagenet_rope_optional_all6.json
imagenet,rope,1213,0.0375,0.04969084902961034,0.9657651489216021,0.8216873661614954,densification,analysis/v18_canonical_pipeline/inputs/densification/imagenet_rope_optional_all6.json
imagenet,alibi,42,0.0025,0.011871486707873894,0.9871931696905017,0.884551395708695,base,analysis/v18_canonical_pipeline/inputs/imagenet_base/session_1_seeds_42/attacks_alibi.json
imagenet,alibi,42,0.005,0.02344294124747467,0.9580220562077554,0.9969297545030713,base,analysis/v18_canonical_pipeline/inputs/imagenet_base/session_1_seeds_42/attacks_alibi.json
imagenet,alibi,42,0.01,0.051448866920336234,0.8384916399857703,1.3531272828578949,base,analysis/v18_canonical_pipeline/inputs/imagenet_base/session_1_seeds_42/attacks_alibi.json
imagenet,alibi,42,0.0125,0.06400935764894843,0.7317680540732836,1.6882580460980534,base,analysis/v18_canonical_pipeline/inputs/imagenet_base/session_1_seeds_42/attacks_alibi.json
imagenet,alibi,42,0.015,0.07605946428856944,0.6207755247242974,2.07724983766675,base,analysis/v18_canonical_pipeline/inputs/imagenet_base/session_1_seeds_42/attacks_alibi.json
imagenet,alibi,42,0.02,0.09885957205718719,0.424048381358947,2.8571828961372376,base,analysis/v18_canonical_pipeline/inputs/imagenet_base/session_1_seeds_42/attacks_alibi.json
imagenet,alibi,42,0.025,0.12049825139216758,0.2746353610814657,3.442315639555454,base,analysis/v18_canonical_pipeline/inputs/imagenet_base/session_1_seeds_42/attacks_alibi.json
imagenet,learned,42,0.00125,0.12604614375043002,0.9752906976744186,1.0262042732909322,base,analysis/v18_canonical_pipeline/inputs/imagenet_base/session_1_seeds_42/attacks_learned.json
imagenet,learned,42,0.0015,0.1512684182149666,0.9676598837209303,1.0530317341908813,base,analysis/v18_canonical_pipeline/inputs/imagenet_base/session_1_seeds_42/attacks_learned.json
imagenet,learned,42,0.00175,0.17438579900517864,0.9629360465116279,1.1403881462756544,base,analysis/v18_canonical_pipeline/inputs/imagenet_base/session_1_seeds_42/attacks_learned.json
imagenet,learned,42,0.002,0.20053695436742636,0.9127906976744184,1.3010669801384211,base,analysis/v18_canonical_pipeline/inputs/imagenet_base/session_1_seeds_42/attacks_learned.json
imagenet,learned,42,0.00225,0.22506034283069076,0.7034883720930232,2.0314271587878467,base,analysis/v18_canonical_pipeline/inputs/imagenet_base/session_1_seeds_42/attacks_learned.json
imagenet,learned,42,0.0025,0.25148879393004375,0.3986191860465116,3.1527364179491997,base,analysis/v18_canonical_pipeline/inputs/imagenet_base/session_1_seeds_42/attacks_learned.json
imagenet,rope,42,0.025,0.03268049685232364,0.9876796714579055,0.7255033292341977,base,analysis/v18_canonical_pipeline/inputs/imagenet_base/session_1_seeds_42/attacks_rope.json
imagenet,rope,42,0.05,0.07953193456001827,0.904517453798768,1.032815572200343,base,analysis/v18_canonical_pipeline/inputs/imagenet_base/session_1_seeds_42/attacks_rope.json
imagenet,rope,42,0.06,0.1101489733910826,0.7522245037645449,1.5971148785203695,base,analysis/v18_canonical_pipeline/inputs/imagenet_base/session_1_seeds_42/attacks_rope.json
imagenet,rope,42,0.07,0.13736459069198237,0.472621492128679,2.7699449229985476,base,analysis/v18_canonical_pipeline/inputs/imagenet_base/session_1_seeds_42/attacks_rope.json
imagenet,rope,42,0.075,0.14381839803997426,0.31793292265571527,3.509571996331215,base,analysis/v18_canonical_pipeline/inputs/imagenet_base/session_1_seeds_42/attacks_rope.json
imagenet,rope,42,0.08,0.15221343326195913,0.18514715947980837,4.110046589374543,base,analysis/v18_canonical_pipeline/inputs/imagenet_base/session_1_seeds_42/attacks_rope.json
imagenet,rope,42,0.09,0.1650690188919318,0.08829568788501027,4.7608840122818945,base,analysis/v18_canonical_pipeline/inputs/imagenet_base/session_1_seeds_42/attacks_rope.json
imagenet,rope,42,0.1,0.17690151138693405,0.060232717316906235,5.05559624582529,base,analysis/v18_canonical_pipeline/inputs/imagenet_base/session_1_seeds_42/attacks_rope.json
imagenet,sinusoidal,42,0.0025,0.006677460320696461,0.9904728299223712,0.9152050741016865,base,analysis/v18_canonical_pipeline/inputs/imagenet_base/session_1_seeds_42/attacks_sinusoidal.json
imagenet,sinusoidal,42,0.005,0.02232142756403102,0.9650670430486943,1.0318757281638682,base,analysis/v18_canonical_pipeline/inputs/imagenet_base/session_1_seeds_42/attacks_sinusoidal.json
imagenet,sinusoidal,42,0.006,0.04029595845772871,0.936485532815808,1.1304938427172602,base,analysis/v18_canonical_pipeline/inputs/imagenet_base/session_1_seeds_42/attacks_sinusoidal.json
imagenet,sinusoidal,42,0.007,0.06193270764730229,0.8362738179251941,1.4848722121678293,base,analysis/v18_canonical_pipeline/inputs/imagenet_base/session_1_seeds_42/attacks_sinusoidal.json
imagenet,sinusoidal,42,0.008,0.07824530995448441,0.5885673959068454,2.41097138337791,base,analysis/v18_canonical_pipeline/inputs/imagenet_base/session_1_seeds_42/attacks_sinusoidal.json
imagenet,sinusoidal,42,0.009,0.08740585671286598,0.33521524347212417,3.4406072653830053,base,analysis/v18_canonical_pipeline/inputs/imagenet_base/session_1_seeds_42/attacks_sinusoidal.json
imagenet,sinusoidal,42,0.01,0.09376408601574558,0.176076217360621,4.275195437669754,base,analysis/v18_canonical_pipeline/inputs/imagenet_base/session_1_seeds_42/attacks_sinusoidal.json
imagenet,sinusoidal,42,0.02,0.09867487214415757,0.02258292166549047,7.077130046486855,base,analysis/v18_canonical_pipeline/inputs/imagenet_base/session_1_seeds_42/attacks_sinusoidal.json
imagenet,alibi,123,0.0025,0.012231312285763256,0.985790408525755,0.9042289577424526,base,analysis/v18_canonical_pipeline/inputs/imagenet_base/session_2_seeds_123/attacks_alibi.json
imagenet,alibi,123,0.005,0.023993779301492824,0.9673179396092363,0.9965461631305516,base,analysis/v18_canonical_pipeline/inputs/imagenet_base/session_2_seeds_123/attacks_alibi.json
imagenet,alibi,123,0.01,0.05304609461657292,0.8238010657193606,1.3691695949062705,base,analysis/v18_canonical_pipeline/inputs/imagenet_base/session_2_seeds_123/attacks_alibi.json
imagenet,alibi,123,0.0125,0.06605359146152201,0.7214920071047958,1.693521181680262,base,analysis/v18_canonical_pipeline/inputs/imagenet_base/session_2_seeds_123/attacks_alibi.json
imagenet,alibi,123,0.015,0.0783221177971553,0.6095914742451155,2.0841881688684225,base,analysis/v18_canonical_pipeline/inputs/imagenet_base/session_2_seeds_123/attacks_alibi.json
imagenet,alibi,123,0.02,0.10063814838317084,0.3996447602131439,2.905833911895752,base,analysis/v18_canonical_pipeline/inputs/imagenet_base/session_2_seeds_123/attacks_alibi.json
imagenet,alibi,123,0.025,0.12307873248140365,0.2536412078152753,3.5577420189976694,base,analysis/v18_canonical_pipeline/inputs/imagenet_base/session_2_seeds_123/attacks_alibi.json
imagenet,learned,123,0.00125,0.07592459969608399,0.9887803112558814,0.9599610523786396,base,analysis/v18_canonical_pipeline/inputs/imagenet_base/session_2_seeds_123/attacks_learned.json
imagenet,learned,123,0.0015,0.09580649530942457,0.9851610568222946,0.9778741143178195,base,analysis/v18_canonical_pipeline/inputs/imagenet_base/session_2_seeds_123/attacks_learned.json
imagenet,learned,123,0.00175,0.11327960264820501,0.9482446615997105,1.079444454330951,base,analysis/v18_canonical_pipeline/inputs/imagenet_base/session_2_seeds_123/attacks_learned.json
imagenet,learned,123,0.002,0.13326648855470857,0.8946796959826276,1.2872217059135438,base,analysis/v18_canonical_pipeline/inputs/imagenet_base/session_2_seeds_123/attacks_learned.json
imagenet,learned,123,0.00225,0.15297248043074443,0.7756062251176259,1.7177569059655071,base,analysis/v18_canonical_pipeline/inputs/imagenet_base/session_2_seeds_123/attacks_learned.json
imagenet,learned,123,0.0025,0.17393032798566513,0.50814332247557,2.711404598131776,base,analysis/v18_canonical_pipeline/inputs/imagenet_base/session_2_seeds_123/attacks_learned.json
imagenet,rope,123,0.025,0.031172332047151228,0.9917440660474716,0.7618031780235469,base,analysis/v18_canonical_pipeline/inputs/imagenet_base/session_2_seeds_123/attacks_rope.json
imagenet,rope,123,0.05,0.07673827737893485,0.8844169246646026,1.145845869416371,base,analysis/v18_canonical_pipeline/inputs/imagenet_base/session_2_seeds_123/attacks_rope.json
imagenet,rope,123,0.06,0.09594790132997633,0.7162022703818369,1.7775528710335493,base,analysis/v18_canonical_pipeline/inputs/imagenet_base/session_2_seeds_123/attacks_rope.json
imagenet,rope,123,0.07,0.11112375611600724,0.42380460956312344,2.988739275187254,base,analysis/v18_canonical_pipeline/inputs/imagenet_base/session_2_seeds_123/attacks_rope.json
imagenet,rope,123,0.075,0.11653567145491965,0.28207774337805297,3.5449627175927163,base,analysis/v18_canonical_pipeline/inputs/imagenet_base/session_2_seeds_123/attacks_rope.json
imagenet,rope,123,0.08,0.12275551907961023,0.1874785001719986,4.060412986576557,base,analysis/v18_canonical_pipeline/inputs/imagenet_base/session_2_seeds_123/attacks_rope.json
imagenet,rope,123,0.09,0.1340420183739759,0.09700722394220845,4.649489076435566,base,analysis/v18_canonical_pipeline/inputs/imagenet_base/session_2_seeds_123/attacks_rope.json
imagenet,rope,123,0.1,0.1441585463562157,0.06776745786033711,4.98576333373785,base,analysis/v18_canonical_pipeline/inputs/imagenet_base/session_2_seeds_123/attacks_rope.json
imagenet,sinusoidal,123,0.0025,0.0070253496644224695,0.9882978723404257,0.9292313300538808,base,analysis/v18_canonical_pipeline/inputs/imagenet_base/session_2_seeds_123/attacks_sinusoidal.json
imagenet,sinusoidal,123,0.005,0.02213642838910859,0.9624113475177306,1.0609255641233175,base,analysis/v18_canonical_pipeline/inputs/imagenet_base/session_2_seeds_123/attacks_sinusoidal.json
imagenet,sinusoidal,123,0.006,0.04783007502869729,0.924468085106383,1.1626625802833588,base,analysis/v18_canonical_pipeline/inputs/imagenet_base/session_2_seeds_123/attacks_sinusoidal.json
imagenet,sinusoidal,123,0.007,0.0755758041346782,0.7549645390070923,1.6669844878837465,base,analysis/v18_canonical_pipeline/inputs/imagenet_base/session_2_seeds_123/attacks_sinusoidal.json
imagenet,sinusoidal,123,0.008,0.088097816001208,0.498581560283688,2.6184141539037227,base,analysis/v18_canonical_pipeline/inputs/imagenet_base/session_2_seeds_123/attacks_sinusoidal.json
imagenet,sinusoidal,123,0.009,0.09365443265874125,0.3067375886524823,3.416346290707588,base,analysis/v18_canonical_pipeline/inputs/imagenet_base/session_2_seeds_123/attacks_sinusoidal.json
imagenet,sinusoidal,123,0.01,0.09746627733932789,0.18368794326241136,4.051004181802273,base,analysis/v18_canonical_pipeline/inputs/imagenet_base/session_2_seeds_123/attacks_sinusoidal.json
imagenet,sinusoidal,123,0.02,0.09484895419774633,0.019858156028368795,7.199779182672501,base,analysis/v18_canonical_pipeline/inputs/imagenet_base/session_2_seeds_123/attacks_sinusoidal.json
imagenet,alibi,456,0.0025,0.01200795241186736,0.9867525957751521,0.9256310096476227,base,analysis/v18_canonical_pipeline/inputs/imagenet_base/session_3_seeds_456/attacks_alibi.json
imagenet,alibi,456,0.005,0.023573575583011153,0.9595417114214106,1.0151143023744225,base,analysis/v18_canonical_pipeline/inputs/imagenet_base/session_3_seeds_456/attacks_alibi.json
imagenet,alibi,456,0.01,0.04587846261621027,0.8775510204081631,1.3472566392272711,base,analysis/v18_canonical_pipeline/inputs/imagenet_base/session_3_seeds_456/attacks_alibi.json
imagenet,alibi,456,0.0125,0.06476894331013897,0.7440028643036162,1.6692839870229363,base,analysis/v18_canonical_pipeline/inputs/imagenet_base/session_3_seeds_456/attacks_alibi.json
imagenet,alibi,456,0.015,0.07697429763287883,0.623344074471894,2.0946867439895867,base,analysis/v18_canonical_pipeline/inputs/imagenet_base/session_3_seeds_456/attacks_alibi.json
imagenet,alibi,456,0.02,0.10014030796530721,0.4153240243465807,2.920415258407593,base,analysis/v18_canonical_pipeline/inputs/imagenet_base/session_3_seeds_456/attacks_alibi.json
imagenet,alibi,456,0.025,0.12231729742645932,0.25277479412817755,3.528396297991276,base,analysis/v18_canonical_pipeline/inputs/imagenet_base/session_3_seeds_456/attacks_alibi.json
imagenet,learned,456,0.00125,0.039192013136129016,0.9893460690668627,1.0069205991458148,base,analysis/v18_canonical_pipeline/inputs/imagenet_base/session_3_seeds_456/attacks_learned.json
imagenet,learned,456,0.0015,0.07195597462763634,0.9867744305657606,1.0272789953742176,base,analysis/v18_canonical_pipeline/inputs/imagenet_base/session_3_seeds_456/attacks_learned.json
imagenet,learned,456,0.00175,0.0805099891000621,0.9823659074210139,1.0557661158964038,base,analysis/v18_canonical_pipeline/inputs/imagenet_base/session_3_seeds_456/attacks_learned.json
imagenet,learned,456,0.002,0.1541308802355012,0.9643644379132992,1.1277034767903387,base,analysis/v18_canonical_pipeline/inputs/imagenet_base/session_3_seeds_456/attacks_learned.json
imagenet,learned,456,0.00225,0.18363223324483946,0.9180749448934609,1.2644842973910273,base,analysis/v18_canonical_pipeline/inputs/imagenet_base/session_3_seeds_456/attacks_learned.json
imagenet,learned,456,0.0025,0.2072542416193139,0.7468772961058046,1.9521253767423332,base,analysis/v18_canonical_pipeline/inputs/imagenet_base/session_3_seeds_456/attacks_learned.json
imagenet,rope,456,0.025,0.03308427223375716,0.9934819897084048,0.7871247276198119,base,analysis/v18_canonical_pipeline/inputs/imagenet_base/session_3_seeds_456/attacks_rope.json
imagenet,rope,456,0.05,0.07957536425451862,0.8888507718696398,1.156024044752121,base,analysis/v18_canonical_pipeline/inputs/imagenet_base/session_3_seeds_456/attacks_rope.json
imagenet,rope,456,0.06,0.09882895053946845,0.7197255574614065,1.7806172009557486,base,analysis/v18_canonical_pipeline/inputs/imagenet_base/session_3_seeds_456/attacks_rope.json
imagenet,rope,456,0.07,0.11326943081690141,0.39656946826758155,3.0975724555552007,base,analysis/v18_canonical_pipeline/inputs/imagenet_base/session_3_seeds_456/attacks_rope.json
imagenet,rope,456,0.075,0.11917144259835294,0.2490566037735849,3.739536549896002,base,analysis/v18_canonical_pipeline/inputs/imagenet_base/session_3_seeds_456/attacks_rope.json
imagenet,rope,456,0.08,0.12577415092758368,0.17358490566037735,4.165382465720176,base,analysis/v18_canonical_pipeline/inputs/imagenet_base/session_3_seeds_456/attacks_rope.json
imagenet,rope,456,0.09,0.13527921641875268,0.08473413379073756,4.7409865200519565,base,analysis/v18_canonical_pipeline/inputs/imagenet_base/session_3_seeds_456/attacks_rope.json
imagenet,rope,456,0.1,0.14678083606675324,0.06243567753001716,4.977370947599411,base,analysis/v18_canonical_pipeline/inputs/imagenet_base/session_3_seeds_456/attacks_rope.json
imagenet,sinusoidal,456,0.0025,0.006791262570392758,0.9879132598649129,0.9188811589032412,base,analysis/v18_canonical_pipeline/inputs/imagenet_base/session_3_seeds_456/attacks_sinusoidal.json
imagenet,sinusoidal,456,0.005,0.017250486504273257,0.967294703163882,1.0209956229198724,base,analysis/v18_canonical_pipeline/inputs/imagenet_base/session_3_seeds_456/attacks_sinusoidal.json
imagenet,sinusoidal,456,0.006,0.026714415137341643,0.9512975471027373,1.0750849202275277,base,analysis/v18_canonical_pipeline/inputs/imagenet_base/session_3_seeds_456/attacks_sinusoidal.json
imagenet,sinusoidal,456,0.007,0.05495571021801737,0.9125488801990757,1.1732732680626214,base,analysis/v18_canonical_pipeline/inputs/imagenet_base/session_3_seeds_456/attacks_sinusoidal.json
imagenet,sinusoidal,456,0.008,0.08216528832318418,0.7511553501599716,1.674933017604053,base,analysis/v18_canonical_pipeline/inputs/imagenet_base/session_3_seeds_456/attacks_sinusoidal.json
imagenet,sinusoidal,456,0.009,0.09265649757762363,0.4998222538215429,2.6454113356769087,base,analysis/v18_canonical_pipeline/inputs/imagenet_base/session_3_seeds_456/attacks_sinusoidal.json
imagenet,sinusoidal,456,0.01,0.09835189798621874,0.28226093138997516,3.5690759852528573,base,analysis/v18_canonical_pipeline/inputs/imagenet_base/session_3_seeds_456/attacks_sinusoidal.json
imagenet,sinusoidal,456,0.02,0.09771691619260302,0.01848560255954497,7.030694741010666,base,analysis/v18_canonical_pipeline/inputs/imagenet_base/session_3_seeds_456/attacks_sinusoidal.json
imagenet,alibi,789,0.0025,0.012133049466770981,0.990343347639485,0.9456572300288826,base,analysis/v18_canonical_pipeline/inputs/imagenet_base/session_4_seeds_789/attacks_alibi.json
imagenet,alibi,789,0.005,0.023881334558597492,0.9717453505007152,1.025782998977229,base,analysis/v18_canonical_pipeline/inputs/imagenet_base/session_4_seeds_789/attacks_alibi.json
imagenet,alibi,789,0.01,0.05119169520840806,0.8454935622317595,1.2972381601110101,base,analysis/v18_canonical_pipeline/inputs/imagenet_base/session_4_seeds_789/attacks_alibi.json
imagenet,alibi,789,0.0125,0.06379862792038689,0.7535765379113019,1.6266557971015572,base,analysis/v18_canonical_pipeline/inputs/imagenet_base/session_4_seeds_789/attacks_alibi.json
imagenet,alibi,789,0.015,0.0759387719632624,0.650214592274678,2.0316739335656164,base,analysis/v18_canonical_pipeline/inputs/imagenet_base/session_4_seeds_789/attacks_alibi.json
imagenet,alibi,789,0.02,0.09910934382500373,0.42739628040057226,2.8214652687311172,base,analysis/v18_canonical_pipeline/inputs/imagenet_base/session_4_seeds_789/attacks_alibi.json
imagenet,alibi,789,0.025,0.12119486644812684,0.28290414878397707,3.393049054592848,base,analysis/v18_canonical_pipeline/inputs/imagenet_base/session_4_seeds_789/attacks_alibi.json
imagenet,learned,789,0.00125,0.11864891629311786,0.9702533969886155,1.097148411720991,base,analysis/v18_canonical_pipeline/inputs/imagenet_base/session_4_seeds_789/attacks_learned.json
imagenet,learned,789,0.0015,0.13971791648336368,0.948586118251928,1.1816174027044326,base,analysis/v18_canonical_pipeline/inputs/imagenet_base/session_4_seeds_789/attacks_learned.json
imagenet,learned,789,0.00175,0.16810069620493584,0.8501652589056188,1.485250973980874,base,analysis/v18_canonical_pipeline/inputs/imagenet_base/session_4_seeds_789/attacks_learned.json
imagenet,learned,789,0.002,0.20203655854498379,0.5978699963275799,2.3162737146019934,base,analysis/v18_canonical_pipeline/inputs/imagenet_base/session_4_seeds_789/attacks_learned.json
imagenet,learned,789,0.00225,0.22631038749708526,0.37201615864854937,3.1222975842654703,base,analysis/v18_canonical_pipeline/inputs/imagenet_base/session_4_seeds_789/attacks_learned.json
imagenet,learned,789,0.0025,0.24343751236767738,0.24605214836577305,3.5913335397839545,base,analysis/v18_canonical_pipeline/inputs/imagenet_base/session_4_seeds_789/attacks_learned.json
imagenet,rope,789,0.025,0.028172269668562018,0.9908006814310051,0.8155850644223392,base,analysis/v18_canonical_pipeline/inputs/imagenet_base/session_4_seeds_789/attacks_rope.json
imagenet,rope,789,0.05,0.07349061913575283,0.8695059625212948,1.2415039813611657,base,analysis/v18_canonical_pipeline/inputs/imagenet_base/session_4_seeds_789/attacks_rope.json
imagenet,rope,789,0.06,0.09359498731839097,0.6606473594548552,1.9592162491753697,base,analysis/v18_canonical_pipeline/inputs/imagenet_base/session_4_seeds_789/attacks_rope.json
imagenet,rope,789,0.07,0.11204876624036988,0.3441226575809199,3.396522707492113,base,analysis/v18_canonical_pipeline/inputs/imagenet_base/session_4_seeds_789/attacks_rope.json
imagenet,rope,789,0.075,0.11779149267953186,0.21396933560477,4.046816159784794,base,analysis/v18_canonical_pipeline/inputs/imagenet_base/session_4_seeds_789/attacks_rope.json
imagenet,rope,789,0.08,0.12567510327046366,0.1434412265758092,4.503347539901734,base,analysis/v18_canonical_pipeline/inputs/imagenet_base/session_4_seeds_789/attacks_rope.json
imagenet,rope,789,0.09,0.1375720964226727,0.08756388415672912,4.977632649242878,base,analysis/v18_canonical_pipeline/inputs/imagenet_base/session_4_seeds_789/attacks_rope.json
imagenet,rope,789,0.1,0.14962034156462223,0.05792163543441227,5.247025041282177,base,analysis/v18_canonical_pipeline/inputs/imagenet_base/session_4_seeds_789/attacks_rope.json
imagenet,sinusoidal,789,0.0025,0.007077614218340129,0.9848056537102473,0.8980085078626872,base,analysis/v18_canonical_pipeline/inputs/imagenet_base/session_4_seeds_789/attacks_sinusoidal.json
imagenet,sinusoidal,789,0.005,0.018402315142462652,0.9632508833922261,1.013153479155153,base,analysis/v18_canonical_pipeline/inputs/imagenet_base/session_4_seeds_789/attacks_sinusoidal.json
imagenet,sinusoidal,789,0.006,0.033793129323895166,0.9353356890459364,1.0898726063314825,base,analysis/v18_canonical_pipeline/inputs/imagenet_base/session_4_seeds_789/attacks_sinusoidal.json
imagenet,sinusoidal,789,0.007,0.0664768161439356,0.8600706713780918,1.3031608121935279,base,analysis/v18_canonical_pipeline/inputs/imagenet_base/session_4_seeds_789/attacks_sinusoidal.json
imagenet,sinusoidal,789,0.008,0.08231993226360206,0.6837455830388692,1.880691079236567,base,analysis/v18_canonical_pipeline/inputs/imagenet_base/session_4_seeds_789/attacks_sinusoidal.json
imagenet,sinusoidal,789,0.009,0.08964630581603189,0.47102473498233216,2.7719237454235555,base,analysis/v18_canonical_pipeline/inputs/imagenet_base/session_4_seeds_789/attacks_sinusoidal.json
imagenet,sinusoidal,789,0.01,0.09197322250124108,0.30459363957597174,3.6330587111413477,base,analysis/v18_canonical_pipeline/inputs/imagenet_base/session_4_seeds_789/attacks_sinusoidal.json
imagenet,sinusoidal,789,0.02,0.10188481685349114,0.028621908127208478,7.015483653545379,base,analysis/v18_canonical_pipeline/inputs/imagenet_base/session_4_seeds_789/attacks_sinusoidal.json
imagenet,alibi,1011,0.0025,0.012215570735179104,0.9886805801202688,0.9045325521845371,base,analysis/v18_canonical_pipeline/inputs/imagenet_base/session_5_seeds_1011/attacks_alibi.json
imagenet,alibi,1011,0.005,0.024133473641477533,0.9635656172621153,1.0078137044794857,base,analysis/v18_canonical_pipeline/inputs/imagenet_base/session_5_seeds_1011/attacks_alibi.json
imagenet,alibi,1011,0.01,0.05231423162046233,0.8107534488857447,1.4020955050364137,base,analysis/v18_canonical_pipeline/inputs/imagenet_base/session_5_seeds_1011/attacks_alibi.json
imagenet,alibi,1011,0.0125,0.06493926537656577,0.7110010611956138,1.7608152685686946,base,analysis/v18_canonical_pipeline/inputs/imagenet_base/session_5_seeds_1011/attacks_alibi.json
imagenet,alibi,1011,0.015,0.07780444525749311,0.5843650512911214,2.2226772416383027,base,analysis/v18_canonical_pipeline/inputs/imagenet_base/session_5_seeds_1011/attacks_alibi.json
imagenet,alibi,1011,0.02,0.09987204814125204,0.4248319773611603,2.8386364497244356,base,analysis/v18_canonical_pipeline/inputs/imagenet_base/session_5_seeds_1011/attacks_alibi.json
imagenet,alibi,1011,0.025,0.12332677005482341,0.2260346657233817,3.67242379412055,base,analysis/v18_canonical_pipeline/inputs/imagenet_base/session_5_seeds_1011/attacks_alibi.json
imagenet,learned,1011,0.00125,0.11625110263324683,0.9770825754819936,0.9916367982979863,base,analysis/v18_canonical_pipeline/inputs/imagenet_base/session_5_seeds_1011/attacks_learned.json
imagenet,learned,1011,0.0015,0.13473936023924896,0.9578028373954165,1.0522151485551148,base,analysis/v18_canonical_pipeline/inputs/imagenet_base/session_5_seeds_1011/attacks_learned.json
imagenet,learned,1011,0.00175,0.1527151290841689,0.9410694798108403,1.1109807181172073,base,analysis/v18_canonical_pipeline/inputs/imagenet_base/session_5_seeds_1011/attacks_learned.json
imagenet,learned,1011,0.002,0.16570626423074564,0.9243361222262642,1.1637991027906538,base,analysis/v18_canonical_pipeline/inputs/imagenet_base/session_5_seeds_1011/attacks_learned.json
imagenet,learned,1011,0.00225,0.1544406191226164,0.870134594397963,1.340670898836106,base,analysis/v18_canonical_pipeline/inputs/imagenet_base/session_5_seeds_1011/attacks_learned.json
imagenet,learned,1011,0.0025,0.14498283717886198,0.6929792651873409,1.9723214881494642,base,analysis/v18_canonical_pipeline/inputs/imagenet_base/session_5_seeds_1011/attacks_learned.json
imagenet,rope,1011,0.025,0.033065122960332066,0.9907407407407407,0.7613012162502855,base,analysis/v18_canonical_pipeline/inputs/imagenet_base/session_5_seeds_1011/attacks_rope.json
imagenet,rope,1011,0.05,0.08778417726363623,0.8919753086419752,1.1294029183220118,base,analysis/v18_canonical_pipeline/inputs/imagenet_base/session_5_seeds_1011/attacks_rope.json
imagenet,rope,1011,0.06,0.11875385620320429,0.7270233196159122,1.7093411292880774,base,analysis/v18_canonical_pipeline/inputs/imagenet_base/session_5_seeds_1011/attacks_rope.json
imagenet,rope,1011,0.07,0.13690896039818734,0.38340192043895743,3.1624413624405863,base,analysis/v18_canonical_pipeline/inputs/imagenet_base/session_5_seeds_1011/attacks_rope.json
imagenet,rope,1011,0.075,0.14367974360114208,0.25891632373113854,3.8051387667655945,base,analysis/v18_canonical_pipeline/inputs/imagenet_base/session_5_seeds_1011/attacks_rope.json
imagenet,rope,1011,0.08,0.14976125862061831,0.15054869684499314,4.337875072658062,base,analysis/v18_canonical_pipeline/inputs/imagenet_base/session_5_seeds_1011/attacks_rope.json
imagenet,rope,1011,0.09,0.16072112698458513,0.07510288065843622,4.787743252515793,base,analysis/v18_canonical_pipeline/inputs/imagenet_base/session_5_seeds_1011/attacks_rope.json
imagenet,rope,1011,0.1,0.17046010676121465,0.05452674897119341,5.127431425452232,base,analysis/v18_canonical_pipeline/inputs/imagenet_base/session_5_seeds_1011/attacks_rope.json
imagenet,sinusoidal,1011,0.0025,0.00620397376379672,0.987012987012987,0.9118772026151418,base,analysis/v18_canonical_pipeline/inputs/imagenet_base/session_5_seeds_1011/attacks_sinusoidal.json
imagenet,sinusoidal,1011,0.005,0.018066761528137475,0.9687609687609687,1.035861198231578,base,analysis/v18_canonical_pipeline/inputs/imagenet_base/session_5_seeds_1011/attacks_sinusoidal.json
imagenet,sinusoidal,1011,0.006,0.032383096373176413,0.9431379431379432,1.1132183449342847,base,analysis/v18_canonical_pipeline/inputs/imagenet_base/session_5_seeds_1011/attacks_sinusoidal.json
imagenet,sinusoidal,1011,0.007,0.06262430121714936,0.8557388557388558,1.3605155980214476,base,analysis/v18_canonical_pipeline/inputs/imagenet_base/session_5_seeds_1011/attacks_sinusoidal.json
imagenet,sinusoidal,1011,0.008,0.07948579220604257,0.6525096525096525,2.1713128603994845,base,analysis/v18_canonical_pipeline/inputs/imagenet_base/session_5_seeds_1011/attacks_sinusoidal.json
imagenet,sinusoidal,1011,0.009,0.08845850008529103,0.4011934011934012,3.1650741174817085,base,analysis/v18_canonical_pipeline/inputs/imagenet_base/session_5_seeds_1011/attacks_sinusoidal.json
imagenet,sinusoidal,1011,0.01,0.09361133010580415,0.22744822744822743,3.940271408855915,base,analysis/v18_canonical_pipeline/inputs/imagenet_base/session_5_seeds_1011/attacks_sinusoidal.json
imagenet,sinusoidal,1011,0.02,0.09574811439212834,0.024921024921024923,7.384656006097794,base,analysis/v18_canonical_pipeline/inputs/imagenet_base/session_5_seeds_1011/attacks_sinusoidal.json
imagenet,alibi,1213,0.0025,0.013206398726246165,0.9881550610193827,0.9037217553239316,base,analysis/v18_canonical_pipeline/inputs/imagenet_base/session_6_seeds_1213/attacks_alibi.json
imagenet,alibi,1213,0.005,0.026308400729496584,0.969849246231156,1.0130757979117333,base,analysis/v18_canonical_pipeline/inputs/imagenet_base/session_6_seeds_1213/attacks_alibi.json
imagenet,alibi,1213,0.01,0.05887526336210574,0.8557071069633885,1.4135750784538685,base,analysis/v18_canonical_pipeline/inputs/imagenet_base/session_6_seeds_1213/attacks_alibi.json
imagenet,alibi,1213,0.0125,0.073507846767792,0.7674084709260589,1.7190425822511315,base,analysis/v18_canonical_pipeline/inputs/imagenet_base/session_6_seeds_1213/attacks_alibi.json
imagenet,alibi,1213,0.015,0.08295176309731546,0.648600143575018,2.074439347162843,base,analysis/v18_canonical_pipeline/inputs/imagenet_base/session_6_seeds_1213/attacks_alibi.json
imagenet,alibi,1213,0.02,0.10674881304385847,0.4260588657573583,2.8456704348325728,base,analysis/v18_canonical_pipeline/inputs/imagenet_base/session_6_seeds_1213/attacks_alibi.json
imagenet,alibi,1213,0.025,0.12918397487392716,0.2627422828427854,3.448216123878956,base,analysis/v18_canonical_pipeline/inputs/imagenet_base/session_6_seeds_1213/attacks_alibi.json
imagenet,learned,1213,0.00125,0.14000343831709025,0.9640261627906975,1.0713483716826886,base,analysis/v18_canonical_pipeline/inputs/imagenet_base/session_6_seeds_1213/attacks_learned.json
imagenet,learned,1213,0.0015,0.16308414603987287,0.9451308139534882,1.126318195834756,base,analysis/v18_canonical_pipeline/inputs/imagenet_base/session_6_seeds_1213/attacks_learned.json
imagenet,learned,1213,0.00175,0.18344720973461706,0.929142441860465,1.1845268643461169,base,analysis/v18_canonical_pipeline/inputs/imagenet_base/session_6_seeds_1213/attacks_learned.json
imagenet,learned,1213,0.002,0.12153358217423096,0.8975290697674418,1.2599426617380232,base,analysis/v18_canonical_pipeline/inputs/imagenet_base/session_6_seeds_1213/attacks_learned.json
imagenet,learned,1213,0.00225,0.13562637825404078,0.7063953488372092,1.989008124731481,base,analysis/v18_canonical_pipeline/inputs/imagenet_base/session_6_seeds_1213/attacks_learned.json
imagenet,learned,1213,0.0025,0.15420556028289492,0.37754360465116277,3.3443319290876388,base,analysis/v18_canonical_pipeline/inputs/imagenet_base/session_6_seeds_1213/attacks_learned.json
imagenet,rope,1213,0.025,0.03544043600360341,0.9904142416980485,0.7522409739904106,base,analysis/v18_canonical_pipeline/inputs/imagenet_base/session_6_seeds_1213/attacks_rope.json
imagenet,rope,1213,0.05,0.07532781577739123,0.9014036288942142,1.0638451628386973,base,analysis/v18_canonical_pipeline/inputs/imagenet_base/session_6_seeds_1213/attacks_rope.json
imagenet,rope,1213,0.06,0.10096029532752554,0.7363916466963368,1.6411880056373775,base,analysis/v18_canonical_pipeline/inputs/imagenet_base/session_6_seeds_1213/attacks_rope.json
imagenet,rope,1213,0.07,0.11961863183809139,0.43135912358781237,2.952264875918627,base,analysis/v18_canonical_pipeline/inputs/imagenet_base/session_6_seeds_1213/attacks_rope.json
imagenet,rope,1213,0.075,0.1288077834205875,0.2916809311879493,3.648555536568165,base,analysis/v18_canonical_pipeline/inputs/imagenet_base/session_6_seeds_1213/attacks_rope.json
imagenet,rope,1213,0.08,0.1355048635700807,0.1807600136939404,4.202827522158623,base,analysis/v18_canonical_pipeline/inputs/imagenet_base/session_6_seeds_1213/attacks_rope.json
imagenet,rope,1213,0.09,0.14734749411013023,0.08558712769599451,4.778904719650745,base,analysis/v18_canonical_pipeline/inputs/imagenet_base/session_6_seeds_1213/attacks_rope.json
imagenet,rope,1213,0.1,0.15863692245894911,0.0657309140705238,5.056574349105358,base,analysis/v18_canonical_pipeline/inputs/imagenet_base/session_6_seeds_1213/attacks_rope.json
imagenet,sinusoidal,1213,0.0025,0.006602441033180775,0.9906976744186047,0.9333281429018825,base,analysis/v18_canonical_pipeline/inputs/imagenet_base/session_6_seeds_1213/attacks_sinusoidal.json
imagenet,sinusoidal,1213,0.005,0.019692442686974156,0.9649373881932022,1.0508679289370775,base,analysis/v18_canonical_pipeline/inputs/imagenet_base/session_6_seeds_1213/attacks_sinusoidal.json
imagenet,sinusoidal,1213,0.006,0.03438124045585196,0.9427549194991056,1.1271552891936154,base,analysis/v18_canonical_pipeline/inputs/imagenet_base/session_6_seeds_1213/attacks_sinusoidal.json
imagenet,sinusoidal,1213,0.007,0.060042437007271826,0.863685152057245,1.3419647811446338,base,analysis/v18_canonical_pipeline/inputs/imagenet_base/session_6_seeds_1213/attacks_sinusoidal.json
imagenet,sinusoidal,1213,0.008,0.07842586947735847,0.6669051878354204,2.0722640607506038,base,analysis/v18_canonical_pipeline/inputs/imagenet_base/session_6_seeds_1213/attacks_sinusoidal.json
imagenet,sinusoidal,1213,0.009,0.08772296254888175,0.4300536672629696,2.9879256751388312,base,analysis/v18_canonical_pipeline/inputs/imagenet_base/session_6_seeds_1213/attacks_sinusoidal.json
imagenet,sinusoidal,1213,0.01,0.09278054047809267,0.25044722719141327,3.749497290700674,base,analysis/v18_canonical_pipeline/inputs/imagenet_base/session_6_seeds_1213/attacks_sinusoidal.json
imagenet,sinusoidal,1213,0.02,0.09826531099701107,0.024329159212880147,7.4727789729833605,base,analysis/v18_canonical_pipeline/inputs/imagenet_base/session_6_seeds_1213/attacks_sinusoidal.json
