dataset,family,seed,budget,rho,accuracy,n_draws,rho_sd_across_draws,accuracy_sd_across_draws,sources
cifar,alibi,42,0.005,0.021638554274202783,0.998342736248237,10,0.00015888764383833461,0.0010969367743601194,analysis/v18_canonical_pipeline/inputs/cifar_base/session_1_seeds_42_123/noise_all_families.json
cifar,alibi,42,0.01,0.04328813491024407,0.9962976022566996,10,0.000337280852426494,0.002091025725747207,analysis/v18_canonical_pipeline/inputs/cifar_base/session_1_seeds_42_123/noise_all_families.json
cifar,alibi,42,0.025,0.10838053310201592,0.9829689703808182,10,0.0010280248859034448,0.008433679542411282,analysis/v18_canonical_pipeline/inputs/cifar_base/session_1_seeds_42_123/noise_all_families.json
cifar,alibi,42,0.05,0.21751973068584723,0.922849083215797,10,0.002764790584274112,0.024089837425185532,analysis/v18_canonical_pipeline/inputs/cifar_base/session_1_seeds_42_123/noise_all_families.json
cifar,alibi,42,0.075,0.3260059529454698,0.8162023977433005,10,0.004030063864773519,0.044187076403721326,analysis/v18_canonical_pipeline/inputs/cifar_base/session_1_seeds_42_123/noise_all_families.json
cifar,alibi,42,0.1,0.43302134016903404,0.7003702397743301,10,0.0044105810026993765,0.06610341811776142,analysis/v18_canonical_pipeline/inputs/cifar_base/session_1_seeds_42_123/noise_all_families.json
cifar,alibi,42,0.15,0.6447670757879458,0.4980077574047955,10,0.0038888722302190953,0.08314479859096248,analysis/v18_canonical_pipeline/inputs/cifar_base/session_1_seeds_42_123/noise_all_families.json
cifar,alibi,42,0.2,0.8555010062936219,0.36119534555712274,10,0.0028895015551106524,0.08718284672355357,analysis/v18_canonical_pipeline/inputs/cifar_base/session_1_seeds_42_123/noise_all_families.json
cifar,alibi,123,0.005,0.022371564864689088,0.9981903601879243,10,0.0017702696729408336,0.0019310157084675894,analysis/v18_canonical_pipeline/inputs/cifar_base/session_1_seeds_42_123/noise_all_families.json
cifar,alibi,123,0.01,0.044678442320942084,0.9955107012354272,10,0.0033654193385841947,0.00509144173979526,analysis/v18_canonical_pipeline/inputs/cifar_base/session_1_seeds_42_123/noise_all_families.json
cifar,alibi,123,0.025,0.11109583987675264,0.9716721767878893,10,0.006706664202719211,0.01686806348254524,analysis/v18_canonical_pipeline/inputs/cifar_base/session_1_seeds_42_123/noise_all_families.json
cifar,alibi,123,0.05,0.2206024905919947,0.8923960327127196,10,0.009538079374355598,0.046913832933096235,analysis/v18_canonical_pipeline/inputs/cifar_base/session_1_seeds_42_123/noise_all_families.json
cifar,alibi,123,0.075,0.32860781904716807,0.7666434661562553,10,0.01087780603916,0.08597258386584872,analysis/v18_canonical_pipeline/inputs/cifar_base/session_1_seeds_42_123/noise_all_families.json
cifar,alibi,123,0.1,0.43507380558272785,0.635026970593353,10,0.011362003927381424,0.11105929030627129,analysis/v18_canonical_pipeline/inputs/cifar_base/session_1_seeds_42_123/noise_all_families.json
cifar,alibi,123,0.15,0.6466005046743812,0.4339829476248477,10,0.011848382387745333,0.10712870068576308,analysis/v18_canonical_pipeline/inputs/cifar_base/session_1_seeds_42_123/noise_all_families.json
cifar,alibi,123,0.2,0.8571751895089161,0.303010266225857,10,0.01186099069891573,0.09924695269361097,analysis/v18_canonical_pipeline/inputs/cifar_base/session_1_seeds_42_123/noise_all_families.json
cifar,alibi,456,0.005,0.02221798854726815,0.99841493483621,10,0.0006261935674646407,0.002446009939650082,analysis/v18_canonical_pipeline/inputs/cifar_base/session_2_seeds_456_789/noise_all_families.json
cifar,alibi,456,0.01,0.04451861198214638,0.9950510743219445,10,0.0014683308308041537,0.005905992947095182,analysis/v18_canonical_pipeline/inputs/cifar_base/session_2_seeds_456_789/noise_all_families.json
cifar,alibi,456,0.025,0.1117104735424215,0.9703945051074323,10,0.005041135543954092,0.016447029765334416,analysis/v18_canonical_pipeline/inputs/cifar_base/session_2_seeds_456_789/noise_all_families.json
cifar,alibi,456,0.05,0.22134849668576564,0.882617118703769,10,0.008574488202628646,0.061598370826856645,analysis/v18_canonical_pipeline/inputs/cifar_base/session_2_seeds_456_789/noise_all_families.json
cifar,alibi,456,0.075,0.3282567808173097,0.7528178936245158,10,0.007828029122629115,0.11296384924949368,analysis/v18_canonical_pipeline/inputs/cifar_base/session_2_seeds_456_789/noise_all_families.json
cifar,alibi,456,0.1,0.4337420456595346,0.6230186685452626,10,0.006271892334070203,0.13986207871912965,analysis/v18_canonical_pipeline/inputs/cifar_base/session_2_seeds_456_789/noise_all_families.json
cifar,alibi,456,0.15,0.6435500029317451,0.42912997534343084,10,0.0040945289019414495,0.15703980055002909,analysis/v18_canonical_pipeline/inputs/cifar_base/session_2_seeds_456_789/noise_all_families.json
cifar,alibi,456,0.2,0.8537839352223475,0.32249031349066576,10,0.004521664311435577,0.14263889089893853,analysis/v18_canonical_pipeline/inputs/cifar_base/session_2_seeds_456_789/noise_all_families.json
cifar,alibi,789,0.005,0.02173090255020945,0.9980255110955791,10,0.0003867324423902138,0.00161001565609498,analysis/v18_canonical_pipeline/inputs/cifar_base/session_2_seeds_456_789/noise_all_families.json
cifar,alibi,789,0.01,0.04340212125904575,0.9949676742966975,10,0.0006966190187160899,0.0031803849470188324,analysis/v18_canonical_pipeline/inputs/cifar_base/session_2_seeds_456_789/noise_all_families.json
cifar,alibi,789,0.025,0.10807402361034553,0.9789620828236938,10,0.0013766404619116922,0.010735713106620276,analysis/v18_canonical_pipeline/inputs/cifar_base/session_2_seeds_456_789/noise_all_families.json
cifar,alibi,789,0.05,0.21515776027429617,0.9268215970644766,10,0.002495429945266884,0.026419879436401412,analysis/v18_canonical_pipeline/inputs/cifar_base/session_2_seeds_456_789/noise_all_families.json
cifar,alibi,789,0.075,0.3221290460192229,0.8338633583784727,10,0.00350686708869413,0.04319385563681748,analysis/v18_canonical_pipeline/inputs/cifar_base/session_2_seeds_456_789/noise_all_families.json
cifar,alibi,789,0.1,0.428738913822763,0.7231696662589551,10,0.0038450499130316196,0.05989716896988042,analysis/v18_canonical_pipeline/inputs/cifar_base/session_2_seeds_456_789/noise_all_families.json
cifar,alibi,789,0.15,0.6400550261252906,0.5288834527345798,10,0.003335404693581046,0.08685558416288398,analysis/v18_canonical_pipeline/inputs/cifar_base/session_2_seeds_456_789/noise_all_families.json
cifar,alibi,789,0.2,0.8503919028418284,0.3935698060457802,10,0.0032271091738841355,0.0808350378556528,analysis/v18_canonical_pipeline/inputs/cifar_base/session_2_seeds_456_789/noise_all_families.json
cifar,alibi,1011,0.005,0.021845565220020492,0.998570681540875,10,0.0003208467835453089,0.0012960867811143016,analysis/v18_canonical_pipeline/inputs/cifar_base/session_3_seeds_1011_1213/noise_all_families.json
cifar,alibi,1011,0.01,0.043680399784369356,0.9957120446226251,10,0.0005987426841500644,0.0025934755732415103,analysis/v18_canonical_pipeline/inputs/cifar_base/session_3_seeds_1011_1213/noise_all_families.json
cifar,alibi,1011,0.025,0.10916989982853331,0.9775318110510719,10,0.0012804324478175831,0.010952706353301018,analysis/v18_canonical_pipeline/inputs/cifar_base/session_3_seeds_1011_1213/noise_all_families.json
cifar,alibi,1011,0.05,0.21830884216600133,0.9196095520306781,10,0.0027686377364146185,0.027902791383539884,analysis/v18_canonical_pipeline/inputs/cifar_base/session_3_seeds_1011_1213/noise_all_families.json
cifar,alibi,1011,0.075,0.32643404240842355,0.8255359944221718,10,0.004294284267115089,0.055122986400910894,analysis/v18_canonical_pipeline/inputs/cifar_base/session_3_seeds_1011_1213/noise_all_families.json
cifar,alibi,1011,0.1,0.4329384531623372,0.7153913195049677,10,0.0049565804615793315,0.08482102436227597,analysis/v18_canonical_pipeline/inputs/cifar_base/session_3_seeds_1011_1213/noise_all_families.json
cifar,alibi,1011,0.15,0.6432743520147685,0.5151821509499739,10,0.004591375422508687,0.12411769751621267,analysis/v18_canonical_pipeline/inputs/cifar_base/session_3_seeds_1011_1213/noise_all_families.json
cifar,alibi,1011,0.2,0.8530963842831746,0.3830747777584103,10,0.0038950297214753217,0.1237740197346954,analysis/v18_canonical_pipeline/inputs/cifar_base/session_3_seeds_1011_1213/noise_all_families.json
cifar,alibi,1213,0.005,0.021568409970633768,0.9993538246594481,10,0.0001677517659674938,0.0013628790090902119,analysis/v18_canonical_pipeline/inputs/cifar_base/session_3_seeds_1011_1213/noise_all_families.json
cifar,alibi,1213,0.01,0.04316382635482437,0.9962102689486553,10,0.00035898665792704915,0.0016487000828594156,analysis/v18_canonical_pipeline/inputs/cifar_base/session_3_seeds_1011_1213/noise_all_families.json
cifar,alibi,1213,0.025,0.10812957544057429,0.9808767027593432,10,0.001110072552394628,0.005672355626880903,analysis/v18_canonical_pipeline/inputs/cifar_base/session_3_seeds_1011_1213/noise_all_families.json
cifar,alibi,1213,0.05,0.21652069166749577,0.9135347537548025,10,0.0025147108544298306,0.026973559796434284,analysis/v18_canonical_pipeline/inputs/cifar_base/session_3_seeds_1011_1213/noise_all_families.json
cifar,alibi,1213,0.075,0.32391923161891045,0.8147223192455465,10,0.0030361690486897944,0.05717020038482894,analysis/v18_canonical_pipeline/inputs/cifar_base/session_3_seeds_1011_1213/noise_all_families.json
cifar,alibi,1213,0.1,0.43026021302508666,0.6998777506112469,10,0.0029602117433390283,0.08441483882552622,analysis/v18_canonical_pipeline/inputs/cifar_base/session_3_seeds_1011_1213/noise_all_families.json
cifar,alibi,1213,0.15,0.6419019197253918,0.48222144603562694,10,0.002780109587410168,0.11725942503431286,analysis/v18_canonical_pipeline/inputs/cifar_base/session_3_seeds_1011_1213/noise_all_families.json
cifar,alibi,1213,0.2,0.8522208410526586,0.3470485504715333,10,0.0024841614090353507,0.13028910542921568,analysis/v18_canonical_pipeline/inputs/cifar_base/session_3_seeds_1011_1213/noise_all_families.json
cifar,learned,42,0.0025,0.017973789024490403,0.9991752577319588,10,0.00048653649578024523,0.0004114154638274435,analysis/v18_canonical_pipeline/inputs/cifar_base/session_1_seeds_42_123/noise_all_families.json
cifar,learned,42,0.005,0.036220727637048436,0.999106529209622,10,0.0009404423423550306,0.0009120746500524313,analysis/v18_canonical_pipeline/inputs/cifar_base/session_1_seeds_42_123/noise_all_families.json
cifar,learned,42,0.01,0.07457499139181298,0.9984364261168384,10,0.0018062469855687896,0.001229586580476458,analysis/v18_canonical_pipeline/inputs/cifar_base/session_1_seeds_42_123/noise_all_families.json
cifar,learned,42,0.015,0.11586277808208294,0.9966494845360824,10,0.0025300100144802257,0.0013703878710200864,analysis/v18_canonical_pipeline/inputs/cifar_base/session_1_seeds_42_123/noise_all_families.json
cifar,learned,42,0.02,0.1587534017886676,0.9949828178694158,10,0.0030203843228926246,0.001916404603931084,analysis/v18_canonical_pipeline/inputs/cifar_base/session_1_seeds_42_123/noise_all_families.json
cifar,learned,42,0.03,0.24211017275740915,0.9890721649484536,10,0.0035077785656332317,0.0018668085944983542,analysis/v18_canonical_pipeline/inputs/cifar_base/session_1_seeds_42_123/noise_all_families.json
cifar,learned,42,0.04,0.31764563539198964,0.9806357388316151,10,0.0036829568757332193,0.002797693159632251,analysis/v18_canonical_pipeline/inputs/cifar_base/session_1_seeds_42_123/noise_all_families.json
cifar,learned,42,0.05,0.38492863887196604,0.9694845360824742,10,0.0037215078772799845,0.002768403307370826,analysis/v18_canonical_pipeline/inputs/cifar_base/session_1_seeds_42_123/noise_all_families.json
cifar,learned,123,0.0025,0.015436698662788281,1.0001734605377277,10,0.00042884480073654494,0.0006008849289050523,analysis/v18_canonical_pipeline/inputs/cifar_base/session_1_seeds_42_123/noise_all_families.json
cifar,learned,123,0.005,0.031143780445150517,1.0005030355594102,10,0.0008248316467135485,0.0008072078063158431,analysis/v18_canonical_pipeline/inputs/cifar_base/session_1_seeds_42_123/noise_all_families.json
cifar,learned,123,0.01,0.06432871897704426,0.9990112749349522,10,0.0014952501580760334,0.0016638754962435306,analysis/v18_canonical_pipeline/inputs/cifar_base/session_1_seeds_42_123/noise_all_families.json
cifar,learned,123,0.015,0.1004007015948446,0.9980919340849956,10,0.0020384469109868027,0.00245037526457554,analysis/v18_canonical_pipeline/inputs/cifar_base/session_1_seeds_42_123/noise_all_families.json
cifar,learned,123,0.02,0.1384753594953218,0.9958542931483088,10,0.002470507675059064,0.003406437964902644,analysis/v18_canonical_pipeline/inputs/cifar_base/session_1_seeds_42_123/noise_all_families.json
cifar,learned,123,0.03,0.2137715041888777,0.989748482220295,10,0.003208014974768969,0.0034172166184686494,analysis/v18_canonical_pipeline/inputs/cifar_base/session_1_seeds_42_123/noise_all_families.json
cifar,learned,123,0.04,0.28223113966884816,0.9818733738074588,10,0.0037928726804180688,0.004335549666439453,analysis/v18_canonical_pipeline/inputs/cifar_base/session_1_seeds_42_123/noise_all_families.json
cifar,learned,123,0.05,0.34382864759492227,0.9703902862098872,10,0.004220102562324945,0.00400427179865205,analysis/v18_canonical_pipeline/inputs/cifar_base/session_1_seeds_42_123/noise_all_families.json
cifar,learned,456,0.0025,0.014628024282253242,1.0004880599616524,10,0.0006011412405020522,0.00046336417494340944,analysis/v18_canonical_pipeline/inputs/cifar_base/session_2_seeds_456_789/noise_all_families.json
cifar,learned,456,0.005,0.02946111335287941,1.0001743071291616,10,0.0011953497386886145,0.0009791586512319021,analysis/v18_canonical_pipeline/inputs/cifar_base/session_2_seeds_456_789/noise_all_families.json
cifar,learned,456,0.01,0.06053215449640502,0.9999477078612514,10,0.0023151014763136356,0.0014398373796034767,analysis/v18_canonical_pipeline/inputs/cifar_base/session_2_seeds_456_789/noise_all_families.json
cifar,learned,456,0.015,0.09399038884879103,1.0005229213874849,10,0.003258961363639311,0.0015676878232795495,analysis/v18_canonical_pipeline/inputs/cifar_base/session_2_seeds_456_789/noise_all_families.json
cifar,learned,456,0.02,0.12934182829932891,0.9995816628900123,10,0.0040146201496124795,0.0018062271084980837,analysis/v18_canonical_pipeline/inputs/cifar_base/session_2_seeds_456_789/noise_all_families.json
cifar,learned,456,0.03,0.20107706742423326,0.9975248387659056,10,0.0051040622037510615,0.0023048415201046037,analysis/v18_canonical_pipeline/inputs/cifar_base/session_2_seeds_456_789/noise_all_families.json
cifar,learned,456,0.04,0.26887655737392047,0.9907442914415199,10,0.005841285274988313,0.002846957154216084,analysis/v18_canonical_pipeline/inputs/cifar_base/session_2_seeds_456_789/noise_all_families.json
cifar,learned,456,0.05,0.33074285481058646,0.9791354366393584,10,0.006364095388640347,0.0023843929733731815,analysis/v18_canonical_pipeline/inputs/cifar_base/session_2_seeds_456_789/noise_all_families.json
cifar,learned,789,0.0025,0.01693387412219411,0.9995455339975529,10,0.0005861996034932753,0.0006498557824901861,analysis/v18_canonical_pipeline/inputs/cifar_base/session_2_seeds_456_789/noise_all_families.json
cifar,learned,789,0.005,0.034077554188212185,0.9992134242265338,10,0.0011782403603134664,0.0010266859049528397,analysis/v18_canonical_pipeline/inputs/cifar_base/session_2_seeds_456_789/noise_all_families.json
cifar,learned,789,0.01,0.06966645205706418,0.999160985841636,10,0.0020898444606830785,0.0012409186750077985,analysis/v18_canonical_pipeline/inputs/cifar_base/session_2_seeds_456_789/noise_all_families.json
cifar,learned,789,0.015,0.1072886303481592,0.9983219716832721,10,0.0026378349972915804,0.0020136393749617706,analysis/v18_canonical_pipeline/inputs/cifar_base/session_2_seeds_456_789/noise_all_families.json
cifar,learned,789,0.02,0.14591227345415742,0.9969760531375634,10,0.002989288502282706,0.0018425891569648172,analysis/v18_canonical_pipeline/inputs/cifar_base/session_2_seeds_456_789/noise_all_families.json
cifar,learned,789,0.03,0.22103246728970252,0.9911903513371787,10,0.003138381056345164,0.0015811158322517529,analysis/v18_canonical_pipeline/inputs/cifar_base/session_2_seeds_456_789/noise_all_families.json
cifar,learned,789,0.04,0.29041727733015377,0.9830798811396608,10,0.0031066291341355135,0.0026339331274153896,analysis/v18_canonical_pipeline/inputs/cifar_base/session_2_seeds_456_789/noise_all_families.json
cifar,learned,789,0.05,0.35415062531549274,0.9708442579968537,10,0.0030725976301268086,0.002763499874433448,analysis/v18_canonical_pipeline/inputs/cifar_base/session_2_seeds_456_789/noise_all_families.json
cifar,learned,1011,0.0025,0.0187098392542508,1.0003676470588236,10,0.00033301409418058913,0.0007309741489319181,analysis/v18_canonical_pipeline/inputs/cifar_base/session_3_seeds_1011_1213/noise_all_families.json
cifar,learned,1011,0.005,0.037578754221388046,1.0014005602240896,10,0.0005549392412502742,0.0008294042018879462,analysis/v18_canonical_pipeline/inputs/cifar_base/session_3_seeds_1011_1213/noise_all_families.json
cifar,learned,1011,0.01,0.0768174358569362,1.0020833333333334,10,0.001098010747471807,0.0011537809969013524,analysis/v18_canonical_pipeline/inputs/cifar_base/session_3_seeds_1011_1213/noise_all_families.json
cifar,learned,1011,0.015,0.11794557457640313,1.003046218487395,10,0.0018418435939979193,0.0016239521130649883,analysis/v18_canonical_pipeline/inputs/cifar_base/session_3_seeds_1011_1213/noise_all_families.json
cifar,learned,1011,0.02,0.1592338495564953,1.002766106442577,10,0.0022998439150067377,0.0018995972024625288,analysis/v18_canonical_pipeline/inputs/cifar_base/session_3_seeds_1011_1213/noise_all_families.json
cifar,learned,1011,0.03,0.23768060670764787,1.0005252100840336,10,0.002745257697156212,0.0015788689610724362,analysis/v18_canonical_pipeline/inputs/cifar_base/session_3_seeds_1011_1213/noise_all_families.json
cifar,learned,1011,0.04,0.30838533397323864,0.9916666666666665,10,0.0030722288591931456,0.002397884267263847,analysis/v18_canonical_pipeline/inputs/cifar_base/session_3_seeds_1011_1213/noise_all_families.json
cifar,learned,1011,0.05,0.372300580512422,0.9783963585434172,10,0.0033052345970268474,0.003080436617356119,analysis/v18_canonical_pipeline/inputs/cifar_base/session_3_seeds_1011_1213/noise_all_families.json
cifar,learned,1213,0.0025,0.01547214990371579,0.9999125415427672,10,0.000428362437078769,0.0005485070177315531,analysis/v18_canonical_pipeline/inputs/cifar_base/session_3_seeds_1011_1213/noise_all_families.json
cifar,learned,1213,0.005,0.03113486629925728,0.9997551163197482,10,0.0008505423831239152,0.0007521201327781141,analysis/v18_canonical_pipeline/inputs/cifar_base/session_3_seeds_1011_1213/noise_all_families.json
cifar,learned,1213,0.01,0.06367968698475837,0.9990379569704391,10,0.0016595591976873913,0.0009264910840225669,analysis/v18_canonical_pipeline/inputs/cifar_base/session_3_seeds_1011_1213/noise_all_families.json
cifar,learned,1213,0.015,0.09828123125387028,0.9980934056323246,10,0.0023682597531669122,0.0012435650890758106,analysis/v18_canonical_pipeline/inputs/cifar_base/session_3_seeds_1011_1213/noise_all_families.json
cifar,learned,1213,0.02,0.13453129137801814,0.996519153402134,10,0.0029257836114068604,0.0021713664696425177,analysis/v18_canonical_pipeline/inputs/cifar_base/session_3_seeds_1011_1213/noise_all_families.json
cifar,learned,1213,0.03,0.2079256568052918,0.9877733076788523,10,0.0035418097179157654,0.0022723495786648325,analysis/v18_canonical_pipeline/inputs/cifar_base/session_3_seeds_1011_1213/noise_all_families.json
cifar,learned,1213,0.04,0.27777043600746365,0.9754416652090256,10,0.003798137306587995,0.002754841139991173,analysis/v18_canonical_pipeline/inputs/cifar_base/session_3_seeds_1011_1213/noise_all_families.json
cifar,learned,1213,0.05,0.3422756072476298,0.961185936680077,10,0.00406629900195065,0.0035326192407355407,analysis/v18_canonical_pipeline/inputs/cifar_base/session_3_seeds_1011_1213/noise_all_families.json
cifar,rope,42,0.025,0.025128479433318397,0.9998704663212434,10,0.00076357720554468,0.0008034453396341836,analysis/v18_canonical_pipeline/inputs/cifar_base/session_1_seeds_42_123/noise_all_families.json
cifar,rope,42,0.05,0.050273720760301566,0.9993199481865285,10,0.0015265074489728293,0.0010842939554272324,analysis/v18_canonical_pipeline/inputs/cifar_base/session_1_seeds_42_123/noise_all_families.json
cifar,rope,42,0.1,0.10069666143926473,0.9970693005181348,10,0.0030393839681305385,0.0017329248430264538,analysis/v18_canonical_pipeline/inputs/cifar_base/session_1_seeds_42_123/noise_all_families.json
cifar,rope,42,0.2,0.2023251246078201,0.9904792746113991,10,0.005946154918824926,0.0020619986912403326,analysis/v18_canonical_pipeline/inputs/cifar_base/session_1_seeds_42_123/noise_all_families.json
cifar,rope,42,0.3,0.3048504570157955,0.9758743523316064,10,0.008451190278759927,0.005914346948101376,analysis/v18_canonical_pipeline/inputs/cifar_base/session_1_seeds_42_123/noise_all_families.json
cifar,rope,42,0.4,0.40728617648292387,0.9489475388601036,10,0.01031641719590194,0.01174765303768629,analysis/v18_canonical_pipeline/inputs/cifar_base/session_1_seeds_42_123/noise_all_families.json
cifar,rope,42,0.5,0.507927848050885,0.9064119170984457,10,0.011551645180532052,0.022554896185508853,analysis/v18_canonical_pipeline/inputs/cifar_base/session_1_seeds_42_123/noise_all_families.json
cifar,rope,123,0.025,0.023750044545420144,0.999547803617571,10,0.000738780072537231,0.000603312908101698,analysis/v18_canonical_pipeline/inputs/cifar_base/session_1_seeds_42_123/noise_all_families.json
cifar,rope,123,0.05,0.04751994718511769,0.9993701550387597,10,0.0014764003442674042,0.0013152205532012914,analysis/v18_canonical_pipeline/inputs/cifar_base/session_1_seeds_42_123/noise_all_families.json
cifar,rope,123,0.1,0.09524139598320014,0.9967377260981912,10,0.0029472184488723695,0.0016797245907197377,analysis/v18_canonical_pipeline/inputs/cifar_base/session_1_seeds_42_123/noise_all_families.json
cifar,rope,123,0.2,0.19190722263737794,0.9883397932816538,10,0.005778142872336345,0.002918716524863575,analysis/v18_canonical_pipeline/inputs/cifar_base/session_1_seeds_42_123/noise_all_families.json
cifar,rope,123,0.3,0.2902555819262285,0.9741763565891475,10,0.008123424259081923,0.0062061889369163835,analysis/v18_canonical_pipeline/inputs/cifar_base/session_1_seeds_42_123/noise_all_families.json
cifar,rope,123,0.4,0.38936745546032936,0.9484334625322998,10,0.009646139163829616,0.01034181762126618,analysis/v18_canonical_pipeline/inputs/cifar_base/session_1_seeds_42_123/noise_all_families.json
cifar,rope,123,0.5,0.48778007244841665,0.9118863049095609,10,0.010265673049789838,0.017180068970380036,analysis/v18_canonical_pipeline/inputs/cifar_base/session_1_seeds_42_123/noise_all_families.json
cifar,rope,456,0.025,0.025034083834118037,0.9995643756050339,10,0.0006911367950916167,0.0007136854640221195,analysis/v18_canonical_pipeline/inputs/cifar_base/session_2_seeds_456_789/noise_all_families.json
cifar,rope,456,0.05,0.050077755521220214,0.9991126169732171,10,0.0013774860289219588,0.0013737807652409034,analysis/v18_canonical_pipeline/inputs/cifar_base/session_2_seeds_456_789/noise_all_families.json
cifar,rope,456,0.1,0.10029961053315797,0.9978541464988705,10,0.002727927205176773,0.0011535948007347955,analysis/v18_canonical_pipeline/inputs/cifar_base/session_2_seeds_456_789/noise_all_families.json
cifar,rope,456,0.2,0.20164106566568957,0.992836398838335,10,0.005270497634033281,0.002460081692471299,analysis/v18_canonical_pipeline/inputs/cifar_base/session_2_seeds_456_789/noise_all_families.json
cifar,rope,456,0.3,0.3040112325591617,0.9767344304614392,10,0.007469274869276581,0.003361880126225722,analysis/v18_canonical_pipeline/inputs/cifar_base/session_2_seeds_456_789/noise_all_families.json
cifar,rope,456,0.4,0.4061487554149398,0.9515327525008068,10,0.00921577793744622,0.006919646297291839,analysis/v18_canonical_pipeline/inputs/cifar_base/session_2_seeds_456_789/noise_all_families.json
cifar,rope,456,0.5,0.5062321353886347,0.91216521458535,10,0.010342542916715028,0.012731447591366745,analysis/v18_canonical_pipeline/inputs/cifar_base/session_2_seeds_456_789/noise_all_families.json
cifar,rope,789,0.025,0.024212723071349068,0.9991069978892677,10,0.001120970117789416,0.0006038835742929421,analysis/v18_canonical_pipeline/inputs/cifar_base/session_2_seeds_456_789/noise_all_families.json
cifar,rope,789,0.05,0.048447868703775744,0.9983276505926287,10,0.0022434663503703356,0.0008894690342887755,analysis/v18_canonical_pipeline/inputs/cifar_base/session_2_seeds_456_789/noise_all_families.json
cifar,rope,789,0.1,0.0971001127110585,0.9967364831953238,10,0.004483037688143819,0.0017156550158745525,analysis/v18_canonical_pipeline/inputs/cifar_base/session_2_seeds_456_789/noise_all_families.json
cifar,rope,789,0.2,0.1955697565501568,0.9897223575255725,10,0.008821692164923598,0.0029226024743187664,analysis/v18_canonical_pipeline/inputs/cifar_base/session_2_seeds_456_789/noise_all_families.json
cifar,rope,789,0.3,0.2955159488239602,0.9757752881961359,10,0.012622327092162343,0.005809315160530875,analysis/v18_canonical_pipeline/inputs/cifar_base/session_2_seeds_456_789/noise_all_families.json
cifar,rope,789,0.4,0.39570543660241875,0.952411105698977,10,0.015435160280295297,0.0094656506321026,analysis/v18_canonical_pipeline/inputs/cifar_base/session_2_seeds_456_789/noise_all_families.json
cifar,rope,789,0.5,0.4944991501589667,0.914434161389836,10,0.017049743723830918,0.019558406976465242,analysis/v18_canonical_pipeline/inputs/cifar_base/session_2_seeds_456_789/noise_all_families.json
cifar,rope,1011,0.025,0.02521930408597841,0.9989167340339531,10,0.0012226119469467,0.0006602818925698512,analysis/v18_canonical_pipeline/inputs/cifar_base/session_3_seeds_1011_1213/noise_all_families.json
cifar,rope,1011,0.05,0.05045503578455339,0.9978981406628942,10,0.0024285147096953495,0.0007389549555808225,analysis/v18_canonical_pipeline/inputs/cifar_base/session_3_seeds_1011_1213/noise_all_families.json
cifar,rope,1011,0.1,0.10103771042264711,0.9956184316895715,10,0.004747062008196843,0.0014807568623819028,analysis/v18_canonical_pipeline/inputs/cifar_base/session_3_seeds_1011_1213/noise_all_families.json
cifar,rope,1011,0.2,0.20282766603615232,0.9885691188358934,10,0.008769505294094428,0.0032915410733266384,analysis/v18_canonical_pipeline/inputs/cifar_base/session_3_seeds_1011_1213/noise_all_families.json
cifar,rope,1011,0.3,0.3053469124196281,0.9716410670978174,10,0.011837306999139577,0.006360933200139802,analysis/v18_canonical_pipeline/inputs/cifar_base/session_3_seeds_1011_1213/noise_all_families.json
cifar,rope,1011,0.4,0.40765236680011574,0.948682295877122,10,0.013896345795039441,0.013177278183157358,analysis/v18_canonical_pipeline/inputs/cifar_base/session_3_seeds_1011_1213/noise_all_families.json
cifar,rope,1011,0.5,0.5081395504928944,0.9085206143896525,10,0.014977008734046364,0.023585038180410536,analysis/v18_canonical_pipeline/inputs/cifar_base/session_3_seeds_1011_1213/noise_all_families.json
cifar,rope,1213,0.025,0.023628061164256385,1.0000647458724505,10,0.0009645966588045542,0.0008905009619413847,analysis/v18_canonical_pipeline/inputs/cifar_base/session_3_seeds_1011_1213/noise_all_families.json
cifar,rope,1213,0.05,0.047286618403440187,0.9992716089349305,10,0.0019307386082582723,0.0013133334892238711,analysis/v18_canonical_pipeline/inputs/cifar_base/session_3_seeds_1011_1213/noise_all_families.json
cifar,rope,1213,0.1,0.09481659959920444,0.9974263515700874,10,0.003868487573073823,0.0021096984395275018,analysis/v18_canonical_pipeline/inputs/cifar_base/session_3_seeds_1011_1213/noise_all_families.json
cifar,rope,1213,0.2,0.1912326686534197,0.989737779216575,10,0.007716546017086928,0.0032500378622793437,analysis/v18_canonical_pipeline/inputs/cifar_base/session_3_seeds_1011_1213/noise_all_families.json
cifar,rope,1213,0.3,0.2893439513344325,0.9742797021689868,10,0.011259332562585355,0.004960007379871974,analysis/v18_canonical_pipeline/inputs/cifar_base/session_3_seeds_1011_1213/noise_all_families.json
cifar,rope,1213,0.4,0.3880123763988993,0.9497733894464229,10,0.01422111757518502,0.008684576071143292,analysis/v18_canonical_pipeline/inputs/cifar_base/session_3_seeds_1011_1213/noise_all_families.json
cifar,rope,1213,0.5,0.48575019014590365,0.9124312075105212,10,0.01646582288737362,0.017127428405332056,analysis/v18_canonical_pipeline/inputs/cifar_base/session_3_seeds_1011_1213/noise_all_families.json
cifar,sinusoidal,42,0.01,0.015134634034059452,0.9990156442256986,10,0.00040237865568321443,0.0009122400166885707,analysis/v18_canonical_pipeline/inputs/cifar_base/session_1_seeds_42_123/noise_all_families.json
cifar,sinusoidal,42,0.025,0.03822553924478796,0.998505888556864,10,0.0010349817157863385,0.0009707647229027406,analysis/v18_canonical_pipeline/inputs/cifar_base/session_1_seeds_42_123/noise_all_families.json
cifar,sinusoidal,42,0.05,0.07865725781846102,0.9973633327474072,10,0.002183433842458461,0.0022017102276974745,analysis/v18_canonical_pipeline/inputs/cifar_base/session_1_seeds_42_123/noise_all_families.json
cifar,sinusoidal,42,0.075,0.12112045125584465,0.995253998945333,10,0.003283208910463578,0.00294715564304433,analysis/v18_canonical_pipeline/inputs/cifar_base/session_1_seeds_42_123/noise_all_families.json
cifar,sinusoidal,42,0.1,0.16302412324985788,0.9886799085955351,10,0.004045703142250397,0.003821747335892433,analysis/v18_canonical_pipeline/inputs/cifar_base/session_1_seeds_42_123/noise_all_families.json
cifar,sinusoidal,42,0.15,0.23802375668009462,0.971365793636843,10,0.004668136728402853,0.0039682812735138415,analysis/v18_canonical_pipeline/inputs/cifar_base/session_1_seeds_42_123/noise_all_families.json
cifar,sinusoidal,42,0.2,0.3022421911891374,0.9455967656881701,10,0.004951592139108774,0.00708280154903416,analysis/v18_canonical_pipeline/inputs/cifar_base/session_1_seeds_42_123/noise_all_families.json
cifar,sinusoidal,42,0.25,0.35970863477985804,0.9152575145016698,10,0.005136917961644898,0.008552694222161861,analysis/v18_canonical_pipeline/inputs/cifar_base/session_1_seeds_42_123/noise_all_families.json
cifar,sinusoidal,123,0.01,0.015283384606154068,0.9994645725504194,10,0.00042676396560076935,0.0007382755456000139,analysis/v18_canonical_pipeline/inputs/cifar_base/session_1_seeds_42_123/noise_all_families.json
cifar,sinusoidal,123,0.025,0.038441110268947205,0.9991790112439765,10,0.0010370237247262172,0.001251312208948508,analysis/v18_canonical_pipeline/inputs/cifar_base/session_1_seeds_42_123/noise_all_families.json
cifar,sinusoidal,123,0.05,0.0783677557804503,0.9970373014456542,10,0.0019599071891864025,0.0015631782878139195,analysis/v18_canonical_pipeline/inputs/cifar_base/session_1_seeds_42_123/noise_all_families.json
cifar,sinusoidal,123,0.075,0.11994996136758118,0.9945743351775835,10,0.0027261563747006706,0.0015102049474428948,analysis/v18_canonical_pipeline/inputs/cifar_base/session_1_seeds_42_123/noise_all_families.json
cifar,sinusoidal,123,0.1,0.16158050306757193,0.9905586293057291,10,0.003285890017065008,0.0020182590931307376,analysis/v18_canonical_pipeline/inputs/cifar_base/session_1_seeds_42_123/noise_all_families.json
cifar,sinusoidal,123,0.15,0.23768562785266809,0.9751918615027664,10,0.003988884812069107,0.003245447485748299,analysis/v18_canonical_pipeline/inputs/cifar_base/session_1_seeds_42_123/noise_all_families.json
cifar,sinusoidal,123,0.2,0.30261159462625764,0.9535070497947528,10,0.0045115969920603675,0.005739199396362805,analysis/v18_canonical_pipeline/inputs/cifar_base/session_1_seeds_42_123/noise_all_families.json
cifar,sinusoidal,123,0.25,0.35994279190952827,0.9257897554881314,10,0.004875989034924806,0.007744835992155996,analysis/v18_canonical_pipeline/inputs/cifar_base/session_1_seeds_42_123/noise_all_families.json
cifar,sinusoidal,456,0.01,0.014934925631056185,1.0006195786864933,10,0.0004294721041915134,0.0010856416765784224,analysis/v18_canonical_pipeline/inputs/cifar_base/session_2_seeds_456_789/noise_all_families.json
cifar,sinusoidal,456,0.025,0.03764270881230062,1.0017171180739954,10,0.0010855485296558697,0.0010424471704997527,analysis/v18_canonical_pipeline/inputs/cifar_base/session_2_seeds_456_789/noise_all_families.json
cifar,sinusoidal,456,0.05,0.07714080929711782,0.9995043370508053,10,0.0022652468172318463,0.0014969772085137308,analysis/v18_canonical_pipeline/inputs/cifar_base/session_2_seeds_456_789/noise_all_families.json
cifar,sinusoidal,456,0.075,0.11842809720574195,0.9963356346255974,10,0.00348112671085314,0.0018993631478015282,analysis/v18_canonical_pipeline/inputs/cifar_base/session_2_seeds_456_789/noise_all_families.json
cifar,sinusoidal,456,0.1,0.15925379406438478,0.9907417241989733,10,0.00451860702407109,0.003121323529954491,analysis/v18_canonical_pipeline/inputs/cifar_base/session_2_seeds_456_789/noise_all_families.json
cifar,sinusoidal,456,0.15,0.23275719292933977,0.9705434590192956,10,0.005747700657977596,0.003663410297740588,analysis/v18_canonical_pipeline/inputs/cifar_base/session_2_seeds_456_789/noise_all_families.json
cifar,sinusoidal,456,0.2,0.29561123187270977,0.9420428394406091,10,0.00631020165270225,0.004659126500177445,analysis/v18_canonical_pipeline/inputs/cifar_base/session_2_seeds_456_789/noise_all_families.json
cifar,sinusoidal,456,0.25,0.35167528368788087,0.9115241635687733,10,0.006580735215428509,0.007060610969431571,analysis/v18_canonical_pipeline/inputs/cifar_base/session_2_seeds_456_789/noise_all_families.json
cifar,sinusoidal,789,0.01,0.015003239836978034,0.9998603351955306,10,0.000336177997047633,0.0005320823766602473,analysis/v18_canonical_pipeline/inputs/cifar_base/session_2_seeds_456_789/noise_all_families.json
cifar,sinusoidal,789,0.025,0.03785740096501522,0.9990223463687151,10,0.0008441975094136586,0.0007902348788067083,analysis/v18_canonical_pipeline/inputs/cifar_base/session_2_seeds_456_789/noise_all_families.json
cifar,sinusoidal,789,0.05,0.0775837879592188,0.998463687150838,10,0.0017617196992524434,0.0017550963450786146,analysis/v18_canonical_pipeline/inputs/cifar_base/session_2_seeds_456_789/noise_all_families.json
cifar,sinusoidal,789,0.075,0.11876594397543101,0.9959671787709498,10,0.002574959431554486,0.0017640458210990406,analysis/v18_canonical_pipeline/inputs/cifar_base/session_2_seeds_456_789/noise_all_families.json
cifar,sinusoidal,789,0.1,0.15918153290328502,0.9921438547486033,10,0.002962739477012191,0.0021913606126354153,analysis/v18_canonical_pipeline/inputs/cifar_base/session_2_seeds_456_789/noise_all_families.json
cifar,sinusoidal,789,0.15,0.23196543070519673,0.9741794692737429,10,0.003162120458379411,0.0044974708568531,analysis/v18_canonical_pipeline/inputs/cifar_base/session_2_seeds_456_789/noise_all_families.json
cifar,sinusoidal,789,0.2,0.2945078020461534,0.9498777932960895,10,0.0033238245462632585,0.00357448421218772,analysis/v18_canonical_pipeline/inputs/cifar_base/session_2_seeds_456_789/noise_all_families.json
cifar,sinusoidal,789,0.25,0.35055855109376016,0.9176501396648045,10,0.003425112199830367,0.004874427566099052,analysis/v18_canonical_pipeline/inputs/cifar_base/session_2_seeds_456_789/noise_all_families.json
cifar,sinusoidal,1011,0.01,0.014356638878214579,0.99906952247191,10,0.0004181637602948447,0.0004224036149958105,analysis/v18_canonical_pipeline/inputs/cifar_base/session_3_seeds_1011_1213/noise_all_families.json
cifar,sinusoidal,1011,0.025,0.0361109813618848,0.9979985955056179,10,0.0010483627872455656,0.0009370608099836211,analysis/v18_canonical_pipeline/inputs/cifar_base/session_3_seeds_1011_1213/noise_all_families.json
cifar,sinusoidal,1011,0.05,0.07359918345604136,0.9965765449438202,10,0.002097278499211462,0.0027872643268048143,analysis/v18_canonical_pipeline/inputs/cifar_base/session_3_seeds_1011_1213/noise_all_families.json
cifar,sinusoidal,1011,0.075,0.11230568354981685,0.9942064606741571,10,0.0030095073080477525,0.003072192122754398,analysis/v18_canonical_pipeline/inputs/cifar_base/session_3_seeds_1011_1213/noise_all_families.json
cifar,sinusoidal,1011,0.1,0.15026202405876743,0.9906074438202246,10,0.003622803623998874,0.0015444338975183348,analysis/v18_canonical_pipeline/inputs/cifar_base/session_3_seeds_1011_1213/noise_all_families.json
cifar,sinusoidal,1011,0.15,0.21829893848296025,0.9748068820224718,10,0.004161898417968819,0.003472249619398418,analysis/v18_canonical_pipeline/inputs/cifar_base/session_3_seeds_1011_1213/noise_all_families.json
cifar,sinusoidal,1011,0.2,0.2773456140522143,0.9496313202247191,10,0.0044385395210271615,0.006474637222544057,analysis/v18_canonical_pipeline/inputs/cifar_base/session_3_seeds_1011_1213/noise_all_families.json
cifar,sinusoidal,1011,0.25,0.33159425455787916,0.916695926966292,10,0.004633505856532719,0.009847210303739428,analysis/v18_canonical_pipeline/inputs/cifar_base/session_3_seeds_1011_1213/noise_all_families.json
cifar,sinusoidal,1213,0.01,0.015194406048730768,1.000070249385318,10,0.00036737950481233335,0.000717935123135741,analysis/v18_canonical_pipeline/inputs/cifar_base/session_3_seeds_1011_1213/noise_all_families.json
cifar,sinusoidal,1213,0.025,0.038284945817723695,0.999964875307341,10,0.0009043227436951289,0.0011070316500244378,analysis/v18_canonical_pipeline/inputs/cifar_base/session_3_seeds_1011_1213/noise_all_families.json
cifar,sinusoidal,1213,0.05,0.07832521884153996,0.9988584474885844,10,0.0017701188443644358,0.0015604265232715719,analysis/v18_canonical_pipeline/inputs/cifar_base/session_3_seeds_1011_1213/noise_all_families.json
cifar,sinusoidal,1213,0.075,0.12004122780338429,0.9961187214611871,10,0.0025837621524727986,0.0018850797133555806,analysis/v18_canonical_pipeline/inputs/cifar_base/session_3_seeds_1011_1213/noise_all_families.json
cifar,sinusoidal,1213,0.1,0.16123405944026298,0.9893572181243412,10,0.0031811625625288087,0.0021734463013816313,analysis/v18_canonical_pipeline/inputs/cifar_base/session_3_seeds_1011_1213/noise_all_families.json
cifar,sinusoidal,1213,0.15,0.23508163904091872,0.9697049525816649,10,0.003561748013169031,0.0036934319063519636,analysis/v18_canonical_pipeline/inputs/cifar_base/session_3_seeds_1011_1213/noise_all_families.json
cifar,sinusoidal,1213,0.2,0.29844218206372236,0.9443097997892517,10,0.00353925655647248,0.0064061518691359435,analysis/v18_canonical_pipeline/inputs/cifar_base/session_3_seeds_1011_1213/noise_all_families.json
cifar,sinusoidal,1213,0.25,0.35561754745299234,0.9131366350544432,10,0.00346198586456501,0.009863515705441016,analysis/v18_canonical_pipeline/inputs/cifar_base/session_3_seeds_1011_1213/noise_all_families.json
imagenet,alibi,42,0.001,0.004436223210833194,0.9988971896122377,10,7.27014821273244e-05,0.000846012521367865,analysis/v18_canonical_pipeline/inputs/imagenet_base/session_1_seeds_42/noise_all_families.json
imagenet,alibi,42,0.0025,0.01109723004702791,0.9976165065812879,10,0.0001958247953356562,0.0019703850467923303,analysis/v18_canonical_pipeline/inputs/imagenet_base/session_1_seeds_42/noise_all_families.json
imagenet,alibi,42,0.005,0.02220055197906614,0.9923514763429384,10,0.0004337355779318256,0.0032137626545399533,analysis/v18_canonical_pipeline/inputs/imagenet_base/session_1_seeds_42/noise_all_families.json
imagenet,alibi,42,0.01,0.044365341999894746,0.9749555318392031,10,0.0010101206455943063,0.01011940935477132,analysis/v18_canonical_pipeline/inputs/imagenet_base/session_1_seeds_42/noise_all_families.json
imagenet,alibi,42,0.025,0.11039385163782076,0.8800782639630025,10,0.001825567041969003,0.048306155119786365,analysis/v18_canonical_pipeline/inputs/imagenet_base/session_1_seeds_42/noise_all_families.json
imagenet,alibi,42,0.05,0.21787596764873052,0.6501245108502313,10,0.001997428892464649,0.11168038289239833,analysis/v18_canonical_pipeline/inputs/imagenet_base/session_1_seeds_42/noise_all_families.json
imagenet,alibi,123,0.001,0.004470796797172893,0.9982238010657195,10,6.998500355964353e-05,0.0012419287722559484,analysis/v18_canonical_pipeline/inputs/imagenet_base/session_2_seeds_123/noise_all_families.json
imagenet,alibi,123,0.0025,0.011175717736446782,0.9956305506216697,10,0.00018379433506251808,0.0018576168976929851,analysis/v18_canonical_pipeline/inputs/imagenet_base/session_2_seeds_123/noise_all_families.json
imagenet,alibi,123,0.005,0.0223439554741341,0.9911545293072825,10,0.0004012529533973204,0.0030989454334017057,analysis/v18_canonical_pipeline/inputs/imagenet_base/session_2_seeds_123/noise_all_families.json
imagenet,alibi,123,0.01,0.04464058285269914,0.9729662522202487,10,0.000944651908043369,0.00987945627545719,analysis/v18_canonical_pipeline/inputs/imagenet_base/session_2_seeds_123/noise_all_families.json
imagenet,alibi,123,0.025,0.1108229196544545,0.8157371225577265,10,0.0025265871170359906,0.1141554271222119,analysis/v18_canonical_pipeline/inputs/imagenet_base/session_2_seeds_123/noise_all_families.json
imagenet,alibi,123,0.05,0.21865059502338352,0.5144227353463589,10,0.0031916542284734875,0.2339474164024238,analysis/v18_canonical_pipeline/inputs/imagenet_base/session_2_seeds_123/noise_all_families.json
imagenet,alibi,456,0.001,0.004423620811831284,0.9984604368063014,10,5.32610785371806e-05,0.0015837531349835144,analysis/v18_canonical_pipeline/inputs/imagenet_base/session_3_seeds_456/noise_all_families.json
imagenet,alibi,456,0.0025,0.011061409762988623,0.9970998925886143,10,0.00013480868770378662,0.0014166524144383899,analysis/v18_canonical_pipeline/inputs/imagenet_base/session_3_seeds_456/noise_all_families.json
imagenet,alibi,456,0.005,0.02213128565893651,0.9923379878267096,10,0.0002802057282744099,0.0028998863918820767,analysis/v18_canonical_pipeline/inputs/imagenet_base/session_3_seeds_456/noise_all_families.json
imagenet,alibi,456,0.01,0.04428439495027976,0.9751163623344073,10,0.0006087420346227981,0.01057711147680421,analysis/v18_canonical_pipeline/inputs/imagenet_base/session_3_seeds_456/noise_all_families.json
imagenet,alibi,456,0.025,0.11035938612698529,0.8528822055137845,10,0.001419724935911364,0.06631094213045727,analysis/v18_canonical_pipeline/inputs/imagenet_base/session_3_seeds_456/noise_all_families.json
imagenet,alibi,456,0.05,0.21864292439652497,0.5504833512352308,10,0.0019008921813298107,0.11369936621549621,analysis/v18_canonical_pipeline/inputs/imagenet_base/session_3_seeds_456/noise_all_families.json
imagenet,alibi,789,0.001,0.004419317479494699,0.9994277539341916,10,9.794071373737717e-05,0.00150988461602172,analysis/v18_canonical_pipeline/inputs/imagenet_base/session_4_seeds_789/noise_all_families.json
imagenet,alibi,789,0.0025,0.011040960957217077,0.9975321888412017,10,0.00021906353811396197,0.0027778033609068458,analysis/v18_canonical_pipeline/inputs/imagenet_base/session_4_seeds_789/noise_all_families.json
imagenet,alibi,789,0.005,0.022065657579354088,0.9934191702432045,10,0.00037952291938113923,0.0032263817024388752,analysis/v18_canonical_pipeline/inputs/imagenet_base/session_4_seeds_789/noise_all_families.json
imagenet,alibi,789,0.01,0.04409315897461034,0.9802217453505007,10,0.0006463776613623173,0.011484653750976286,analysis/v18_canonical_pipeline/inputs/imagenet_base/session_4_seeds_789/noise_all_families.json
imagenet,alibi,789,0.025,0.1097191812636376,0.9082260371959944,10,0.0012669512036609246,0.041112454970190025,analysis/v18_canonical_pipeline/inputs/imagenet_base/session_4_seeds_789/noise_all_families.json
imagenet,alibi,789,0.05,0.21778006964418428,0.7204935622317596,10,0.0014566428910491103,0.09999566923104507,analysis/v18_canonical_pipeline/inputs/imagenet_base/session_4_seeds_789/noise_all_families.json
imagenet,alibi,1011,0.001,0.004553030931767581,0.9978068623983022,10,0.00013935606762107891,0.0014989032974479953,analysis/v18_canonical_pipeline/inputs/imagenet_base/session_5_seeds_1011/noise_all_families.json
imagenet,alibi,1011,0.0025,0.011381967052268103,0.9958259639193493,10,0.00033437106384261845,0.0024037577985278795,analysis/v18_canonical_pipeline/inputs/imagenet_base/session_5_seeds_1011/noise_all_families.json
imagenet,alibi,1011,0.005,0.022732278087580635,0.9902016271666078,10,0.0006149430933582768,0.004615263412456373,analysis/v18_canonical_pipeline/inputs/imagenet_base/session_5_seeds_1011/noise_all_families.json
imagenet,alibi,1011,0.01,0.045282394166065894,0.9661832331093032,10,0.0011223489350044972,0.016494174900612918,analysis/v18_canonical_pipeline/inputs/imagenet_base/session_5_seeds_1011/noise_all_families.json
imagenet,alibi,1011,0.025,0.11150673609496671,0.8296073576229219,10,0.002047014136366028,0.08432894115937874,analysis/v18_canonical_pipeline/inputs/imagenet_base/session_5_seeds_1011/noise_all_families.json
imagenet,alibi,1011,0.05,0.21830429967774778,0.5684824902723735,10,0.0019902278258584075,0.1409913738133516,analysis/v18_canonical_pipeline/inputs/imagenet_base/session_5_seeds_1011/noise_all_families.json
imagenet,alibi,1213,0.001,0.004748507391176353,0.9986719310839914,10,0.00021213899712079723,0.0011970565626494886,analysis/v18_canonical_pipeline/inputs/imagenet_base/session_6_seeds_1213/noise_all_families.json
imagenet,alibi,1213,0.0025,0.011882627019925837,0.9965541995692749,10,0.000541821329175009,0.001659587545766897,analysis/v18_canonical_pipeline/inputs/imagenet_base/session_6_seeds_1213/noise_all_families.json
imagenet,alibi,1213,0.005,0.023786445445697652,0.9897702799712851,10,0.0011730307230212141,0.00404059458979858,analysis/v18_canonical_pipeline/inputs/imagenet_base/session_6_seeds_1213/noise_all_families.json
imagenet,alibi,1213,0.01,0.047593048199970185,0.9660804020100503,10,0.0027650698255289262,0.013650380097097608,analysis/v18_canonical_pipeline/inputs/imagenet_base/session_6_seeds_1213/noise_all_families.json
imagenet,alibi,1213,0.025,0.11653573519985232,0.8066044508255563,10,0.0044753078250619185,0.08064020113952738,analysis/v18_canonical_pipeline/inputs/imagenet_base/session_6_seeds_1213/noise_all_families.json
imagenet,alibi,1213,0.05,0.22380593787640285,0.5469849246231157,10,0.004105029755881904,0.09997761292685746,analysis/v18_canonical_pipeline/inputs/imagenet_base/session_6_seeds_1213/noise_all_families.json
imagenet,learned,42,0.0025,0.003913242973656732,1.0003270348837208,10,0.0001273895158756444,0.00026811947215568823,analysis/v18_canonical_pipeline/inputs/imagenet_base/session_1_seeds_42/noise_all_families.json
imagenet,learned,42,0.005,0.007823503282487501,1.0003633720930232,10,0.00025915096675428035,0.00034259049476089863,analysis/v18_canonical_pipeline/inputs/imagenet_base/session_1_seeds_42/noise_all_families.json
imagenet,learned,42,0.01,0.01575407971791498,1.0003633720930232,10,0.0005397010802178012,0.0006176137976735204,analysis/v18_canonical_pipeline/inputs/imagenet_base/session_1_seeds_42/noise_all_families.json
imagenet,learned,42,0.02,0.03216064920554666,1.0000726744186046,10,0.0011175111067025566,0.0012909799025653122,analysis/v18_canonical_pipeline/inputs/imagenet_base/session_1_seeds_42/noise_all_families.json
imagenet,learned,42,0.04,0.06561787487110614,0.9988735465116279,10,0.0016400975749740262,0.001856401130006522,analysis/v18_canonical_pipeline/inputs/imagenet_base/session_1_seeds_42/noise_all_families.json
imagenet,learned,42,0.05,0.08178584634992458,0.9977107558139535,10,0.0015772730273082584,0.0023489944054454347,analysis/v18_canonical_pipeline/inputs/imagenet_base/session_1_seeds_42/noise_all_families.json
imagenet,learned,42,0.06,0.0975210169948719,0.9963299418604651,10,0.0014667698482021345,0.002571996855986393,analysis/v18_canonical_pipeline/inputs/imagenet_base/session_1_seeds_42/noise_all_families.json
imagenet,learned,42,0.08,0.12811379442870874,0.9946947674418605,10,0.0013284481034759829,0.002887735091121247,analysis/v18_canonical_pipeline/inputs/imagenet_base/session_1_seeds_42/noise_all_families.json
imagenet,learned,123,0.0025,0.003633186742204919,0.999963807455664,10,0.00010206115743661065,0.00020544560702042666,analysis/v18_canonical_pipeline/inputs/imagenet_base/session_2_seeds_123/noise_all_families.json
imagenet,learned,123,0.005,0.0072562535697033555,0.9998914223669925,10,0.00019189176550987326,0.0002979633016099964,analysis/v18_canonical_pipeline/inputs/imagenet_base/session_2_seeds_123/noise_all_families.json
imagenet,learned,123,0.01,0.014597524801062222,0.9993847267462904,10,0.0003465828658262262,0.0006395154195052574,analysis/v18_canonical_pipeline/inputs/imagenet_base/session_2_seeds_123/noise_all_families.json
imagenet,learned,123,0.02,0.02989766920069862,0.9984799131378936,10,0.0006622967780555252,0.0014755830475493678,analysis/v18_canonical_pipeline/inputs/imagenet_base/session_2_seeds_123/noise_all_families.json
imagenet,learned,123,0.04,0.06256597137520811,0.9955845095910243,10,0.0012685806337780804,0.0017466001757369138,analysis/v18_canonical_pipeline/inputs/imagenet_base/session_2_seeds_123/noise_all_families.json
imagenet,learned,123,0.05,0.07904849621797212,0.9943901556279406,10,0.0013992100564263047,0.0016738372452058837,analysis/v18_canonical_pipeline/inputs/imagenet_base/session_2_seeds_123/noise_all_families.json
imagenet,learned,123,0.06,0.09520455121874245,0.9932681867535289,10,0.0014016138258841513,0.0016992946663442511,analysis/v18_canonical_pipeline/inputs/imagenet_base/session_2_seeds_123/noise_all_families.json
imagenet,learned,123,0.08,0.12630495976217512,0.9895041621425987,10,0.0012009428179194771,0.0024841670022890464,analysis/v18_canonical_pipeline/inputs/imagenet_base/session_2_seeds_123/noise_all_families.json
imagenet,learned,456,0.0025,0.0033004859736081352,1.0001836884643645,10,0.00010281531274936384,0.0002597747175556935,analysis/v18_canonical_pipeline/inputs/imagenet_base/session_3_seeds_456/noise_all_families.json
imagenet,learned,456,0.005,0.006594471094933964,1.0001469507714915,10,0.0002090385176403868,0.00046469914183223,analysis/v18_canonical_pipeline/inputs/imagenet_base/session_3_seeds_456/noise_all_families.json
imagenet,learned,456,0.01,0.013261271651945761,1.0,10,0.0004302552916259004,0.0008123009528178865,analysis/v18_canonical_pipeline/inputs/imagenet_base/session_3_seeds_456/noise_all_families.json
imagenet,learned,456,0.02,0.027015006308371902,0.9998530492285085,10,0.0008790267926887668,0.0010980412329885,analysis/v18_canonical_pipeline/inputs/imagenet_base/session_3_seeds_456/noise_all_families.json
imagenet,learned,456,0.04,0.05596505592861567,0.9980896399706098,10,0.0013509331850120889,0.00132798841163123,analysis/v18_canonical_pipeline/inputs/imagenet_base/session_3_seeds_456/noise_all_families.json
imagenet,learned,456,0.05,0.07072971817407356,0.996767083027186,10,0.0012982123770091463,0.0016134870528533326,analysis/v18_canonical_pipeline/inputs/imagenet_base/session_3_seeds_456/noise_all_families.json
imagenet,learned,456,0.06,0.08556079537566037,0.9966568699485674,10,0.0011747451844302853,0.002396256520124905,analysis/v18_canonical_pipeline/inputs/imagenet_base/session_3_seeds_456/noise_all_families.json
imagenet,learned,456,0.08,0.11555340846587006,0.9948934606906688,10,0.0010414022416410618,0.0017529180119791148,analysis/v18_canonical_pipeline/inputs/imagenet_base/session_3_seeds_456/noise_all_families.json
imagenet,learned,789,0.0025,0.0037821974266857386,1.0001836210062431,10,0.00014112252939845084,0.0003568950847622535,analysis/v18_canonical_pipeline/inputs/imagenet_base/session_4_seeds_789/noise_all_families.json
imagenet,learned,789,0.005,0.007583788137614686,1.0003305178112376,10,0.00030267254955546405,0.0006108446541742876,analysis/v18_canonical_pipeline/inputs/imagenet_base/session_4_seeds_789/noise_all_families.json
imagenet,learned,789,0.01,0.015428210590010363,0.999889827396254,10,0.0006740929274036789,0.0005207992994535291,analysis/v18_canonical_pipeline/inputs/imagenet_base/session_4_seeds_789/noise_all_families.json
imagenet,learned,789,0.02,0.03243446135834656,0.998824825560044,10,0.0014341760950370842,0.0009607744825730495,analysis/v18_canonical_pipeline/inputs/imagenet_base/session_4_seeds_789/noise_all_families.json
imagenet,learned,789,0.04,0.06976651186159546,0.9988615497612926,10,0.0022215737488235293,0.0021304960856338728,analysis/v18_canonical_pipeline/inputs/imagenet_base/session_4_seeds_789/noise_all_families.json
imagenet,learned,789,0.05,0.08839791104649805,0.9981637899375688,10,0.0023239612458091034,0.001988992142155927,analysis/v18_canonical_pipeline/inputs/imagenet_base/session_4_seeds_789/noise_all_families.json
imagenet,learned,789,0.06,0.10618332966660579,0.9979434447300772,10,0.002279769197917013,0.0022318325719335994,analysis/v18_canonical_pipeline/inputs/imagenet_base/session_4_seeds_789/noise_all_families.json
imagenet,learned,789,0.08,0.13833401854664648,0.9956298200514139,10,0.0019176716654329747,0.0018681676535717263,analysis/v18_canonical_pipeline/inputs/imagenet_base/session_4_seeds_789/noise_all_families.json
imagenet,learned,1011,0.0025,0.0036804076642527805,0.9992360858493999,10,0.00012196300249999932,0.00040032918683686704,analysis/v18_canonical_pipeline/inputs/imagenet_base/session_5_seeds_1011/noise_all_families.json
imagenet,learned,1011,0.005,0.007376924740355763,0.9988359403419425,10,0.00023939896860084107,0.0005368241450510042,analysis/v18_canonical_pipeline/inputs/imagenet_base/session_5_seeds_1011/noise_all_families.json
imagenet,learned,1011,0.01,0.014996252400783977,0.9989086940705711,10,0.000463573615648705,0.0007474735058771405,analysis/v18_canonical_pipeline/inputs/imagenet_base/session_5_seeds_1011/noise_all_families.json
imagenet,learned,1011,0.02,0.03142831316200784,0.9984721716987996,10,0.0008368528358160556,0.0007435290271252972,analysis/v18_canonical_pipeline/inputs/imagenet_base/session_5_seeds_1011/noise_all_families.json
imagenet,learned,1011,0.04,0.06691173604137209,0.9955983994179702,10,0.0012054600791669369,0.0014993663096543775,analysis/v18_canonical_pipeline/inputs/imagenet_base/session_5_seeds_1011/noise_all_families.json
imagenet,learned,1011,0.05,0.08433129899767551,0.9936340487449982,10,0.001222201838440587,0.0017169640182498672,analysis/v18_canonical_pipeline/inputs/imagenet_base/session_5_seeds_1011/noise_all_families.json
imagenet,learned,1011,0.06,0.10089463669107361,0.9923608584939979,10,0.001162587518277176,0.0012832551526928769,analysis/v18_canonical_pipeline/inputs/imagenet_base/session_5_seeds_1011/noise_all_families.json
imagenet,learned,1011,0.08,0.13155153246648657,0.9878137504547109,10,0.0010316389451003622,0.00188044894134484,analysis/v18_canonical_pipeline/inputs/imagenet_base/session_5_seeds_1011/noise_all_families.json
imagenet,learned,1213,0.0025,0.003626731510785445,1.0001453488372092,10,0.00020900516494588536,0.0006894500712576168,analysis/v18_canonical_pipeline/inputs/imagenet_base/session_6_seeds_1213/noise_all_families.json
imagenet,learned,1213,0.005,0.007263398442931127,1.0,10,0.00042229058197378597,0.0009064092506719836,analysis/v18_canonical_pipeline/inputs/imagenet_base/session_6_seeds_1213/noise_all_families.json
imagenet,learned,1213,0.01,0.01469766111181468,0.9997819767441859,10,0.0008420174889429356,0.0009256285452782206,analysis/v18_canonical_pipeline/inputs/imagenet_base/session_6_seeds_1213/noise_all_families.json
imagenet,learned,1213,0.02,0.030409643821791725,0.9993459302325581,10,0.0015720507076748662,0.000799785562946672,analysis/v18_canonical_pipeline/inputs/imagenet_base/session_6_seeds_1213/noise_all_families.json
imagenet,learned,1213,0.04,0.06419896921334008,0.9948401162790697,10,0.002217395351004551,0.0013246340227221333,analysis/v18_canonical_pipeline/inputs/imagenet_base/session_6_seeds_1213/noise_all_families.json
imagenet,learned,1213,0.05,0.08113736556966374,0.9925508720930232,10,0.00220364404313357,0.0015908340039442227,analysis/v18_canonical_pipeline/inputs/imagenet_base/session_6_seeds_1213/noise_all_families.json
imagenet,learned,1213,0.06,0.09762284194085158,0.990734011627907,10,0.0020974912579058897,0.0014151309890440603,analysis/v18_canonical_pipeline/inputs/imagenet_base/session_6_seeds_1213/noise_all_families.json
imagenet,learned,1213,0.08,0.12891440606242285,0.9870276162790697,10,0.001825273778687168,0.001997995871994485,analysis/v18_canonical_pipeline/inputs/imagenet_base/session_6_seeds_1213/noise_all_families.json
imagenet,rope,42,0.025,0.02430948201898513,0.9987679671457906,10,0.00046406572551477266,0.0005634993855910768,analysis/v18_canonical_pipeline/inputs/imagenet_base/session_1_seeds_42/noise_all_families.json
imagenet,rope,42,0.05,0.04864545349210842,0.9981177275838468,10,0.0009399838597417722,0.0008725221618057194,analysis/v18_canonical_pipeline/inputs/imagenet_base/session_1_seeds_42/noise_all_families.json
imagenet,rope,42,0.1,0.09749916728933629,0.9972621492128679,10,0.0018947890697297695,0.0016688043393027242,analysis/v18_canonical_pipeline/inputs/imagenet_base/session_1_seeds_42/noise_all_families.json
imagenet,rope,42,0.2,0.19656934798531803,0.9927104722792608,10,0.003735730903397347,0.002164761693978651,analysis/v18_canonical_pipeline/inputs/imagenet_base/session_1_seeds_42/noise_all_families.json
imagenet,rope,42,0.4,0.4001870282555096,0.9690622861054073,10,0.006410769362337599,0.003166333608821474,analysis/v18_canonical_pipeline/inputs/imagenet_base/session_1_seeds_42/noise_all_families.json
imagenet,rope,123,0.025,0.02422782477047704,0.999346405228758,10,0.00045813827540517227,0.0010055342859027019,analysis/v18_canonical_pipeline/inputs/imagenet_base/session_2_seeds_123/noise_all_families.json
imagenet,rope,123,0.05,0.04848125194807981,0.9988304093567251,10,0.0009212209022618067,0.001387408183671951,analysis/v18_canonical_pipeline/inputs/imagenet_base/session_2_seeds_123/noise_all_families.json
imagenet,rope,123,0.1,0.09716775077543247,0.9981768145854832,10,0.0018514175777395482,0.0020643019795294547,analysis/v18_canonical_pipeline/inputs/imagenet_base/session_2_seeds_123/noise_all_families.json
imagenet,rope,123,0.2,0.19562081281906288,0.9951152390780873,10,0.0036205869590519154,0.0018260318071225217,analysis/v18_canonical_pipeline/inputs/imagenet_base/session_2_seeds_123/noise_all_families.json
imagenet,rope,123,0.4,0.396541476866904,0.9709666322669419,10,0.0061954384614652264,0.0035976550168598733,analysis/v18_canonical_pipeline/inputs/imagenet_base/session_2_seeds_123/noise_all_families.json
imagenet,rope,456,0.025,0.02446019499433335,0.9996569468267582,10,0.00043539223061731566,0.0006263265380276789,analysis/v18_canonical_pipeline/inputs/imagenet_base/session_3_seeds_456/noise_all_families.json
imagenet,rope,456,0.05,0.04891004640692895,0.9993825042881648,10,0.0008654642585289519,0.0011526223595978667,analysis/v18_canonical_pipeline/inputs/imagenet_base/session_3_seeds_456/noise_all_families.json
imagenet,rope,456,0.1,0.0979216843346733,0.9984562607204117,10,0.0017516505166488773,0.0016352601081846949,analysis/v18_canonical_pipeline/inputs/imagenet_base/session_3_seeds_456/noise_all_families.json
imagenet,rope,456,0.2,0.1973076689040697,0.9936192109777016,10,0.0034626445037517287,0.0027596300750597287,analysis/v18_canonical_pipeline/inputs/imagenet_base/session_3_seeds_456/noise_all_families.json
imagenet,rope,456,0.4,0.40085872274090306,0.9648027444253859,10,0.0061750228227636,0.005458271978109094,analysis/v18_canonical_pipeline/inputs/imagenet_base/session_3_seeds_456/noise_all_families.json
imagenet,rope,789,0.025,0.024724375886650076,0.9999659284497444,10,0.0004948243876821089,0.000589042702096064,analysis/v18_canonical_pipeline/inputs/imagenet_base/session_4_seeds_789/noise_all_families.json
imagenet,rope,789,0.05,0.04952217834707281,0.9996252129471891,10,0.000990027632472412,0.0006105476459154726,analysis/v18_canonical_pipeline/inputs/imagenet_base/session_4_seeds_789/noise_all_families.json
imagenet,rope,789,0.1,0.09906883692158881,0.9981260647359453,10,0.0020111617756669205,0.001804684677123274,analysis/v18_canonical_pipeline/inputs/imagenet_base/session_4_seeds_789/noise_all_families.json
imagenet,rope,789,0.2,0.19936502533063966,0.994037478705281,10,0.0037876245603705757,0.0024895298372269144,analysis/v18_canonical_pipeline/inputs/imagenet_base/session_4_seeds_789/noise_all_families.json
imagenet,rope,789,0.4,0.4047039698917005,0.9691311754684838,10,0.006573530136795702,0.005578215647612142,analysis/v18_canonical_pipeline/inputs/imagenet_base/session_4_seeds_789/noise_all_families.json
imagenet,rope,1011,0.025,0.02405117148244678,0.9991769547325102,10,0.00030796185683143473,0.0009860017673912964,analysis/v18_canonical_pipeline/inputs/imagenet_base/session_5_seeds_1011/noise_all_families.json
imagenet,rope,1011,0.05,0.04813611945101389,0.9984910836762688,10,0.0006121805310840658,0.0010747745106120764,analysis/v18_canonical_pipeline/inputs/imagenet_base/session_5_seeds_1011/noise_all_families.json
imagenet,rope,1011,0.1,0.09646432806854477,0.9968106995884772,10,0.0012292079227868003,0.0014463949325913739,analysis/v18_canonical_pipeline/inputs/imagenet_base/session_5_seeds_1011/noise_all_families.json
imagenet,rope,1011,0.2,0.19433602932577396,0.991460905349794,10,0.0023804889679052504,0.002501575668801901,analysis/v18_canonical_pipeline/inputs/imagenet_base/session_5_seeds_1011/noise_all_families.json
imagenet,rope,1011,0.4,0.39524297426945065,0.9653978052126199,10,0.004027851138199251,0.003086208057228727,analysis/v18_canonical_pipeline/inputs/imagenet_base/session_5_seeds_1011/noise_all_families.json
imagenet,rope,1213,0.025,0.025281603598222867,0.9995891817870592,10,0.0004877993950432027,0.0006208590897516706,analysis/v18_canonical_pipeline/inputs/imagenet_base/session_6_seeds_1213/noise_all_families.json
imagenet,rope,1213,0.05,0.05047708360492083,0.9998972954467649,10,0.0009583236260072671,0.0009136423097682808,analysis/v18_canonical_pipeline/inputs/imagenet_base/session_6_seeds_1213/noise_all_families.json
imagenet,rope,1213,0.1,0.10089194478570777,0.9980486134885312,10,0.0019526852684050933,0.0019166761173690944,analysis/v18_canonical_pipeline/inputs/imagenet_base/session_6_seeds_1213/noise_all_families.json
imagenet,rope,1213,0.2,0.20267675264210155,0.9914755220814788,10,0.003987864290703857,0.002379807846663717,analysis/v18_canonical_pipeline/inputs/imagenet_base/session_6_seeds_1213/noise_all_families.json
imagenet,rope,1213,0.4,0.40959589556059023,0.9635056487504279,10,0.007197163433443397,0.0038265518883600132,analysis/v18_canonical_pipeline/inputs/imagenet_base/session_6_seeds_1213/noise_all_families.json
imagenet,sinusoidal,42,0.01,0.008087899594080527,0.9993295695130557,10,0.00011056736215138443,0.00026036160457751167,analysis/v18_canonical_pipeline/inputs/imagenet_base/session_1_seeds_42/noise_all_families.json
imagenet,sinusoidal,42,0.025,0.020336234505195217,0.9986591390261115,10,0.00027998744066414053,0.00096705738843072,analysis/v18_canonical_pipeline/inputs/imagenet_base/session_1_seeds_42/noise_all_families.json
imagenet,sinusoidal,42,0.05,0.0414763892130177,0.9989767113620325,10,0.0005767597024377487,0.001271704344462515,analysis/v18_canonical_pipeline/inputs/imagenet_base/session_1_seeds_42/noise_all_families.json
imagenet,sinusoidal,42,0.1,0.08694601293286845,0.999894142554693,10,0.0011355347944640556,0.0015340201213326886,analysis/v18_canonical_pipeline/inputs/imagenet_base/session_1_seeds_42/noise_all_families.json
imagenet,sinusoidal,42,0.2,0.18115542909399895,0.9929781227946364,10,0.0018227002259280473,0.005024564608219461,analysis/v18_canonical_pipeline/inputs/imagenet_base/session_1_seeds_42/noise_all_families.json
imagenet,sinusoidal,123,0.01,0.007993780451881085,0.9994326241134752,10,5.56679819535397e-05,0.0007696841889408571,analysis/v18_canonical_pipeline/inputs/imagenet_base/session_2_seeds_123/noise_all_families.json
imagenet,sinusoidal,123,0.025,0.020098932352603367,0.998404255319149,10,0.00013586236034019122,0.0008726254763731305,analysis/v18_canonical_pipeline/inputs/imagenet_base/session_2_seeds_123/noise_all_families.json
imagenet,sinusoidal,123,0.05,0.0409728341579909,0.998758865248227,10,0.0002551392339218995,0.0010993543284715422,analysis/v18_canonical_pipeline/inputs/imagenet_base/session_2_seeds_123/noise_all_families.json
imagenet,sinusoidal,123,0.1,0.08590636893715196,0.99822695035461,10,0.00046777788523361656,0.0021795613374214714,analysis/v18_canonical_pipeline/inputs/imagenet_base/session_2_seeds_123/noise_all_families.json
imagenet,sinusoidal,123,0.2,0.18051163740030665,0.991808510638298,10,0.0008765604118696812,0.004334855586493445,analysis/v18_canonical_pipeline/inputs/imagenet_base/session_2_seeds_123/noise_all_families.json
imagenet,sinusoidal,456,0.01,0.008251360738838257,1.000071098471383,10,7.084975934939856e-05,0.0007824421860040203,analysis/v18_canonical_pipeline/inputs/imagenet_base/session_3_seeds_456/noise_all_families.json
imagenet,sinusoidal,456,0.025,0.020726955225029858,0.9993956629932457,10,0.00017571156537460312,0.001536359569462079,analysis/v18_canonical_pipeline/inputs/imagenet_base/session_3_seeds_456/noise_all_families.json
imagenet,sinusoidal,456,0.05,0.04217409329938733,0.99825808745112,10,0.0003513978185178963,0.0016286396064489706,analysis/v18_canonical_pipeline/inputs/imagenet_base/session_3_seeds_456/noise_all_families.json
imagenet,sinusoidal,456,0.1,0.08796075391512195,0.9962673302523996,10,0.0006823923112420876,0.00249830177062546,analysis/v18_canonical_pipeline/inputs/imagenet_base/session_3_seeds_456/noise_all_families.json
imagenet,sinusoidal,456,0.2,0.18342490041843998,0.988162104514753,10,0.0010583639534091154,0.003876334041531151,analysis/v18_canonical_pipeline/inputs/imagenet_base/session_3_seeds_456/noise_all_families.json
imagenet,sinusoidal,789,0.01,0.008233551433606436,0.9991166077738516,10,7.339562904369994e-05,0.0006918339295918993,analysis/v18_canonical_pipeline/inputs/imagenet_base/session_4_seeds_789/noise_all_families.json
imagenet,sinusoidal,789,0.025,0.020727932488189393,0.9981625441696111,10,0.000190693648454462,0.0011149266964616516,analysis/v18_canonical_pipeline/inputs/imagenet_base/session_4_seeds_789/noise_all_families.json
imagenet,sinusoidal,789,0.05,0.042412363932143544,0.9962190812720848,10,0.00040272969719809103,0.0014236965011440515,analysis/v18_canonical_pipeline/inputs/imagenet_base/session_4_seeds_789/noise_all_families.json
imagenet,sinusoidal,789,0.1,0.08909906408722312,0.9934628975265017,10,0.0007564679856171586,0.0024832943041587473,analysis/v18_canonical_pipeline/inputs/imagenet_base/session_4_seeds_789/noise_all_families.json
imagenet,sinusoidal,789,0.2,0.18468987134887838,0.9836395759717315,10,0.0010864457041892673,0.0037286175622308244,analysis/v18_canonical_pipeline/inputs/imagenet_base/session_4_seeds_789/noise_all_families.json
imagenet,sinusoidal,1011,0.01,0.008692496740717323,0.9990171990171991,10,0.00017981692474580447,0.0008239998531255162,analysis/v18_canonical_pipeline/inputs/imagenet_base/session_5_seeds_1011/noise_all_families.json
imagenet,sinusoidal,1011,0.025,0.021741212473403153,0.9986310986310987,10,0.00040828857739185067,0.0009279223146787377,analysis/v18_canonical_pipeline/inputs/imagenet_base/session_5_seeds_1011/noise_all_families.json
imagenet,sinusoidal,1011,0.05,0.043985560978728244,0.9984906984906985,10,0.0005240467801478376,0.0015614146713891304,analysis/v18_canonical_pipeline/inputs/imagenet_base/session_5_seeds_1011/noise_all_families.json
imagenet,sinusoidal,1011,0.1,0.09079362323834637,0.994980694980695,10,0.0009023861720869359,0.0024656230568738647,analysis/v18_canonical_pipeline/inputs/imagenet_base/session_5_seeds_1011/noise_all_families.json
imagenet,sinusoidal,1011,0.2,0.18656388633628007,0.9833625833625834,10,0.0015576741941272494,0.0035649534383738126,analysis/v18_canonical_pipeline/inputs/imagenet_base/session_5_seeds_1011/noise_all_families.json
imagenet,sinusoidal,1213,0.01,0.008029730471817643,0.9993917710196781,10,4.848610140192785e-05,0.0006964246306812382,analysis/v18_canonical_pipeline/inputs/imagenet_base/session_6_seeds_1213/noise_all_families.json
imagenet,sinusoidal,1213,0.025,0.020208058528141965,0.9991771019677997,10,0.00012423670454721336,0.0009548297627309584,analysis/v18_canonical_pipeline/inputs/imagenet_base/session_6_seeds_1213/noise_all_families.json
imagenet,sinusoidal,1213,0.05,0.04129394169555151,0.9996064400715564,10,0.00026092558865252783,0.00164778254196675,analysis/v18_canonical_pipeline/inputs/imagenet_base/session_6_seeds_1213/noise_all_families.json
imagenet,sinusoidal,1213,0.1,0.08666862113084421,0.9996422182468695,10,0.0005402002044288184,0.0018398626858129644,analysis/v18_canonical_pipeline/inputs/imagenet_base/session_6_seeds_1213/noise_all_families.json
imagenet,sinusoidal,1213,0.2,0.1805925295301252,0.9933452593917711,10,0.0009171525868541692,0.003699770116539774,analysis/v18_canonical_pipeline/inputs/imagenet_base/session_6_seeds_1213/noise_all_families.json
