package_relative_path,source_class,sha256,size_bytes
analysis/v18_canonical_pipeline/inputs/cifar_base/session_1_seeds_42_123/attacks_alibi.json,base,a85cb03d9e2f91efd4a1402dba10254c8426b009c882020c6024288e0fa0a845,45359
analysis/v18_canonical_pipeline/inputs/cifar_base/session_1_seeds_42_123/attacks_learned.json,base,8a7f217e6ec81b6d17769d64a5dc50e9e5579f5c47f49f4e7267f16bb5864133,40288
analysis/v18_canonical_pipeline/inputs/cifar_base/session_1_seeds_42_123/attacks_rope.json,base,0a956215a08c7728e12ef25a6c2874b7d007842dd504b43abf31cdf2b60b234e,46442
analysis/v18_canonical_pipeline/inputs/cifar_base/session_1_seeds_42_123/attacks_sinusoidal.json,base,a1ff7136d763651474a5f84976a3275187f24de246e44b2601f78f0af3fb73e3,40246
analysis/v18_canonical_pipeline/inputs/cifar_base/session_1_seeds_42_123/noise_all_families.json,base,728c947688ea4aadd35e40741e7ed8731a3e6f9eeb86333050bd5bb6d4ec8f1f,1448766
analysis/v18_canonical_pipeline/inputs/cifar_base/session_2_seeds_456_789/attacks_alibi.json,base,7cba947798d5e105f344498ebc48f6cb2a825465adf29027171341c2f4a3edb3,45364
analysis/v18_canonical_pipeline/inputs/cifar_base/session_2_seeds_456_789/attacks_learned.json,base,8d6391cb3dc80fcee24c09994d253c7dd387b1fcd1276968e9977c34ba30d96d,40254
analysis/v18_canonical_pipeline/inputs/cifar_base/session_2_seeds_456_789/attacks_rope.json,base,36fc8c157734a7456f23eb0cba7d052c816a65096c503fda865485fb81140483,46350
analysis/v18_canonical_pipeline/inputs/cifar_base/session_2_seeds_456_789/attacks_sinusoidal.json,base,631ce5ec29ad78b89dc3ed26f289407ddc686e52c3dadf2a6710b7939257e7a8,40257
analysis/v18_canonical_pipeline/inputs/cifar_base/session_2_seeds_456_789/noise_all_families.json,base,11c54ae817959cc650afd281b336c6de5d33869acf338fedfc372befd54cf534,1447637
analysis/v18_canonical_pipeline/inputs/cifar_base/session_3_seeds_1011_1213/attacks_alibi.json,base,c0ee176158c78fb887f9e5a041a8ed7bfd80440f3c2c377f9536f3c09afc477d,45401
analysis/v18_canonical_pipeline/inputs/cifar_base/session_3_seeds_1011_1213/attacks_learned.json,base,f17314c3f77c339cf264a91d1b69570ed8c9a95a812e18f12076562b9ef5acfc,40291
analysis/v18_canonical_pipeline/inputs/cifar_base/session_3_seeds_1011_1213/attacks_rope.json,base,0fed17ea011be5a66b5eec63e6f9438f43d6f880b0824e9620d549161e7ee968,46306
analysis/v18_canonical_pipeline/inputs/cifar_base/session_3_seeds_1011_1213/attacks_sinusoidal.json,base,3398c41dd5ecaf97b32551a1ea2755e8204708122bf873f455b33522c29abe6e,40263
analysis/v18_canonical_pipeline/inputs/cifar_base/session_3_seeds_1011_1213/noise_all_families.json,base,7d661cb5e0eda109670efc3f9d8598befa7ca1ccb79ecfdc07eab24ea737915a,1448239
analysis/v18_canonical_pipeline/inputs/imagenet_base/session_1_seeds_42/attacks_alibi.json,base,5ae2f5d255563d89c80b7209e4ae150417ad208db3c86b4a3287b5ec709cba85,24194
analysis/v18_canonical_pipeline/inputs/imagenet_base/session_1_seeds_42/attacks_learned.json,base,8606d13d408c607d7f0e8fb957a0ded6436ca8205d0d1c2176c97954879dc24a,21153
analysis/v18_canonical_pipeline/inputs/imagenet_base/session_1_seeds_42/attacks_rope.json,base,0bc8457d9eacab42bf82bb120566feb7de120ee05734a2a75b6b9c271a89d376,26972
analysis/v18_canonical_pipeline/inputs/imagenet_base/session_1_seeds_42/attacks_sinusoidal.json,base,83a9ce830c32ac3ed3c5ccba4e12d9f36163aa56366920044affcb13ff46f97c,26733
analysis/v18_canonical_pipeline/inputs/imagenet_base/session_1_seeds_42/noise_all_families.json,base,8831e4cfefb173493c0f127e8527fbd252b8e1ce94e3677c330d8913383aa8df,582521
analysis/v18_canonical_pipeline/inputs/imagenet_base/session_2_seeds_123/attacks_alibi.json,base,888962ad636a2880cca079bcc5f910cc722cd5ad3a2a170eba9d37f629fa3d76,24181
analysis/v18_canonical_pipeline/inputs/imagenet_base/session_2_seeds_123/attacks_learned.json,base,83410a618c5311577aa8de32df736831cf47ad81190203a769a7b2ad4aa7e960,21176
analysis/v18_canonical_pipeline/inputs/imagenet_base/session_2_seeds_123/attacks_rope.json,base,abeb20ed56264b0b644a24600b8c3ec3e168c62940b6960876845ad7199ae05a,26977
analysis/v18_canonical_pipeline/inputs/imagenet_base/session_2_seeds_123/attacks_sinusoidal.json,base,67ca56a5c39f821f64480194c01bbc9a9ecfb3cea375f601e51c2abd39b37f1d,26733
analysis/v18_canonical_pipeline/inputs/imagenet_base/session_2_seeds_123/noise_all_families.json,base,334862578f6c5be474368bfce677ed4f73efc62e0e0f838783145f4d9fbd61e3,582157
analysis/v18_canonical_pipeline/inputs/imagenet_base/session_3_seeds_456/attacks_alibi.json,base,798bdf1538c5b5397265765323dbb89aee23282a19ce7c23948ffdfab18f97aa,24208
analysis/v18_canonical_pipeline/inputs/imagenet_base/session_3_seeds_456/attacks_learned.json,base,12ed39e75c898d6c7991ad44cdc1d085a1b56d8403367aab45902a11f3675814,21193
analysis/v18_canonical_pipeline/inputs/imagenet_base/session_3_seeds_456/attacks_rope.json,base,0825a3897b6b77a99f86046b2351a3e514aadf2e97f09ed7194bb40488c42783,26972
analysis/v18_canonical_pipeline/inputs/imagenet_base/session_3_seeds_456/attacks_sinusoidal.json,base,d7963921cf843b365ced1db7c86e758bf0b23e4140e1b4452b93ab3d43b93e84,26734
analysis/v18_canonical_pipeline/inputs/imagenet_base/session_3_seeds_456/noise_all_families.json,base,166dc6d38d62180be029127d0bcc0a2a8adcdd5145340d5240c0d299262ae6b7,582820
analysis/v18_canonical_pipeline/inputs/imagenet_base/session_4_seeds_789/attacks_alibi.json,base,8f1711e7e1dda226445817176a62b9ec9247ca61c4d302171245a1249ab589bd,24197
analysis/v18_canonical_pipeline/inputs/imagenet_base/session_4_seeds_789/attacks_learned.json,base,33a6d516d4eded5b36fe238a4b8673b1af4bcd85ffad28c6870561618671fee9,21141
analysis/v18_canonical_pipeline/inputs/imagenet_base/session_4_seeds_789/attacks_rope.json,base,cc939c03ae0433012690f180b2e9d88eadb8ff134051831092aa3a6d8277b4cf,26982
analysis/v18_canonical_pipeline/inputs/imagenet_base/session_4_seeds_789/attacks_sinusoidal.json,base,606d6ca80e97f71366cb339eef61bf9399e8c1f398b6aed25913474f121778cb,26750
analysis/v18_canonical_pipeline/inputs/imagenet_base/session_4_seeds_789/noise_all_families.json,base,52a91e1b4cae8152ffa9287632e0a4f0087c1f0822291a4b9044ece694f3d190,582093
analysis/v18_canonical_pipeline/inputs/imagenet_base/session_5_seeds_1011/attacks_alibi.json,base,2cad638d7f46615e4ae07c2ceb1866378c90514ae192fb2259b5ce36d19413a9,24233
analysis/v18_canonical_pipeline/inputs/imagenet_base/session_5_seeds_1011/attacks_learned.json,base,b0025905834fad80c89caa17c1fe191c40bf47c3e9cd17823ff5061793fa967d,21159
analysis/v18_canonical_pipeline/inputs/imagenet_base/session_5_seeds_1011/attacks_rope.json,base,a96c10112f85272af35a5137f8857c1de9bde56d5a76874dcd71c4c6bc58267e,27026
analysis/v18_canonical_pipeline/inputs/imagenet_base/session_5_seeds_1011/attacks_sinusoidal.json,base,a4c593b360c41fe8c6076b4db380ab0627619e2326a25e49075a4e24b5f56ba8,26720
analysis/v18_canonical_pipeline/inputs/imagenet_base/session_5_seeds_1011/noise_all_families.json,base,2f833c4fc704fe18b0d9b9208c61d98774df4b36eb9d28d40ae6cf7ca3a025f6,583140
analysis/v18_canonical_pipeline/inputs/imagenet_base/session_6_seeds_1213/attacks_alibi.json,base,876e97c8fe0ccf04f445a5f583b945b7cf1649ab024c0bb436fe65ea4da02c45,24172
analysis/v18_canonical_pipeline/inputs/imagenet_base/session_6_seeds_1213/attacks_learned.json,base,1912da8e72f328b30e4dc35db8ee4b5f0fb07edd4bb8d8b62ea43ba18e8dbce8,21170
analysis/v18_canonical_pipeline/inputs/imagenet_base/session_6_seeds_1213/attacks_rope.json,base,cb79f30078d2c386dd3ab7a95f0df3d18537346d8645e8ae7354c29784000319,26968
analysis/v18_canonical_pipeline/inputs/imagenet_base/session_6_seeds_1213/attacks_sinusoidal.json,base,605789863280c486a91b523f58a7a2fb7b60821a8fa751274024306863c05ee3,26736
analysis/v18_canonical_pipeline/inputs/imagenet_base/session_6_seeds_1213/noise_all_families.json,base,eedb2673d0a7650514768941a2aa0be493e71a91da2f0dc98cec576e57434a91,582374
analysis/v18_canonical_pipeline/inputs/densification/cifar_learned_all6.json,densification,cdd2acf116ba86eca52ea91885c7a8845b4f7fa217a442c6d8f2231996da4f23,84003
analysis/v18_canonical_pipeline/inputs/densification/cifar_rope_all6.json,densification,37a19b5323d9baa4838092765325937928614a8a47d957d228ca27c3c83ae670,85918
analysis/v18_canonical_pipeline/inputs/densification/imagenet_learned_seeds_1011_1213.json,densification,d1558ce65cac2d155b26f18e8d5e953e9da087e795f04e12c07eab15c2b7e60f,29315
analysis/v18_canonical_pipeline/inputs/densification/imagenet_learned_seeds_42_123.json,densification,1bcb2e9023b8f5591b21de17ed7f0194ba2055b4873c663d723f63b8a781b2c7,29325
analysis/v18_canonical_pipeline/inputs/densification/imagenet_learned_seeds_456_789.json,densification,fa165cff11d695806c1254f571dfcc1256da7db8d65ea5fd83d618bdbdded1e6,29346
analysis/v18_canonical_pipeline/inputs/densification/imagenet_rope_optional_all6.json,densification,1625d08053d2e8a44d627d61e23e4e4fb3701186c7470350bb4c7b7858e7410f,52753
analysis/v18_canonical_pipeline/inputs/cifar_midpoint/seed_1011/cifar_midpoint_alibi_100x5_seed1011.json,transition_midpoint_h200,0e8067223710156994de23fe4807f103c549e0cadd0c7da4bd21d46105ab0aa3,9988
analysis/v18_canonical_pipeline/inputs/cifar_midpoint/seed_1011/cifar_midpoint_learned_400x5_seed1011.json,transition_midpoint_h200,555271a412b42f4fd47b7dbb4dc79e0526628cf77b681964b6e7cca10e2cc7d1,7285
analysis/v18_canonical_pipeline/inputs/cifar_midpoint/seed_1011/cifar_midpoint_rope_100x5_seed1011.json,transition_midpoint_h200,5875789c185f6eb39525a86ed40e1d34aab9a21cbe5814abc5e5f09019135f50,7626
analysis/v18_canonical_pipeline/inputs/cifar_midpoint/seed_1011/cifar_midpoint_sinusoidal_200x5_seed1011.json,transition_midpoint_h200,8b6d581055286fece98cc58dba57e13ec05fd5e0554db14a4f8b3d1d33f30caa,7282
analysis/v18_canonical_pipeline/inputs/cifar_midpoint/seed_1213/cifar_midpoint_alibi_100x5_seed1213.json,transition_midpoint_h200,50175de44c3a8e2579aa84f595275a890c8f41c93c99609181fe4b5089c40c33,9984
analysis/v18_canonical_pipeline/inputs/cifar_midpoint/seed_1213/cifar_midpoint_learned_400x5_seed1213.json,transition_midpoint_h200,7f25240a5eba224f686a6b4358f14160b7cf6952b774e2d72d101ebb9290f74d,7289
analysis/v18_canonical_pipeline/inputs/cifar_midpoint/seed_1213/cifar_midpoint_rope_100x5_seed1213.json,transition_midpoint_h200,83a0bc14bd116139d407aba22dc0b9b8a8dc8875b3cfce3db4230127f0e99216,7625
analysis/v18_canonical_pipeline/inputs/cifar_midpoint/seed_1213/cifar_midpoint_sinusoidal_200x5_seed1213.json,transition_midpoint_h200,16a92e2f615e5f527355a7b30f95d3c1c41ceefc72f892dc06c021ce34d913eb,7287
analysis/v18_canonical_pipeline/inputs/cifar_midpoint/seed_123/cifar_midpoint_alibi_100x5_seed123.json,transition_midpoint_h200,6c46dd24228229c3fd67a5f397f980f37f748fe367996a42bec9774ee18c8c21,9978
analysis/v18_canonical_pipeline/inputs/cifar_midpoint/seed_123/cifar_midpoint_learned_400x5_seed123.json,transition_midpoint_h200,191be618d81fc9c8157c89ede4ab6018908d36fd6d10ff5e42ffedb3667c075a,7282
analysis/v18_canonical_pipeline/inputs/cifar_midpoint/seed_123/cifar_midpoint_rope_100x5_seed123.json,transition_midpoint_h200,8fba4591aebcb8f531a17ea703a9d3b22f18dabc3053aa30db8e1fc1b1153a07,7657
analysis/v18_canonical_pipeline/inputs/cifar_midpoint/seed_123/cifar_midpoint_sinusoidal_200x5_seed123.json,transition_midpoint_h200,a1ce07e51a5ff68b541b9898c9c42c7f4a29b694c5b885f322c049af5e11fcf2,7287
analysis/v18_canonical_pipeline/inputs/cifar_midpoint/seed_42/cifar_midpoint_alibi_100x5_seed42.json,transition_midpoint_h200,567503a357cd6a4be374a26282ab704c96d4dd401789d34edad30e4f43778253,9983
analysis/v18_canonical_pipeline/inputs/cifar_midpoint/seed_42/cifar_midpoint_learned_400x5_seed42.json,transition_midpoint_h200,a353e61ac3f923b62b49f12ba39841b10ed4a6c1ad79e20c30645212ecaee5ee,7278
analysis/v18_canonical_pipeline/inputs/cifar_midpoint/seed_42/cifar_midpoint_rope_100x5_seed42.json,transition_midpoint_h200,d2af6baf58b5fe3f151be80ca5544a8e5c5dc0cfa19891e4d961d8f3e1893429,7657
analysis/v18_canonical_pipeline/inputs/cifar_midpoint/seed_42/cifar_midpoint_sinusoidal_200x5_seed42.json,transition_midpoint_h200,bb5438eb9e27e7afb694e6c7bb780f53b9a6ba43be370be97ac90ba88c11e665,7280
analysis/v18_canonical_pipeline/inputs/cifar_midpoint/seed_456/cifar_midpoint_alibi_100x5_seed456.json,transition_midpoint_h200,56032f97bb4c7a3844478888508b050a229c03df0066c2280d46f8f412751037,9978
analysis/v18_canonical_pipeline/inputs/cifar_midpoint/seed_456/cifar_midpoint_learned_400x5_seed456.json,transition_midpoint_h200,d6b943d6171a441a1b3b160008eab94f68bc0a1fb5f785a15f78972c2e50ef7b,7270
analysis/v18_canonical_pipeline/inputs/cifar_midpoint/seed_456/cifar_midpoint_rope_100x5_seed456.json,transition_midpoint_h200,5eaf4b24c50cbeb8f0240d6ebe14a00ee114ab24b0ca3450013e551543326c08,7624
analysis/v18_canonical_pipeline/inputs/cifar_midpoint/seed_456/cifar_midpoint_sinusoidal_200x5_seed456.json,transition_midpoint_h200,2d810cdd16f34ac37b819d31b041fb705f78c82d4a30b9fbd7b9f8ac9b5a4b9a,7277
analysis/v18_canonical_pipeline/inputs/cifar_midpoint/seed_789/cifar_midpoint_alibi_100x5_seed789.json,transition_midpoint_h200,2ca37680ce42f9f991f7396eb6a76c9c84e4758fea0a241706141cb4c21766fd,9984
analysis/v18_canonical_pipeline/inputs/cifar_midpoint/seed_789/cifar_midpoint_learned_400x5_seed789.json,transition_midpoint_h200,00acf91da19600c6762d2c75bda353da6436ee325c7ad0235ee1d154e746d2af,7277
analysis/v18_canonical_pipeline/inputs/cifar_midpoint/seed_789/cifar_midpoint_rope_100x5_seed789.json,transition_midpoint_h200,d1e2ea346ca3beb04179b44ba856700e3ba0786a0c09b749b05d7f074b0744f9,7623
analysis/v18_canonical_pipeline/inputs/cifar_midpoint/seed_789/cifar_midpoint_sinusoidal_200x5_seed789.json,transition_midpoint_h200,8f1114e9b450f9f31b4c75eaeac092efd8d2176d46e02a8190e1f8c3fd8d1d5a,7279
