scope,scope_key,support_multiplier,rho_endpoint,architecture,family,family_label,seed,attack_nauc,noise_nauc,noise_minus_attack_gap
cross,all,1,0.087345571591429264,vitb_amp,learned,Learned,42,0.99701387461071189,0.99941753141886391,0.0024036568081520215
cross,all,1,0.087345571591429264,vitb_amp,learned,Learned,123,0.99425275632162236,0.99716264539541455,0.0029098890737921934
cross,all,1,0.087345571591429264,vitb_amp,learned,Learned,456,0.98981773561509667,0.99860041747311079,0.0087826818580141186
cross,all,1,0.087345571591429264,vitb_amp,learned,Learned,789,0.99325121635028746,0.9991101283551943,0.0058589120049068466
cross,all,1,0.087345571591429264,vitb_amp,learned,Learned,1011,0.99278541598128889,0.99709659716530441,0.0043111811840155223
cross,all,1,0.087345571591429264,vitb_amp,learned,Learned,1213,0.9952116209630506,0.99701740714460174,0.0018057861815511389
cross,all,1,0.087345571591429264,vitb_amp,sinusoidal,Sinusoidal,42,0.84769423316708181,0.99924739175692812,0.1515531585898463
cross,all,1,0.087345571591429264,vitb_amp,sinusoidal,Sinusoidal,123,0.87845854334250539,0.99867984626341189,0.12022130292090649
cross,all,1,0.087345571591429264,vitb_amp,sinusoidal,Sinusoidal,456,0.8996074809676331,0.99826852757057816,0.098661046602945057
cross,all,1,0.087345571591429264,vitb_amp,sinusoidal,Sinusoidal,789,0.88503730881105425,0.99643902732900735,0.11140171851795311
cross,all,1,0.087345571591429264,vitb_amp,sinusoidal,Sinusoidal,1011,0.8658601049963337,0.99785265164177661,0.13199254664544291
cross,all,1,0.087345571591429264,vitb_amp,sinusoidal,Sinusoidal,1213,0.86511345296823272,0.99952733864869137,0.13441388568045864
cross,all,1,0.087345571591429264,vitb_amp,rope,RoPE,42,0.9627703038638602,0.9984105813556251,0.035640277491764905
cross,all,1,0.087345571591429264,vitb_amp,rope,RoPE,123,0.95148405401624814,0.9990197482907115,0.047535694274463358
cross,all,1,0.087345571591429264,vitb_amp,rope,RoPE,456,0.95827778533789787,0.99938598810496648,0.041108202767068613
cross,all,1,0.087345571591429264,vitb_amp,rope,RoPE,789,0.93531880831832059,0.99952705673448317,0.064208248416162572
cross,all,1,0.087345571591429264,vitb_amp,rope,RoPE,1011,0.97061683144113076,0.99858182235632953,0.027964990915198773
cross,all,1,0.087345571591429264,vitb_amp,rope,RoPE,1213,0.9568669083050334,0.9995378021031931,0.042670893798159693
cross,all,1,0.087345571591429264,vits_amp,learned,Learned,42,0.87582276881045296,0.99714524496602286,0.1213224761555699
cross,all,1,0.087345571591429264,vits_amp,learned,Learned,123,0.80525928112279288,0.99761977527635737,0.19236049415356449
cross,all,1,0.087345571591429264,vits_amp,learned,Learned,456,0.78904714803902976,0.99479657683874434,0.20574942879971458
cross,all,1,0.087345571591429264,vits_amp,learned,Learned,789,0.78793990987258389,0.99700618748729364,0.20906627761470975
cross,all,1,0.087345571591429264,vits_amp,learned,Learned,1011,0.6659230818586368,0.9980656678610772,0.3321425860024404
cross,all,1,0.087345571591429264,vits_amp,learned,Learned,1213,0.72668308874682219,0.99840631129155655,0.27172322254473436
cross,all,1,0.087345571591429264,vits_amp,sinusoidal,Sinusoidal,42,0.68771454564931955,0.9986000847876757,0.31088553913835615
cross,all,1,0.087345571591429264,vits_amp,sinusoidal,Sinusoidal,123,0.74737097445423195,1.0009374037935581,0.25356642933932616
cross,all,1,0.087345571591429264,vits_amp,sinusoidal,Sinusoidal,456,0.70253372110925727,0.99893896852978736,0.29640524742053009
cross,all,1,0.087345571591429264,vits_amp,sinusoidal,Sinusoidal,789,0.71067657068336143,0.99984310729978609,0.28916653661642466
cross,all,1,0.087345571591429264,vits_amp,sinusoidal,Sinusoidal,1011,0.7158824494089765,0.99973343184297891,0.28385098243400242
cross,all,1,0.087345571591429264,vits_amp,sinusoidal,Sinusoidal,1213,0.71804899472040584,0.99633775902163646,0.27828876430123062
cross,all,1,0.087345571591429264,vits_amp,rope,RoPE,42,0.80903465842981936,0.99929242864309842,0.19025777021327905
cross,all,1,0.087345571591429264,vits_amp,rope,RoPE,123,0.88611587009884762,0.99879704917246448,0.11268117907361686
cross,all,1,0.087345571591429264,vits_amp,rope,RoPE,456,0.8002886045149934,0.99969934858659582,0.19941074407160242
cross,all,1,0.087345571591429264,vits_amp,rope,RoPE,789,0.9495485085685833,0.99936295921852858,0.049814450649945274
cross,all,1,0.087345571591429264,vits_amp,rope,RoPE,1011,0.8834837134225032,0.9992239897262325,0.11574027630372929
cross,all,1,0.087345571591429264,vits_amp,rope,RoPE,1213,0.84763950298300439,0.99887969732337178,0.1512401943403674
cross,all,0.90000000000000002,0.078611014432286339,vitb_amp,learned,Learned,42,0.99762312177082291,0.99961981507211228,0.0019966933012893762
cross,all,0.90000000000000002,0.078611014432286339,vitb_amp,learned,Learned,123,0.99500347666967459,0.99750101920559087,0.0024975425359162751
cross,all,0.90000000000000002,0.078611014432286339,vitb_amp,learned,Learned,456,0.99070656391697975,0.99881527550820337,0.0081087115912236163
cross,all,0.90000000000000002,0.078611014432286339,vitb_amp,learned,Learned,789,0.99419286055065303,0.99919272498540046,0.0049998644347474253
cross,all,0.90000000000000002,0.078611014432286339,vitb_amp,learned,Learned,1011,0.99364234676320595,0.99746229746809267,0.0038199507048867209
cross,all,0.90000000000000002,0.078611014432286339,vitb_amp,learned,Learned,1213,0.99586515126312891,0.99753521944798784,0.0016700681848589305
cross,all,0.90000000000000002,0.078611014432286339,vitb_amp,sinusoidal,Sinusoidal,42,0.89103049837693737,0.99918452068467623,0.10815402230773885
cross,all,0.90000000000000002,0.078611014432286339,vitb_amp,sinusoidal,Sinusoidal,123,0.90902041908174491,0.99872705454807675,0.089706635466331841
cross,all,0.90000000000000002,0.078611014432286339,vitb_amp,sinusoidal,Sinusoidal,456,0.91971456968544518,0.99846681257184067,0.078752242886395485
cross,all,0.90000000000000002,0.078611014432286339,vitb_amp,sinusoidal,Sinusoidal,789,0.9110936306732943,0.99672955905921534,0.085635928385921045
cross,all,0.90000000000000002,0.078611014432286339,vitb_amp,sinusoidal,Sinusoidal,1011,0.90051240945548039,0.99810664133810667,0.097594231882626281
cross,all,0.90000000000000002,0.078611014432286339,vitb_amp,sinusoidal,Sinusoidal,1213,0.9000229205769591,0.99951509527683757,0.099492174699878477
cross,all,0.90000000000000002,0.078611014432286339,vitb_amp,rope,RoPE,42,0.9711623727273152,0.99850992881076339,0.027347556083448188
cross,all,0.90000000000000002,0.078611014432286339,vitb_amp,rope,RoPE,123,0.96500734729819249,0.99909224234556637,0.034084895047373887
cross,all,0.90000000000000002,0.078611014432286339,vitb_amp,rope,RoPE,456,0.96934948118563358,0.99945791261376471,0.030108431428131133
cross,all,0.90000000000000002,0.078611014432286339,vitb_amp,rope,RoPE,789,0.95358298722236234,0.99962862735139724,0.046045640129034893
cross,all,0.90000000000000002,0.078611014432286339,vitb_amp,rope,RoPE,1011,0.9780219571758122,0.99872651234564225,0.020704555169830052
cross,all,0.90000000000000002,0.078611014432286339,vitb_amp,rope,RoPE,1213,0.96850180727179369,0.99963028054981906,0.03112847327802537
cross,all,0.90000000000000002,0.078611014432286339,vits_amp,learned,Learned,42,0.91196768817975626,0.99737787471878381,0.085410186539027544
cross,all,0.90000000000000002,0.078611014432286339,vits_amp,learned,Learned,123,0.85203199689093911,0.99794589706202608,0.14591390017108696
cross,all,0.90000000000000002,0.078611014432286339,vits_amp,learned,Learned,456,0.83067043477008495,0.99521039364413533,0.16453995887405037
cross,all,0.90000000000000002,0.078611014432286339,vits_amp,learned,Learned,789,0.84274422297326446,0.99722898844179508,0.15448476546853063
cross,all,0.90000000000000002,0.078611014432286339,vits_amp,learned,Learned,1011,0.69933077367277319,0.99833161272946858,0.29900083905669539
cross,all,0.90000000000000002,0.078611014432286339,vits_amp,learned,Learned,1213,0.77551013151955572,0.99855326427208779,0.22304313275253207
cross,all,0.90000000000000002,0.078611014432286339,vits_amp,sinusoidal,Sinusoidal,42,0.74908951204523011,0.99873549299664877,0.24964598095141866
cross,all,0.90000000000000002,0.078611014432286339,vits_amp,sinusoidal,Sinusoidal,123,0.79997092823983296,1.0009493718018239,0.2009784435619909
cross,all,0.90000000000000002,0.078611014432286339,vits_amp,sinusoidal,Sinusoidal,456,0.75649533876945929,0.99903449822444879,0.24253915945498949
cross,all,0.90000000000000002,0.078611014432286339,vits_amp,sinusoidal,Sinusoidal,789,0.76165294189965904,1.0000045320658486,0.23835159016618956
cross,all,0.90000000000000002,0.078611014432286339,vits_amp,sinusoidal,Sinusoidal,1011,0.77538954281747119,0.99968493577071682,0.22429539295324563
cross,all,0.90000000000000002,0.078611014432286339,vits_amp,sinusoidal,Sinusoidal,1213,0.77493346258747497,0.99656608804231261,0.22163262545483764
cross,all,0.90000000000000002,0.078611014432286339,vits_amp,rope,RoPE,42,0.85750942401371477,0.99937993505201161,0.14187051103829684
cross,all,0.90000000000000002,0.078611014432286339,vits_amp,rope,RoPE,123,0.92106411467451021,0.99895376867310504,0.077889653998594821
cross,all,0.90000000000000002,0.078611014432286339,vits_amp,rope,RoPE,456,0.85018290348992087,0.999914937826337,0.14973203433641613
cross,all,0.90000000000000002,0.078611014432286339,vits_amp,rope,RoPE,789,0.96854143259162317,0.99941761057080125,0.030876177979178077
cross,all,0.90000000000000002,0.078611014432286339,vits_amp,rope,RoPE,1011,0.92224760825112351,0.99937127085155431,0.077123662600430798
cross,all,0.90000000000000002,0.078611014432286339,vits_amp,rope,RoPE,1213,0.89197722930323664,0.99898108635750282,0.10700385705426618
cross,all,0.75,0.065509178693571951,vitb_amp,learned,Learned,42,0.9983903839989654,0.9998617361726474,0.0014713521736819946
cross,all,0.75,0.065509178693571951,vitb_amp,learned,Learned,123,0.99608435610739199,0.99802191347132951,0.0019375573639375254
cross,all,0.75,0.065509178693571951,vitb_amp,learned,Learned,456,0.9916423100283891,0.99920980380586355,0.0075674937774744544
cross,all,0.75,0.065509178693571951,vitb_amp,learned,Learned,789,0.99557636783009051,0.99928145628949483,0.0037050884594043154
cross,all,0.75,0.065509178693571951,vitb_amp,learned,Learned,1011,0.99483180746766409,0.99795166716793771,0.0031198597002736195
cross,all,0.75,0.065509178693571951,vitb_amp,learned,Learned,1213,0.99679433678037688,0.99828672820286923,0.0014923914224923562
cross,all,0.75,0.065509178693571951,vitb_amp,sinusoidal,Sinusoidal,42,0.93275139043686828,0.99910266632177847,0.066351275884910188
cross,all,0.75,0.065509178693571951,vitb_amp,sinusoidal,Sinusoidal,123,0.93654607741514584,0.99879429346327719,0.062248216048131355
cross,all,0.75,0.065509178693571951,vitb_amp,sinusoidal,Sinusoidal,456,0.94143863073256218,0.99876844017024458,0.0573298094376824
cross,all,0.75,0.065509178693571951,vitb_amp,sinusoidal,Sinusoidal,789,0.93378906428375708,0.99718170976510523,0.063392645481348153
cross,all,0.75,0.065509178693571951,vitb_amp,sinusoidal,Sinusoidal,1011,0.93221278570631971,0.99845087582867653,0.066238090122356819
cross,all,0.75,0.065509178693571951,vitb_amp,sinusoidal,Sinusoidal,1213,0.9330222287599913,0.9994919744626467,0.066469745702655403
cross,all,0.75,0.065509178693571951,vitb_amp,rope,RoPE,42,0.98115685115289775,0.99867038149949428,0.017513530346596529
cross,all,0.75,0.065509178693571951,vitb_amp,rope,RoPE,123,0.97845986605999657,0.99920791606100934,0.020748050001012763
cross,all,0.75,0.065509178693571951,vitb_amp,rope,RoPE,456,0.98146814324040721,0.99956049425218385,0.018092351011776642
cross,all,0.75,0.065509178693571951,vitb_amp,rope,RoPE,789,0.97086802541558781,0.9997656975517899,0.028897672136202091
cross,all,0.75,0.065509178693571951,vitb_amp,rope,RoPE,1011,0.98738188855420683,0.99893996663157214,0.011558078077365308
cross,all,0.75,0.065509178693571951,vitb_amp,rope,RoPE,1213,0.9806038225321333,0.9997351647330851,0.019131342200951806
cross,all,0.75,0.065509178693571951,vits_amp,learned,Learned,42,0.9469394571580998,0.99761818751805287,0.050678730359953073
cross,all,0.75,0.065509178693571951,vits_amp,learned,Learned,123,0.90623547313947139,0.99841466294810655,0.092179189808635154
cross,all,0.75,0.065509178693571951,vits_amp,learned,Learned,456,0.8869347050695976,0.9958602068821989,0.1089255018126013
cross,all,0.75,0.065509178693571951,vits_amp,learned,Learned,789,0.91028158223010525,0.99757974320059883,0.087298160970493588
cross,all,0.75,0.065509178693571951,vits_amp,learned,Learned,1011,0.74944231139397766,0.9987193293815918,0.24927701798761415
cross,all,0.75,0.065509178693571951,vits_amp,learned,Learned,1213,0.845093388045418,0.99875387433325058,0.15366048628783258
cross,all,0.75,0.065509178693571951,vits_amp,sinusoidal,Sinusoidal,42,0.83366457838318919,0.99886067724985217,0.16519609886666298
cross,all,0.75,0.065509178693571951,vits_amp,sinusoidal,Sinusoidal,123,0.86332624736475305,1.0009497458857537,0.13762349852100064
cross,all,0.75,0.065509178693571951,vits_amp,sinusoidal,Sinusoidal,456,0.82769936548384215,0.99916767744839441,0.17146831196455226
cross,all,0.75,0.065509178693571951,vits_amp,sinusoidal,Sinusoidal,789,0.826976239913224,1.0001328785816637,0.17315663866843967
cross,all,0.75,0.065509178693571951,vits_amp,sinusoidal,Sinusoidal,1011,0.84596614966572725,0.99953622139783271,0.15357007173210546
cross,all,0.75,0.065509178693571951,vits_amp,sinusoidal,Sinusoidal,1213,0.84858926719475847,0.99689632843172826,0.14830706123696979
cross,all,0.75,0.065509178693571951,vits_amp,rope,RoPE,42,0.92069453485807839,0.99951019562151011,0.078815660763431716
cross,all,0.75,0.065509178693571951,vits_amp,rope,RoPE,123,0.95770518591493359,0.99917761825556251,0.041472432340628917
cross,all,0.75,0.065509178693571951,vits_amp,rope,RoPE,456,0.91623838450262218,1.0001925617473872,0.08395417724476506
cross,all,0.75,0.065509178693571951,vits_amp,rope,RoPE,789,0.98048068906655239,0.99950821938213608,0.019027530315583685
cross,all,0.75,0.065509178693571951,vits_amp,rope,RoPE,1011,0.96334002638903438,0.99958141680854462,0.036241390419510244
cross,all,0.75,0.065509178693571951,vits_amp,rope,RoPE,1213,0.94502376532687937,0.99912493938651747,0.054101174059638102
architecture,vitb_amp,1,0.095748114392128297,vitb_amp,learned,Learned,42,0.99637730046311834,0.99919258141691891,0.0028152809538005696
architecture,vitb_amp,1,0.095748114392128297,vitb_amp,learned,Learned,123,0.99352294646913419,0.99684309207906652,0.0033201456099323234
architecture,vitb_amp,1,0.095748114392128297,vitb_amp,learned,Learned,456,0.98892695963019361,0.99839897222519169,0.0094720125949980805
architecture,vitb_amp,1,0.095748114392128297,vitb_amp,learned,Learned,789,0.9923168099827262,0.9990238021053568,0.0067069921226305951
architecture,vitb_amp,1,0.095748114392128297,vitb_amp,learned,Learned,1011,0.99192802259664348,0.99674406141360505,0.0048160388169615764
architecture,vitb_amp,1,0.095748114392128297,vitb_amp,learned,Learned,1213,0.99456533240226652,0.99652476174626237,0.0019594293439958443
architecture,vitb_amp,1,0.095748114392128297,vitb_amp,sinusoidal,Sinusoidal,42,0.79349732025214692,0.99927450847344967,0.20577718822130275
architecture,vitb_amp,1,0.095748114392128297,vitb_amp,sinusoidal,Sinusoidal,123,0.83093704419680514,0.99860651930710786,0.16766947511030272
architecture,vitb_amp,1,0.095748114392128297,vitb_amp,sinusoidal,Sinusoidal,456,0.86330465290448699,0.99806610776181393,0.13476145485732693
architecture,vitb_amp,1,0.095748114392128297,vitb_amp,sinusoidal,Sinusoidal,789,0.83885166858498694,0.99615507503873757,0.15730340645375063
architecture,vitb_amp,1,0.095748114392128297,vitb_amp,sinusoidal,Sinusoidal,1011,0.81445115651110889,0.99758972321683448,0.18313856670572559
architecture,vitb_amp,1,0.095748114392128297,vitb_amp,sinusoidal,Sinusoidal,1213,0.81474685194126439,0.99950871912659345,0.18476186718532905
architecture,vitb_amp,1,0.095748114392128297,vitb_amp,rope,RoPE,42,0.95241356044429981,0.99831894675587529,0.04590538631157548
architecture,vitb_amp,1,0.095748114392128297,vitb_amp,rope,RoPE,123,0.93421856067626718,0.99895239713964135,0.064733836463374161
architecture,vitb_amp,1,0.095748114392128297,vitb_amp,rope,RoPE,456,0.9429567260730759,0.99931497071218622,0.056358244639110322
architecture,vitb_amp,1,0.095748114392128297,vitb_amp,rope,RoPE,789,0.91291804812714961,0.99942408325524301,0.086506035128093406
architecture,vitb_amp,1,0.095748114392128297,vitb_amp,rope,RoPE,1011,0.96195394299390236,0.99844139922996777,0.036487456236065419
architecture,vitb_amp,1,0.095748114392128297,vitb_amp,rope,RoPE,1213,0.94283679010901178,0.99943718816395466,0.05660039805494288
architecture,vits_amp,1,0.087345571591429264,vits_amp,learned,Learned,42,0.87582276881045296,0.99714524496602286,0.1213224761555699
architecture,vits_amp,1,0.087345571591429264,vits_amp,learned,Learned,123,0.80525928112279288,0.99761977527635737,0.19236049415356449
architecture,vits_amp,1,0.087345571591429264,vits_amp,learned,Learned,456,0.78904714803902976,0.99479657683874434,0.20574942879971458
architecture,vits_amp,1,0.087345571591429264,vits_amp,learned,Learned,789,0.78793990987258389,0.99700618748729364,0.20906627761470975
architecture,vits_amp,1,0.087345571591429264,vits_amp,learned,Learned,1011,0.6659230818586368,0.9980656678610772,0.3321425860024404
architecture,vits_amp,1,0.087345571591429264,vits_amp,learned,Learned,1213,0.72668308874682219,0.99840631129155655,0.27172322254473436
architecture,vits_amp,1,0.087345571591429264,vits_amp,sinusoidal,Sinusoidal,42,0.68771454564931955,0.9986000847876757,0.31088553913835615
architecture,vits_amp,1,0.087345571591429264,vits_amp,sinusoidal,Sinusoidal,123,0.74737097445423195,1.0009374037935581,0.25356642933932616
architecture,vits_amp,1,0.087345571591429264,vits_amp,sinusoidal,Sinusoidal,456,0.70253372110925727,0.99893896852978736,0.29640524742053009
architecture,vits_amp,1,0.087345571591429264,vits_amp,sinusoidal,Sinusoidal,789,0.71067657068336143,0.99984310729978609,0.28916653661642466
architecture,vits_amp,1,0.087345571591429264,vits_amp,sinusoidal,Sinusoidal,1011,0.7158824494089765,0.99973343184297891,0.28385098243400242
architecture,vits_amp,1,0.087345571591429264,vits_amp,sinusoidal,Sinusoidal,1213,0.71804899472040584,0.99633775902163646,0.27828876430123062
architecture,vits_amp,1,0.087345571591429264,vits_amp,rope,RoPE,42,0.80903465842981936,0.99929242864309842,0.19025777021327905
architecture,vits_amp,1,0.087345571591429264,vits_amp,rope,RoPE,123,0.88611587009884762,0.99879704917246448,0.11268117907361686
architecture,vits_amp,1,0.087345571591429264,vits_amp,rope,RoPE,456,0.8002886045149934,0.99969934858659582,0.19941074407160242
architecture,vits_amp,1,0.087345571591429264,vits_amp,rope,RoPE,789,0.9495485085685833,0.99936295921852858,0.049814450649945274
architecture,vits_amp,1,0.087345571591429264,vits_amp,rope,RoPE,1011,0.8834837134225032,0.9992239897262325,0.11574027630372929
architecture,vits_amp,1,0.087345571591429264,vits_amp,rope,RoPE,1213,0.84763950298300439,0.99887969732337178,0.1512401943403674
family,learned,1,0.099523853759162673,vitb_amp,learned,Learned,42,0.99607851764394861,0.99908428706484909,0.0030057694209004726
family,learned,1,0.099523853759162673,vitb_amp,learned,Learned,123,0.99305903932804118,0.99669630310508461,0.0036372637770434313
family,learned,1,0.099523853759162673,vitb_amp,learned,Learned,456,0.98851917780589993,0.99830594587358734,0.0097867680676874125
family,learned,1,0.099523853759162673,vitb_amp,learned,Learned,789,0.9918515768132844,0.99898683287521106,0.0071352560619266647
family,learned,1,0.099523853759162673,vitb_amp,learned,Learned,1011,0.99153441445304313,0.99658727425902238,0.0050528598059792484
family,learned,1,0.099523853759162673,vitb_amp,learned,Learned,1213,0.99427047903364596,0.99630486756653736,0.0020343885328913958
family,learned,1,0.099523853759162673,vits_amp,learned,Learned,42,0.81415021740673765,0.99672970255720084,0.18257948515046318
family,learned,1,0.099523853759162673,vits_amp,learned,Learned,123,0.72973852101805026,0.9971540034150439,0.26741548239699364
family,learned,1,0.099523853759162673,vits_amp,learned,Learned,456,0.72276988688749944,0.99423639699596533,0.2714665101084659
family,learned,1,0.099523853759162673,vits_amp,learned,Learned,789,0.70542309419815119,0.99668238348094407,0.29125928928279288
family,learned,1,0.099523853759162673,vits_amp,learned,Learned,1011,0.61934392620455081,0.99768234388615606,0.37833841768160525
family,learned,1,0.099523853759162673,vits_amp,learned,Learned,1213,0.65646227950006564,0.99813941845126597,0.34167713895120033
family,sinusoidal,1,0.087345571591429264,vitb_amp,sinusoidal,Sinusoidal,42,0.84769423316708181,0.99924739175692812,0.1515531585898463
family,sinusoidal,1,0.087345571591429264,vitb_amp,sinusoidal,Sinusoidal,123,0.87845854334250539,0.99867984626341189,0.12022130292090649
family,sinusoidal,1,0.087345571591429264,vitb_amp,sinusoidal,Sinusoidal,456,0.8996074809676331,0.99826852757057816,0.098661046602945057
family,sinusoidal,1,0.087345571591429264,vitb_amp,sinusoidal,Sinusoidal,789,0.88503730881105425,0.99643902732900735,0.11140171851795311
family,sinusoidal,1,0.087345571591429264,vitb_amp,sinusoidal,Sinusoidal,1011,0.8658601049963337,0.99785265164177661,0.13199254664544291
family,sinusoidal,1,0.087345571591429264,vitb_amp,sinusoidal,Sinusoidal,1213,0.86511345296823272,0.99952733864869137,0.13441388568045864
family,sinusoidal,1,0.087345571591429264,vits_amp,sinusoidal,Sinusoidal,42,0.68771454564931955,0.9986000847876757,0.31088553913835615
family,sinusoidal,1,0.087345571591429264,vits_amp,sinusoidal,Sinusoidal,123,0.74737097445423195,1.0009374037935581,0.25356642933932616
family,sinusoidal,1,0.087345571591429264,vits_amp,sinusoidal,Sinusoidal,456,0.70253372110925727,0.99893896852978736,0.29640524742053009
family,sinusoidal,1,0.087345571591429264,vits_amp,sinusoidal,Sinusoidal,789,0.71067657068336143,0.99984310729978609,0.28916653661642466
family,sinusoidal,1,0.087345571591429264,vits_amp,sinusoidal,Sinusoidal,1011,0.7158824494089765,0.99973343184297891,0.28385098243400242
family,sinusoidal,1,0.087345571591429264,vits_amp,sinusoidal,Sinusoidal,1213,0.71804899472040584,0.99633775902163646,0.27828876430123062
family,rope,1,0.10646703102864417,vitb_amp,rope,RoPE,42,0.93678668109192176,0.99819544991761,0.061408768825688242
family,rope,1,0.10646703102864417,vitb_amp,rope,RoPE,123,0.90225836760447065,0.99886181087967907,0.096603443275208423
family,rope,1,0.10646703102864417,vitb_amp,rope,RoPE,456,0.91474242868126843,0.99921224606633441,0.084469817385065982
family,rope,1,0.10646703102864417,vitb_amp,rope,RoPE,789,0.87454666074183296,0.99928448952585658,0.12473782878402362
family,rope,1,0.10646703102864417,vitb_amp,rope,RoPE,1011,0.94776412030165802,0.99825162256399724,0.050487502262339223
family,rope,1,0.10646703102864417,vitb_amp,rope,RoPE,1213,0.92054540185617006,0.99929251899432781,0.078747117138157741
family,rope,1,0.10646703102864417,vits_amp,rope,RoPE,42,0.70749100506618756,0.99908453466395775,0.29159352959777018
family,rope,1,0.10646703102864417,vits_amp,rope,RoPE,123,0.79238530378826388,0.99842343735307937,0.20603813356481548
family,rope,1,0.10646703102864417,vits_amp,rope,RoPE,456,0.69209802020512501,0.99918125353580511,0.30708323333068011
family,rope,1,0.10646703102864417,vits_amp,rope,RoPE,789,0.88034978813452491,0.99922685108050369,0.11887706294597877
family,rope,1,0.10646703102864417,vits_amp,rope,RoPE,1011,0.78226492498192213,0.99887846610823705,0.21661354112631492
family,rope,1,0.10646703102864417,vits_amp,rope,RoPE,1213,0.74521087401774311,0.99863318401416901,0.2534223099964259
