regime,family,family_label,seed,clean_accuracy_percent,max_rho_rel,epsilon_at_max_rho,min_normalized_accuracy,epsilon_at_min_accuracy,rho_nonmonotone_step_count,raw_accuracy_increase_step_count,q80_status,epsilon80,rho80,q50_status,epsilon50,rho50,q20_status,epsilon20,rho20,q80_epsilon_left,q80_epsilon_right,q80_rho_left,q80_rho_right,q80_accuracy_left,q80_accuracy_right,q80_epsilon_bracket_width,q80_rho_bracket_abs_width,q80_rho_bracket_signed_delta,q50_epsilon_left,q50_epsilon_right,q50_rho_left,q50_rho_right,q50_accuracy_left,q50_accuracy_right,q50_epsilon_bracket_width,q50_rho_bracket_abs_width,q50_rho_bracket_signed_delta,q20_epsilon_left,q20_epsilon_right,q20_rho_left,q20_rho_right,q20_accuracy_left,q20_accuracy_right,q20_epsilon_bracket_width,q20_rho_bracket_abs_width,q20_rho_bracket_signed_delta,cliff_width_rho20_minus_rho80
amp_fp16_trained,learned,Learned,42,77.80023094688222,0.11184532304847106,0.008,0.07680890538033394,0.008,0,0,IDENTIFIED,0.005064610866372981,0.06838006786116833,IDENTIFIED,0.005460352422907489,0.08593434522612428,IDENTIFIED,0.005856093979441998,0.10348862259108021,0.005,0.006,0.06551406339342043,0.10987199617833691,0.8489795918367347,0.0909090909090909,0.001,0.04435793278491648,0.04435793278491648,0.005,0.006,0.06551406339342043,0.10987199617833691,0.8489795918367347,0.0909090909090909,0.001,0.04435793278491648,0.04435793278491648,0.005,0.006,0.06551406339342043,0.10987199617833691,0.8489795918367347,0.0909090909090909,0.001,0.04435793278491648,0.04435793278491648,0.03510855472991188
full_fp32_trained,learned,Learned,42,78.17551963048498,0.12014637512011779,0.006,0.06351550960118169,0.008,1,0,IDENTIFIED,0.0046922401171303075,0.07206490561509955,IDENTIFIED,0.005256544502617801,0.1028150127994901,IDENTIFIED,0.005788219895287958,0.11520937789568547,0.0045,0.005,0.05659276430608917,0.09683447228040026,0.8969719350073856,0.6447562776957164,0.0005000000000000004,0.04024170797431109,0.04024170797431109,0.005,0.006,0.09683447228040026,0.12014637512011779,0.6447562776957164,0.08050221565731168,0.001,0.023311902839717527,0.023311902839717527,0.005,0.006,0.09683447228040026,0.12014637512011779,0.6447562776957164,0.08050221565731168,0.001,0.023311902839717527,0.023311902839717527,0.04314447228058592
amp_fp16_trained,learned,Learned,123,77.68475750577367,0.09952385375916267,0.008,0.06837606837606837,0.008,0,0,IDENTIFIED,0.004569957081545064,0.056512403933534246,IDENTIFIED,0.005390489913544669,0.07660969714453195,IDENTIFIED,0.006655787476280835,0.09284647709209418,0.0045,0.005,0.054595764287848965,0.06829444641805364,0.8242289111854328,0.6510590858416946,0.0005000000000000004,0.013698682130204677,0.013698682130204677,0.005,0.006,0.06829444641805364,0.08958885233752208,0.6510590858416946,0.26421404682274247,0.001,0.021294405919468434,0.021294405919468434,0.006,0.008,0.08958885233752208,0.09952385375916267,0.26421404682274247,0.06837606837606837,0.002,0.009935001421640596,0.009935001421640596,0.03633407315855993
full_fp32_trained,learned,Learned,123,77.68475750577367,0.09492790714885053,0.006,0.043106651802303976,0.008,1,0,IDENTIFIED,0.0045089664613278575,0.054334696287540236,IDENTIFIED,0.004785249828884326,0.07087379043234682,IDENTIFIED,0.005457506361323155,0.08885275329580944,0.0045,0.005,0.053797938865771465,0.08372933555295395,0.8097361575622445,0.26681531029357114,0.0005000000000000004,0.029931396687182484,0.029931396687182484,0.0045,0.005,0.053797938865771465,0.08372933555295395,0.8097361575622445,0.26681531029357114,0.0005000000000000004,0.029931396687182484,0.029931396687182484,0.005,0.006,0.08372933555295395,0.09492790714885053,0.26681531029357114,0.12077294685990338,0.001,0.011198571595896586,0.011198571595896586,0.0345180570082692
amp_fp16_trained,learned,Learned,456,78.23325635103926,0.10250007858335218,0.006,0.06826568265682657,0.008,1,0,IDENTIFIED,0.004548567870485678,0.05177527556419298,IDENTIFIED,0.004801681195516812,0.07605384744844142,IDENTIFIED,0.0055072046109510085,0.0988417937542134,0.0045,0.005,0.0471166566048538,0.09507654153240974,0.8575645756457565,0.2649446494464945,0.0005000000000000004,0.04795988492755594,0.04795988492755594,0.0045,0.005,0.0471166566048538,0.09507654153240974,0.8575645756457565,0.2649446494464945,0.0005000000000000004,0.04795988492755594,0.04795988492755594,0.005,0.006,0.09507654153240974,0.10250007858335218,0.2649446494464945,0.13690036900369004,0.001,0.007423537050942439,0.007423537050942439,0.04706651819002042
full_fp32_trained,learned,Learned,456,78.43533487297921,0.10238845985618027,0.006,0.07655502392344497,0.008,1,0,IDENTIFIED,0.004807218683651805,0.05683919379570248,IDENTIFIED,0.005376634958382877,0.07963563062898335,IDENTIFIED,0.005861236623067777,0.09732359543879565,0.0045,0.005,0.04241818509534331,0.06588845150124921,0.9065145380934856,0.7331615752668385,0.0005000000000000004,0.023470266405905903,0.023470266405905903,0.005,0.006,0.06588845150124921,0.10238845985618027,0.7331615752668385,0.11409642988590357,0.001,0.03650000835493106,0.03650000835493106,0.005,0.006,0.06588845150124921,0.10238845985618027,0.7331615752668385,0.11409642988590357,0.001,0.03650000835493106,0.03650000835493106,0.04048440164309317
amp_fp16_trained,learned,Learned,789,78.00230946882218,0.10131931139064532,0.006,0.07364914877868245,0.008,1,0,IDENTIFIED,0.005043682864450128,0.05712962951412821,IDENTIFIED,0.005458312020460358,0.07628889145738066,IDENTIFIED,0.005872941176470589,0.09544815340063309,0.005,0.006,0.05511112350628988,0.10131931139064532,0.8316062176165803,0.10806809770540339,0.001,0.046208187884355434,0.046208187884355434,0.005,0.006,0.05511112350628988,0.10131931139064532,0.8316062176165803,0.10806809770540339,0.001,0.046208187884355434,0.046208187884355434,0.005,0.006,0.05511112350628988,0.10131931139064532,0.8316062176165803,0.10806809770540339,0.001,0.046208187884355434,0.046208187884355434,0.03831852388650488
full_fp32_trained,learned,Learned,789,77.3960739030023,0.1280946161241568,0.005,0.08429690414024618,0.008,1,1,IDENTIFIED,0.004572658988482724,0.05283348240423842,IDENTIFIED,0.004774036054081121,0.08829899087091897,IDENTIFIED,0.0049754131196795195,0.1237644993375995,0.0045,0.005,0.040037149497324724,0.1280946161241568,0.9082431928384931,0.16337187616560986,0.0005000000000000004,0.08805746662683206,0.08805746662683206,0.0045,0.005,0.040037149497324724,0.1280946161241568,0.9082431928384931,0.16337187616560986,0.0005000000000000004,0.08805746662683206,0.08805746662683206,0.0045,0.005,0.040037149497324724,0.1280946161241568,0.9082431928384931,0.16337187616560986,0.0005000000000000004,0.08805746662683206,0.08805746662683206,0.07093101693336108
amp_fp16_trained,learned,Learned,1011,77.74249422632795,0.24749272810274703,0.003,0.04753063497957668,0.008,5,0,IDENTIFIED,0.0022013623978201628,0.18160706179310557,IDENTIFIED,0.003438125894134478,0.24498960282807575,IDENTIFIED,0.004046861924686193,0.23933890999448346,0.0,0.003,0.0,0.24749272810274703,1.0,0.7274415150389899,0.003,0.24749272810274703,0.24749272810274703,0.003,0.004,0.24749272810274703,0.24177947237378303,0.7274415150389899,0.20831786112142592,0.001,0.005713255728964001,-0.005713255728964001,0.004,0.0045,0.24177947237378303,0.21573954341607787,0.20831786112142592,0.11956925362049757,0.0004999999999999996,0.026039928957705155,-0.026039928957705155,0.05773184820137789
full_fp32_trained,learned,Learned,1011,78.31986143187066,0.10621422160310269,0.006,0.04349428676741615,0.008,1,0,IDENTIFIED,0.004721303258145363,0.05464278874961023,IDENTIFIED,0.005335127478753541,0.07763113502116503,IDENTIFIED,0.005796260623229462,0.09745539933223368,0.0045,0.005,0.04782883447000917,0.06322389538484961,0.8650939918908958,0.7180243273129379,0.0005000000000000004,0.015395060914840442,0.015395060914840442,0.005,0.006,0.06322389538484961,0.10621422160310269,0.7180243273129379,0.06745300405455217,0.001,0.04299032621825308,0.04299032621825308,0.005,0.006,0.06322389538484961,0.10621422160310269,0.7180243273129379,0.06745300405455217,0.001,0.04299032621825308,0.04299032621825308,0.04281261058262345
amp_fp16_trained,learned,Learned,1213,78.11778290993071,0.2575659468832938,0.005,0.02180339985218034,0.006,2,1,IDENTIFIED,0.004073546756529065,0.06583825631301206,IDENTIFIED,0.0042445240101095195,0.14205803767842223,IDENTIFIED,0.004415501263689975,0.21827781904383237,0.004,0.0045,0.03305192020460947,0.2559464274249639,0.9290465631929047,0.05173688100517369,0.0004999999999999996,0.22289450722035442,0.22289450722035442,0.004,0.0045,0.03305192020460947,0.2559464274249639,0.9290465631929047,0.05173688100517369,0.0004999999999999996,0.22289450722035442,0.22289450722035442,0.004,0.0045,0.03305192020460947,0.2559464274249639,0.9290465631929047,0.05173688100517369,0.0004999999999999996,0.22289450722035442,0.22289450722035442,0.15243956273082032
full_fp32_trained,learned,Learned,1213,77.7136258660508,0.09832747088779775,0.008,0.06352154531946509,0.008,0,0,IDENTIFIED,0.005060909090909091,0.057163290923700934,IDENTIFIED,0.005672727272727273,0.07583204948133412,IDENTIFIED,0.0070110363391655455,0.0921419179325689,0.005,0.006,0.055304736951395705,0.0858183096310339,0.8298662704309063,0.3395245170876672,0.001,0.030513572679638196,0.030513572679638196,0.005,0.006,0.055304736951395705,0.0858183096310339,0.8298662704309063,0.3395245170876672,0.001,0.030513572679638196,0.030513572679638196,0.006,0.008,0.0858183096310339,0.09832747088779775,0.3395245170876672,0.06352154531946509,0.002,0.012509161256763851,0.012509161256763851,0.03497862700886797
amp_fp16_trained,rope,RoPE,42,83.08314087759815,0.1212689244789277,0.1,0.08095899930507297,0.1,0,1,IDENTIFIED,0.053377219840783835,0.055351032285771484,IDENTIFIED,0.06659522351500306,0.07474888983866704,IDENTIFIED,0.08696347031963471,0.10344238417064996,0.05,0.075,0.0503948504741329,0.0870831773028084,0.8766504517025712,0.3092425295343989,0.024999999999999994,0.036688326828675503,0.036688326828675503,0.05,0.075,0.0503948504741329,0.0870831773028084,0.8766504517025712,0.3092425295343989,0.024999999999999994,0.036688326828675503,0.036688326828675503,0.075,0.1,0.0870831773028084,0.1212689244789277,0.3092425295343989,0.08095899930507297,0.02500000000000001,0.0341857471761193,0.0341857471761193,0.04809135188487848
full_fp32_trained,rope,RoPE,42,82.85219399538106,0.11519102349761626,0.1,0.07839721254355402,0.1,0,0,IDENTIFIED,0.05272488509520683,0.055176059605607765,IDENTIFIED,0.06685817465528562,0.07414932283281803,IDENTIFIED,0.08778011204481793,0.10047256402702875,0.05,0.075,0.051518032084449925,0.08507933277555473,0.8578397212543554,0.3271777003484321,0.024999999999999994,0.0335613006911048,0.0335613006911048,0.05,0.075,0.051518032084449925,0.08507933277555473,0.8578397212543554,0.3271777003484321,0.024999999999999994,0.0335613006911048,0.0335613006911048,0.075,0.1,0.08507933277555473,0.11519102349761626,0.3271777003484321,0.07839721254355402,0.02500000000000001,0.030111690722061532,0.030111690722061532,0.04529650442142099
amp_fp16_trained,rope,RoPE,123,83.05427251732101,0.12804234538442083,0.1,0.07021202641640598,0.1,0,0,IDENTIFIED,0.05370629370629371,0.0679797371797063,IDENTIFIED,0.0662805944055944,0.08767853599470968,IDENTIFIED,0.08536833855799374,0.11241335572680498,0.05,0.075,0.06217348712926386,0.10133828699781422,0.8884254431699689,0.29197080291970806,0.024999999999999994,0.03916479986855036,0.03916479986855036,0.05,0.075,0.06217348712926386,0.10133828699781422,0.8884254431699689,0.29197080291970806,0.024999999999999994,0.03916479986855036,0.03916479986855036,0.075,0.1,0.10133828699781422,0.12804234538442083,0.29197080291970806,0.07021202641640598,0.02500000000000001,0.02670405838660661,0.02670405838660661,0.04443361854709868
full_fp32_trained,rope,RoPE,123,82.27482678983834,0.13021524753677913,0.1,0.08175438596491227,0.1,0,1,IDENTIFIED,0.053443728018757325,0.07169262217781905,IDENTIFIED,0.06597303634232121,0.08999169657261336,IDENTIFIED,0.08537326388888888,0.1143951707716399,0.05,0.075,0.0666630520225247,0.10317559110734235,0.8824561403508772,0.283859649122807,0.024999999999999994,0.03651253908481765,0.03651253908481765,0.05,0.075,0.0666630520225247,0.10317559110734235,0.8824561403508772,0.283859649122807,0.024999999999999994,0.03651253908481765,0.03651253908481765,0.075,0.1,0.10317559110734235,0.13021524753677913,0.283859649122807,0.08175438596491227,0.02500000000000001,0.027039656429436773,0.027039656429436773,0.04270254859382085
amp_fp16_trained,rope,RoPE,456,82.41916859122402,0.10646703102864417,0.1,0.09842381786339753,0.1,0,1,IDENTIFIED,0.05409861809045226,0.05432693583763903,IDENTIFIED,0.06754868090452261,0.07332034051962767,IDENTIFIED,0.08921130952380953,0.09670353953707929,0.05,0.075,0.048539103237523404,0.08384266453784556,0.8914185639229422,0.333800350262697,0.024999999999999994,0.03530356130032215,0.03530356130032215,0.05,0.075,0.048539103237523404,0.08384266453784556,0.8914185639229422,0.333800350262697,0.024999999999999994,0.03530356130032215,0.03530356130032215,0.075,0.1,0.08384266453784556,0.10646703102864417,0.333800350262697,0.09842381786339753,0.02500000000000001,0.022624366490798617,0.022624366490798617,0.04237660369944026
full_fp32_trained,rope,RoPE,456,82.82332563510393,0.11679496260213246,0.1,0.08295573370512374,0.1,0,0,IDENTIFIED,0.054524248004910986,0.054847290067371865,IDENTIFIED,0.06773327194597913,0.07436115160245609,IDENTIFIED,0.08838865836791149,0.10207244099914352,0.05,0.075,0.048163560102758386,0.08509638273625693,0.9027535726734053,0.33495991634715927,0.024999999999999994,0.03693282263349854,0.03693282263349854,0.05,0.075,0.048163560102758386,0.08509638273625693,0.9027535726734053,0.33495991634715927,0.024999999999999994,0.03693282263349854,0.03693282263349854,0.075,0.1,0.08509638273625693,0.11679496260213246,0.33495991634715927,0.08295573370512374,0.02500000000000001,0.03169857986587553,0.03169857986587553,0.04722515093177165
amp_fp16_trained,rope,RoPE,789,83.05427251732101,0.13858794456698123,0.1,0.07194994786235662,0.1,0,1,IDENTIFIED,0.05503929866989117,0.0815886080246146,IDENTIFIED,0.06808494558645707,0.10108127895256538,IDENTIFIED,0.08810077519379846,0.12565383813132733,0.05,0.075,0.0740589399822339,0.11141368186015138,0.9158846020159889,0.3409801876955162,0.024999999999999994,0.037354741877917486,0.037354741877917486,0.05,0.075,0.0740589399822339,0.11141368186015138,0.9158846020159889,0.3409801876955162,0.024999999999999994,0.037354741877917486,0.037354741877917486,0.075,0.1,0.11141368186015138,0.13858794456698123,0.3409801876955162,0.07194994786235662,0.02500000000000001,0.02717426270682985,0.02717426270682985,0.04406523010671273
full_fp32_trained,rope,RoPE,789,82.27482678983834,0.10411208324905995,0.1,0.07157894736842105,0.1,0,1,IDENTIFIED,0.05344677137870855,0.05275053986287021,IDENTIFIED,0.06588132635253054,0.06803823310213959,IDENTIFIED,0.08459595959595959,0.08879253394206844,0.05,0.075,0.048512898579002574,0.07924920814427047,0.8831578947368419,0.27999999999999997,0.024999999999999994,0.0307363095652679,0.0307363095652679,0.05,0.075,0.048512898579002574,0.07924920814427047,0.8831578947368419,0.27999999999999997,0.024999999999999994,0.0307363095652679,0.0307363095652679,0.075,0.1,0.07924920814427047,0.10411208324905995,0.27999999999999997,0.07157894736842105,0.02500000000000001,0.024862875104789475,0.024862875104789475,0.03604199407919823
amp_fp16_trained,rope,RoPE,1011,82.93879907621248,0.12239400296280072,0.1,0.07483466759484858,0.1,0,0,IDENTIFIED,0.05389766081871345,0.06707289852556762,IDENTIFIED,0.0664985380116959,0.0850524540953022,IDENTIFIED,0.085953125,0.10822843641275025,0.05,0.075,0.06151152305870229,0.09718276104947397,0.8927949878176122,0.29759832927253743,0.024999999999999994,0.03567123799077168,0.03567123799077168,0.05,0.075,0.06151152305870229,0.09718276104947397,0.8927949878176122,0.29759832927253743,0.024999999999999994,0.03567123799077168,0.03567123799077168,0.075,0.1,0.09718276104947397,0.12239400296280072,0.29759832927253743,0.07483466759484858,0.02500000000000001,0.025211241913326743,0.025211241913326743,0.041155537887182625
full_fp32_trained,rope,RoPE,1011,82.50577367205543,0.12291580692759205,0.1,0.07522743177046885,0.1,0,0,IDENTIFIED,0.05423764145324598,0.061697147707354384,IDENTIFIED,0.06700416914830257,0.08181136518028642,IDENTIFIED,0.08683161004431315,0.10790033229957968,0.05,0.075,0.05502056000873477,0.09440914309370431,0.8995801259622114,0.31210636808957315,0.024999999999999994,0.039388583084969536,0.039388583084969536,0.05,0.075,0.05502056000873477,0.09440914309370431,0.8995801259622114,0.31210636808957315,0.024999999999999994,0.039388583084969536,0.039388583084969536,0.075,0.1,0.09440914309370431,0.12291580692759205,0.31210636808957315,0.07522743177046885,0.02500000000000001,0.028506663833887738,0.028506663833887738,0.0462031845922253
amp_fp16_trained,rope,RoPE,1213,82.39030023094688,0.12187545140730031,0.1,0.07428170988086896,0.1,0,0,IDENTIFIED,0.054261083743842364,0.06144154720769836,IDENTIFIED,0.06744150246305419,0.07982806717913149,IDENTIFIED,0.08761049723756906,0.10626300569383978,0.05,0.075,0.055497388450290404,0.09037207711369546,0.8969866853538893,0.3279607568325158,0.024999999999999994,0.03487468866340506,0.03487468866340506,0.05,0.075,0.055497388450290404,0.09037207711369546,0.8969866853538893,0.3279607568325158,0.024999999999999994,0.03487468866340506,0.03487468866340506,0.075,0.1,0.09037207711369546,0.12187545140730031,0.3279607568325158,0.07428170988086896,0.02500000000000001,0.03150337429360485,0.03150337429360485,0.04482145848614143
full_fp32_trained,rope,RoPE,1213,83.11200923787528,0.11552437829711201,0.1,0.08648836401528309,0.1,0,0,IDENTIFIED,0.05355185909980431,0.05509503634573803,IDENTIFIED,0.06763698630136986,0.0745142752667945,IDENTIFIED,0.08894451962110961,0.1018780782251913,0.05,0.075,0.0501980695320225,0.08466570096189348,0.87565126780132,0.34317471344216743,0.024999999999999994,0.03446763142987098,0.03446763142987098,0.05,0.075,0.0501980695320225,0.08466570096189348,0.87565126780132,0.34317471344216743,0.024999999999999994,0.03446763142987098,0.03446763142987098,0.075,0.1,0.08466570096189348,0.11552437829711201,0.34317471344216743,0.08648836401528309,0.02500000000000001,0.030858677335218535,0.030858677335218535,0.046783041879453265
amp_fp16_trained,sinusoidal,Sinusoidal,42,78.72401847575058,0.0910491492117893,0.0095,0.048404840484048396,0.0095,1,1,IDENTIFIED,0.006048294679399727,0.044665759073986296,IDENTIFIED,0.007116990291262136,0.06375999028016952,IDENTIFIED,0.007996018735362998,0.07831763267065812,0.006,0.007,0.04380177495905654,0.061691615530907414,0.8129812981298129,0.5441877521085441,0.001,0.017889840571850876,0.017889840571850876,0.007,0.0075,0.061691615530907414,0.07053155740534711,0.5441877521085441,0.35533553355335534,0.0004999999999999996,0.008839941874439698,0.008839941874439698,0.0075,0.008,0.07053155740534711,0.07838012713690472,0.35533553355335534,0.19875320865419874,0.0005000000000000004,0.007848569731557606,0.007848569731557606,0.03365187359667183
full_fp32_trained,sinusoidal,Sinusoidal,42,79.01270207852194,0.0959505328260359,0.01,0.07234198027036902,0.01,0,0,IDENTIFIED,0.006663270777479893,0.04725855976328279,IDENTIFIED,0.007786468330134357,0.07127017562492083,IDENTIFIED,0.008736792452830188,0.08699948212832043,0.006,0.007,0.03344135095590618,0.05427327854342225,0.8903909389842893,0.7541103397880892,0.001,0.02083192758751607,0.02083192758751607,0.0075,0.008,0.0653226278900405,0.07570343984941286,0.6090610157106321,0.4187066130800146,0.0005000000000000004,0.010380811959372363,0.010380811959372363,0.0085,0.009,0.08427980325601139,0.09002255147244083,0.25502374862988675,0.13883814395323346,0.0004999999999999987,0.005742748216429436,0.005742748216429436,0.03974092236503764
amp_fp16_trained,sinusoidal,Sinusoidal,123,78.66628175519631,0.0895809148347027,0.01,0.1456880733944954,0.01,0,0,IDENTIFIED,0.007081439393939393,0.047017746995512644,IDENTIFIED,0.008333561643835617,0.07123438551357952,IDENTIFIED,0.009635467980295567,0.08674210166357584,0.007,0.0075,0.045196570387334246,0.056377747702662226,0.8157798165137613,0.7188990825688073,0.0004999999999999996,0.01118117731532798,0.01118117731532798,0.008,0.0085,0.06567840742668932,0.0740066702674077,0.5893577981651376,0.45541284403669724,0.0005000000000000004,0.008328262840718387,0.008328262840718387,0.0095,0.01,0.08568713730944086,0.0895809148347027,0.2201834862385321,0.1456880733944954,0.0005000000000000004,0.003893777525261835,0.003893777525261835,0.03972435466806319
full_fp32_trained,sinusoidal,Sinusoidal,123,78.14665127020785,0.08809552955874674,0.01,0.1407462135205024,0.01,0,0,IDENTIFIED,0.006761661341853035,0.04544025122317914,IDENTIFIED,0.008142764857881138,0.06956657631606071,IDENTIFIED,0.009482296650717703,0.08501527139944282,0.006,0.007,0.03180748287173903,0.049706209776104626,0.8880679719246398,0.7724418175101588,0.001,0.017898726904365593,0.017898726904365593,0.008,0.0085,0.06751198420668154,0.07470770498794613,0.5408200960472849,0.39785740672330994,0.0005000000000000004,0.0071957207812645835,0.0071957207812645835,0.009,0.0095,0.08096359553745847,0.08516399362850376,0.2744735869966753,0.19726634650905062,0.0005000000000000004,0.00420039809104529,0.00420039809104529,0.03957502017626367
amp_fp16_trained,sinusoidal,Sinusoidal,456,77.82909930715935,0.09709398109180732,0.01,0.07307121661721068,0.01,0,0,IDENTIFIED,0.006398139534883721,0.040724427807195644,IDENTIFIED,0.007712895377128954,0.06647630855732396,IDENTIFIED,0.008928464419475654,0.08385648338402271,0.006,0.007,0.033201659437363355,0.05209646317000287,0.8635014836795253,0.7040059347181009,0.001,0.018894803732639513,0.018894803732639513,0.0075,0.008,0.06286810019881468,0.0713422352579422,0.5649109792284867,0.41246290801186947,0.0005000000000000004,0.008474135059127516,0.008474135059127516,0.0085,0.009,0.07862085070650637,0.08473061436427237,0.28486646884273,0.18583086053412465,0.0004999999999999987,0.006109763657765999,0.006109763657765999,0.04313205557682707
full_fp32_trained,sinusoidal,Sinusoidal,456,79.21478060046189,0.07923839733806452,0.0095,0.18549562682215745,0.01,1,0,IDENTIFIED,0.006261276595744681,0.039913218809602684,IDENTIFIED,0.007741538461538462,0.06302064775315713,IDENTIFIED,0.00970735294117647,0.0765515194174037,0.006,0.007,0.035537160030158964,0.052285919202297,0.8447521865889213,0.673469387755102,0.001,0.016748759172138035,0.016748759172138035,0.0075,0.008,0.05952095346588745,0.06676554355099984,0.5572157434402333,0.4387755102040817,0.0005000000000000004,0.0072445900851123915,0.0072445900851123915,0.0095,0.01,0.07923839733806452,0.07275940093363417,0.21027696793002917,0.18549562682215745,0.0005000000000000004,0.006478996404430351,-0.006478996404430351,0.03663830060780101
amp_fp16_trained,sinusoidal,Sinusoidal,789,79.3013856812933,0.09399385591012947,0.01,0.09428467419002548,0.01,0,0,IDENTIFIED,0.006374782608695653,0.04025052193324488,IDENTIFIED,0.007666883116883117,0.0679539501153819,IDENTIFIED,0.008963346613545815,0.08631013146641667,0.006,0.007,0.03280171205519244,0.052676726811016816,0.8627593738623954,0.6953039679650528,0.001,0.01987501475582438,0.01987501475582438,0.0075,0.008,0.06488997644170405,0.07406997538618632,0.5467783036039315,0.40662540953767745,0.0005000000000000004,0.009179998944482265,0.009179998944482265,0.0085,0.009,0.08078643711272779,0.0867470875115924,0.2846741900254824,0.1933017837641063,0.0004999999999999987,0.005960650398864606,0.005960650398864606,0.046059609533171786
full_fp32_trained,sinusoidal,Sinusoidal,789,78.95496535796767,0.0936335072829131,0.01,0.16270566727605118,0.01,0,0,IDENTIFIED,0.007091666666666666,0.049253921055477004,IDENTIFIED,0.008346005154639177,0.07452530660880896,IDENTIFIED,0.009718232044198895,0.0915349277708833,0.007,0.0075,0.04731632028898835,0.05788505174256291,0.8160877513711151,0.7283363802559415,0.0004999999999999996,0.010568731453574558,0.010568731453574558,0.008,0.0085,0.06817758607569392,0.07735045597084712,0.5981718464351006,0.4563071297989031,0.0005000000000000004,0.009172869895153202,0.009172869895153202,0.0095,0.01,0.08990955736450729,0.0936335072829131,0.22888482632541135,0.16270566727605118,0.0005000000000000004,0.003723949918405814,0.003723949918405814,0.0422810067154063
amp_fp16_trained,sinusoidal,Sinusoidal,1011,78.14665127020785,0.08734557159142926,0.01,0.09198374584410786,0.01,0,0,IDENTIFIED,0.00695036496350365,0.04300890311847106,IDENTIFIED,0.008203280318091451,0.06837486082772896,IDENTIFIED,0.009162448979591837,0.08200150518946056,0.006,0.007,0.02991128378380667,0.04369295697005107,0.8961950498707056,0.7949759881787958,0.001,0.013781673186244403,0.013781673186244403,0.008,0.0085,0.06464881135098104,0.07381361764342215,0.5755448836350203,0.3897303287772442,0.0005000000000000004,0.00916480629244111,0.00916480629244111,0.009,0.0095,0.08065473515062213,0.0847999444410168,0.22940524565940154,0.138899150350942,0.0005000000000000004,0.004145209290394664,0.004145209290394664,0.0389926020709895
full_fp32_trained,sinusoidal,Sinusoidal,1011,78.78175519630484,0.09298513832292592,0.01,0.08647856357640162,0.01,0,0,IDENTIFIED,0.006906093189964158,0.041482332934624395,IDENTIFIED,0.008177505330490406,0.06839028764752163,IDENTIFIED,0.009205072463768116,0.08569917898507241,0.006,0.007,0.029928480507225005,0.042679765425122265,0.892634664712349,0.7903994137046538,0.001,0.01275128491789726,0.01275128491789726,0.008,0.0085,0.06476547146857062,0.07497591463930947,0.5610113594723343,0.38915353609380726,0.0005000000000000004,0.010210443170738853,0.010210443170738853,0.009,0.0095,0.08333385002521376,0.08910090649978078,0.24148039574935878,0.1403444485159399,0.0005000000000000004,0.005767056474567017,0.005767056474567017,0.04421684605044802
amp_fp16_trained,sinusoidal,Sinusoidal,1213,78.55080831408776,0.09370754545603203,0.01,0.07423741271591326,0.01,0,0,IDENTIFIED,0.006137872340425532,0.04652512369935151,IDENTIFIED,0.007232700892857143,0.0669229261959076,IDENTIFIED,0.00831,0.08329440205374664,0.006,0.007,0.04396565606964534,0.0625296959764648,0.8357221609702316,0.5766262403528115,0.001,0.018564039906819457,0.018564039906819457,0.007,0.0075,0.0625296959764648,0.07196934651991983,0.5766262403528115,0.4119808893789048,0.0004999999999999996,0.009439650543455039,0.009439650543455039,0.008,0.0085,0.07996779746430746,0.08533328873759646,0.2546857772877618,0.16648291069459756,0.0005000000000000004,0.0053654912732890025,0.0053654912732890025,0.03676927835439513
full_fp32_trained,sinusoidal,Sinusoidal,1213,79.04157043879907,0.08769570668589602,0.01,0.07450693937180423,0.01,0,0,IDENTIFIED,0.006206666666666667,0.03906907763851585,IDENTIFIED,0.007496212121212121,0.06106389253555995,IDENTIFIED,0.008783884297520661,0.07807846573896332,0.006,0.007,0.03560281122383857,0.05237506806905123,0.8407596785975164,0.6435354273192111,0.001,0.016772256845212656,0.016772256845212656,0.007,0.0075,0.05237506806905123,0.06113021943988444,0.6435354273192111,0.49890430971512056,0.0004999999999999996,0.008755151370833214,0.008755151370833214,0.0085,0.009,0.07527254592218176,0.08021455899104012,0.2501826150474799,0.16179693206720236,0.0004999999999999987,0.0049420130688583586,0.0049420130688583586,0.03900938810044747
