regime,family,seed,budget,rho,accuracy,rho_sd,accuracy_sd,n_draws,source_index
full_fp32_trained,learned,42,0.0,0.0,1.0,0.0,0.0,10,0
full_fp32_trained,learned,42,0.0025,0.004786913484071015,0.9998153618906942,6.153168473718574e-05,0.0007637662263657695,10,1
full_fp32_trained,learned,42,0.005,0.00957356034808558,0.9994091580502216,0.00012217228362506447,0.0009078822705359623,10,2
full_fp32_trained,learned,42,0.01,0.01921595899125199,0.9991137370753324,0.00024160076145210565,0.0011037179601900023,10,3
full_fp32_trained,learned,42,0.02,0.03895477708970626,0.9981536189069425,0.00048096934446323575,0.001705613793765487,10,4
full_fp32_trained,learned,42,0.04,0.08066729352378993,0.9954579025110784,0.0009531961322730156,0.0026403177898649214,10,5
full_fp32_trained,learned,42,0.06,0.1239217613878266,0.9915066469719351,0.001242646743187764,0.003375506942590371,10,6
full_fp32_trained,learned,42,0.08,0.16686112657852029,0.9848966026587889,0.0013576238725385482,0.004272731352477831,10,7
full_fp32_trained,learned,42,0.12,0.25024666605102847,0.9583825701624816,0.0016823115851709461,0.009021985596849236,10,8
full_fp32_trained,learned,123,0.0,0.0,1.0,0.0,0.0,10,0
full_fp32_trained,learned,123,0.0025,0.004559546472705645,0.9992196209587514,8.169974179551413e-05,0.0004448974358000337,10,1
full_fp32_trained,learned,123,0.005,0.009115322103166353,0.998810850984764,0.0001635143997658184,0.0008897948716000314,10,2
full_fp32_trained,learned,123,0.01,0.018279152040550445,0.9992567818654775,0.0003253646679837066,0.0012009611934637717,10,3
full_fp32_trained,learned,123,0.02,0.03694004363481276,0.9989223337049424,0.0006406141560686029,0.0021343721542289003,10,4
full_fp32_trained,learned,123,0.04,0.07605937080712608,0.9972129319955407,0.0012233263431612406,0.0019049370121676733,10,5
full_fp32_trained,learned,123,0.06,0.11694455542708873,0.9947603121516165,0.0017258792717180045,0.003174787622436921,10,6
full_fp32_trained,learned,123,0.08,0.15827352793318142,0.9893719806763285,0.002161998736868647,0.004212298011169942,10,7
full_fp32_trained,learned,123,0.12,0.23928672393639863,0.9680787811222593,0.0028900234211135575,0.006922199096975578,10,8
full_fp32_trained,learned,456,0.0,0.0,1.0,0.0,0.0,10,0
full_fp32_trained,learned,456,0.0025,0.004703090021108862,0.9997055576002944,5.868440954331953e-05,0.0005701852552384727,10,1
full_fp32_trained,learned,456,0.005,0.009406620059715811,0.9993743099006258,0.00011734359192973744,0.0009351411606016597,10,2
full_fp32_trained,learned,456,0.01,0.018891481686268464,0.9988222304011778,0.00023490311829913339,0.0012960483519807882,10,3
full_fp32_trained,learned,456,0.02,0.038374890326378676,0.9982701509017298,0.00047157309999252135,0.0017612787801259294,10,4
full_fp32_trained,learned,456,0.04,0.07982039509868644,0.9960986382039014,0.0008895790426992551,0.0032653398098678663,10,5
full_fp32_trained,learned,456,0.06,0.12292796406862136,0.9915715863084283,0.0011462955594770602,0.0032480083484795566,10,6
full_fp32_trained,learned,456,0.08,0.1658302025881086,0.9853882959146117,0.0013444594947591136,0.0035432203978522244,10,7
full_fp32_trained,learned,456,0.12,0.2491078530329555,0.9635259477364742,0.0018160448721777742,0.007934651338553688,10,8
full_fp32_trained,learned,789,0.0,0.0,1.0,0.0,0.0,10,0
full_fp32_trained,learned,789,0.0025,0.004601080401972525,0.9998508019395749,4.430048972699843e-05,0.0006855177795394683,10,1
full_fp32_trained,learned,789,0.005,0.009202287021348628,0.9994032077582992,8.955385680770256e-05,0.0011821324703722039,10,2
full_fp32_trained,learned,789,0.01,0.01848002010870061,0.9983588213353227,0.00018314023664366464,0.0011008799513206125,10,3
full_fp32_trained,learned,789,0.02,0.0375469311017523,0.9966057441253264,0.000379659566498593,0.001662980288785045,10,4
full_fp32_trained,learned,789,0.04,0.0784488835319583,0.9944423722491609,0.0007793327426435133,0.0025988005718205523,10,5
full_fp32_trained,learned,789,0.06,0.12185290544656077,0.9897053338306602,0.001119866313953645,0.0026793412899765575,10,6
full_fp32_trained,learned,789,0.08,0.16537575265827162,0.9826557254755688,0.001403481605131903,0.0026094854981742466,10,7
full_fp32_trained,learned,789,0.12,0.2493113825872489,0.9555762775083926,0.001939847845695348,0.005106538380726827,10,8
full_fp32_trained,learned,1011,0.0,0.0,1.0,0.0,0.0,10,0
full_fp32_trained,learned,1011,0.0025,0.00476957365307684,0.9998525617397716,5.247437717909697e-05,0.0006312929145430953,10,1
full_fp32_trained,learned,1011,0.005,0.009536183926468296,0.9993733873940288,0.00010504039797313117,0.0006276957746379287,10,2
full_fp32_trained,learned,1011,0.01,0.019129852869732577,0.9992996682639145,0.00020852588320560206,0.0009588211335606897,10,3
full_fp32_trained,learned,1011,0.02,0.0387316911674974,0.9992996682639145,0.000408571430776253,0.001427035990488712,10,4
full_fp32_trained,learned,1011,0.04,0.0803177887965961,0.9974198304460009,0.0007696333097709655,0.0021632653718710922,10,5
full_fp32_trained,learned,1011,0.06,0.12434464854804488,0.993291559159602,0.0010681868569748724,0.0038806740968177363,10,6
full_fp32_trained,learned,1011,0.08,0.16868408933681012,0.9875046074456322,0.0013108491230704503,0.004615056988724751,10,7
full_fp32_trained,learned,1011,0.12,0.2535911915473067,0.9701437523037229,0.001780032775998241,0.007857612461147337,10,8
full_fp32_trained,learned,1213,0.0,0.0,1.0,0.0,0.0,10,0
full_fp32_trained,learned,1213,0.0025,0.004645458956470943,1.0,4.102467525635115e-05,0.0005537563094352934,10,1
full_fp32_trained,learned,1213,0.005,0.009289876603028178,1.000037147102526,8.179776806934466e-05,0.001071629347370908,10,2
full_fp32_trained,learned,1213,0.01,0.018648611744497896,0.999219910846954,0.00016240843140801273,0.0011137249540251843,10,3
full_fp32_trained,learned,1213,0.02,0.037823918815406574,0.998179791976226,0.0003198934257181654,0.001755066829113612,10,4
full_fp32_trained,learned,1213,0.04,0.07855597054902601,0.9962852897473997,0.0006117435009124238,0.0019578242076326983,10,5
full_fp32_trained,learned,1213,0.06,0.12130509701024458,0.9932763744427936,0.0008366050958497005,0.0034290440061962475,10,6
full_fp32_trained,learned,1213,0.08,0.16408955572609943,0.986998514115899,0.0009974701621768306,0.0038564664443777657,10,7
full_fp32_trained,learned,1213,0.12,0.2468008674203276,0.9635586924219911,0.0012029844451657246,0.006001170333390686,10,8
full_fp32_trained,rope,42,0.0,0.00010578013836411684,0.999651567944251,0.0,1.1702778228589004e-16,10,0
full_fp32_trained,rope,42,0.025,0.024173833044995117,0.9983275261324043,0.00043307982224802374,0.0007491064109917448,10,1
full_fp32_trained,rope,42,0.05,0.0483671630825624,0.997595818815331,0.0008636421358388277,0.0009063699426307433,10,2
full_fp32_trained,rope,42,0.1,0.09688874337034223,0.996062717770035,0.0017120906965287107,0.0016347038532173704,10,3
full_fp32_trained,rope,42,0.2,0.19480653271048487,0.9924738675958189,0.003308668021688828,0.0023528840440605087,10,4
full_fp32_trained,rope,42,0.4,0.39350734844130547,0.9645993031358886,0.005681682965265205,0.004732637176096162,10,5
full_fp32_trained,rope,42,0.6,0.5882034453330317,0.8908710801393729,0.0067630157874100805,0.012240720018661557,10,6
full_fp32_trained,rope,123,0.0,0.00010851192876397586,0.9996491228070175,0.0,0.0,10,0
full_fp32_trained,rope,123,0.025,0.023720969746010796,1.0001052631578946,0.00030560515868328263,0.0008915012397735574,10,1
full_fp32_trained,rope,123,0.05,0.04746123005785863,0.9998947368421052,0.0006068482908341748,0.0012383308474916113,10,2
full_fp32_trained,rope,123,0.1,0.09506662037517705,0.9989473684210527,0.0011904043346472669,0.000905961016656718,10,3
full_fp32_trained,rope,123,0.2,0.1910607714525126,0.9943859649122807,0.002250107221090685,0.002436569199532157,10,4
full_fp32_trained,rope,123,0.4,0.38602880261210226,0.9685263157894737,0.003791293709533626,0.003489420320126822,10,5
full_fp32_trained,rope,123,0.6,0.5785295698842448,0.9081052631578947,0.004391057297349679,0.007584233951460382,10,6
full_fp32_trained,rope,456,0.0,0.0001085275020243251,1.0,1.4285617954820562e-20,0.0,10,0
full_fp32_trained,rope,456,0.025,0.022453342249402843,0.9995817357964448,0.00037753661648613616,0.0008506102111176,10,1
full_fp32_trained,rope,456,0.05,0.044927153540975526,0.9986057859881491,0.0007530261226389386,0.0011961926502831494,10,2
full_fp32_trained,rope,456,0.1,0.09003036129980654,0.9968630184733357,0.0014874842502401392,0.0015325788263358398,10,3
full_fp32_trained,rope,456,0.2,0.18131249913189104,0.992018124782154,0.002842432403403259,0.00261582895444756,10,4
full_fp32_trained,rope,456,0.4,0.36897942386475047,0.9688393168351341,0.004946159527318039,0.005920167538467765,10,5
full_fp32_trained,rope,456,0.6,0.5576932674361698,0.899233182293482,0.0058549174125579586,0.02292014264919101,10,6
full_fp32_trained,rope,789,0.0,0.00010015377494206049,1.0,0.0,0.0,10,0
full_fp32_trained,rope,789,0.025,0.02296399737409657,1.0001403508771929,0.00043338959491526604,0.0008466414536072095,10,1
full_fp32_trained,rope,789,0.05,0.04594379518568057,1.0001754385964912,0.0008640474737952613,0.0014631574272745073,10,2
full_fp32_trained,rope,789,0.1,0.09203456916758854,0.9998245614035086,0.001701815044838119,0.0020542886631871593,10,3
full_fp32_trained,rope,789,0.2,0.18515737923268882,0.9959649122807017,0.0032000030235298173,0.002426724435233505,10,4
full_fp32_trained,rope,789,0.4,0.3759330127442084,0.9720701754385963,0.005241850336801588,0.005370446432139124,10,5
full_fp32_trained,rope,789,0.6,0.5670150142414376,0.9080701754385965,0.005899103222380202,0.018410560457610373,10,6
full_fp32_trained,rope,1011,0.0,9.691197349018589e-05,1.0,0.0,0.0,10,0
full_fp32_trained,rope,1011,0.025,0.02258367145346909,0.9995101469559133,0.00034574089646197343,0.0007413225370688138,10,1
full_fp32_trained,rope,1011,0.05,0.045191665118054294,0.9992302309307208,0.0006871917174594249,0.0014073340918123207,10,2
full_fp32_trained,rope,1011,0.1,0.09058204604205221,0.9975507347795661,0.001348405728747074,0.0023558443989647724,10,3
full_fp32_trained,rope,1011,0.2,0.18250697544265748,0.9921623512946116,0.0025342125021346573,0.0027952698257886956,10,4
full_fp32_trained,rope,1011,0.4,0.37140250105014816,0.9674247725682296,0.0041456056809024075,0.004405683450900502,10,5
full_fp32_trained,rope,1011,0.6,0.561173533664854,0.9009097270818754,0.004607745749247465,0.009397068585609382,10,6
full_fp32_trained,rope,1213,0.0,9.962333695021914e-05,1.0,0.0,0.0,10,0
full_fp32_trained,rope,1213,0.025,0.02265591738886063,0.9991663772143106,0.0003497875987857326,0.0007174682591098795,10,1
full_fp32_trained,rope,1213,0.05,0.04533651679412432,0.9990969086488365,0.0006959268669604481,0.0015113737521899194,10,2
full_fp32_trained,rope,1213,0.1,0.09086957569678866,0.9986106286905176,0.001367512330750863,0.0019304540929180078,10,3
full_fp32_trained,rope,1213,0.2,0.18307032072289892,0.9932268148662731,0.0025621886876779744,0.002282089075422853,10,4
full_fp32_trained,rope,1213,0.4,0.37217018035311755,0.9635290031260855,0.003978645190273041,0.004316626579207458,10,5
full_fp32_trained,rope,1213,0.6,0.5614506643233038,0.8952066689822855,0.004094729055337159,0.013282097840893736,10,6
full_fp32_trained,sinusoidal,42,0.0,0.0,1.0,0.0,0.0,10,0
full_fp32_trained,sinusoidal,42,0.01,0.010953500448317601,0.9990135184508586,8.041866129191354e-05,0.0005181353644180225,10,1
full_fp32_trained,sinusoidal,42,0.025,0.027986129493862928,0.9983558640847644,0.00019423609136871438,0.0021321570332494977,10,2
full_fp32_trained,sinusoidal,42,0.05,0.05922973628488222,0.9963463646328096,0.00041084045377881107,0.0025371655895748686,10,3
full_fp32_trained,sinusoidal,42,0.1,0.1259112215280221,0.9906466934599927,0.0007389740919331129,0.0041450829153443355,10,4
full_fp32_trained,sinusoidal,42,0.2,0.24593000346552488,0.947753014249178,0.0012452622717869404,0.011757416525292573,10,5
full_fp32_trained,sinusoidal,42,0.3,0.35968746785706596,0.7933503836317135,0.0016638808733553173,0.05025699071116631,10,6
full_fp32_trained,sinusoidal,123,0.0,0.0,1.0,0.0,0.0,10,0
full_fp32_trained,sinusoidal,123,0.01,0.010846186929190867,1.0,0.00010770604914547898,0.0006965711426539376,10,1
full_fp32_trained,sinusoidal,123,0.025,0.027551921556830044,0.999667528629479,0.0002820791760807985,0.0015325554554091482,10,2
full_fp32_trained,sinusoidal,123,0.05,0.057607055077819644,1.0007757665312154,0.0006388699600804001,0.0023197623162229167,10,3
full_fp32_trained,sinusoidal,123,0.1,0.12269494236181555,0.9978204654599188,0.0012538015697816241,0.004284938855757931,10,4
full_fp32_trained,sinusoidal,123,0.2,0.24493331408778046,0.9604359069080163,0.0016467644884467533,0.012154430426744122,10,5
full_fp32_trained,sinusoidal,123,0.3,0.3615233642811196,0.8462135205024012,0.0018139344361502007,0.03914420334201674,10,6
full_fp32_trained,sinusoidal,456,0.0,0.0,1.0,0.0,0.0,10,0
full_fp32_trained,sinusoidal,456,0.01,0.011221163494809786,1.0004008746355686,0.0001115966680721142,0.0008139876369169718,10,1
full_fp32_trained,sinusoidal,456,0.025,0.02870916778170037,1.0,0.00028867767969002154,0.0015931580476924144,10,2
full_fp32_trained,sinusoidal,456,0.05,0.06111431413877096,0.9991982507288629,0.0006510300499951545,0.0030286573454319596,10,3
full_fp32_trained,sinusoidal,456,0.1,0.13166690779613616,0.9947886297376094,0.0009753529640761126,0.0027596980568310803,10,4
full_fp32_trained,sinusoidal,456,0.2,0.25983674124618056,0.9457725947521866,0.0012032010412948023,0.009457759699439319,10,5
full_fp32_trained,sinusoidal,456,0.3,0.37828438107892015,0.8005102040816328,0.0016635740346690035,0.041181008854527,10,6
full_fp32_trained,sinusoidal,789,0.0,0.0,1.0,0.0,0.0,10,0
full_fp32_trained,sinusoidal,789,0.01,0.010110527714093875,0.9994149908592321,0.00011505361677138029,0.0008652401876562477,10,1
full_fp32_trained,sinusoidal,789,0.025,0.02560747296040508,0.9995612431444242,0.00029411007077044694,0.001730480375312513,10,2
full_fp32_trained,sinusoidal,789,0.05,0.05317347118870371,0.997001828153565,0.0006116583681522245,0.0031678618591170103,10,3
full_fp32_trained,sinusoidal,789,0.1,0.113225804413595,0.989872029250457,0.001098854139004418,0.005450637120049912,10,4
full_fp32_trained,sinusoidal,789,0.2,0.22981265503230103,0.953418647166362,0.0015097955279375825,0.013371179550209108,10,5
full_fp32_trained,sinusoidal,789,0.3,0.341046683319566,0.8416819012797075,0.0017577608793881074,0.03569765997581817,10,6
full_fp32_trained,sinusoidal,1011,0.0,0.0,1.0,0.0,0.0,10,0
full_fp32_trained,sinusoidal,1011,0.01,0.011592264436757437,0.9992304873580066,0.00010496738858701757,0.001274644714615322,10,1
full_fp32_trained,sinusoidal,1011,0.025,0.02969771565317326,1.0000732869182851,0.00026032623434189334,0.0022442768443348745,10,2
full_fp32_trained,sinusoidal,1011,0.05,0.06332122225484642,0.9988274093074387,0.0005571455398804189,0.003339718451229391,10,3
full_fp32_trained,sinusoidal,1011,0.1,0.13560146738111808,0.9945034811286186,0.0010308024208203646,0.005589378863391957,10,4
full_fp32_trained,sinusoidal,1011,0.2,0.26544527574820254,0.9521436423598388,0.0013628568038495028,0.013426159873936054,10,5
full_fp32_trained,sinusoidal,1011,0.3,0.38760263594348654,0.8190179552949799,0.0014730681498703428,0.03891093298705025,10,6
full_fp32_trained,sinusoidal,1213,0.0,0.0,1.0,0.0,0.0,10,0
full_fp32_trained,sinusoidal,1213,0.01,0.01147148358724778,0.9991964937910884,0.00010271700038877239,0.0010724477986629795,10,1
full_fp32_trained,sinusoidal,1213,0.025,0.029398722945320598,0.9985756026296567,0.00025801944912590656,0.0018579329878290452,10,2
full_fp32_trained,sinusoidal,1213,0.05,0.06273538536555145,0.998137326515705,0.0005647962384575854,0.003851595282540581,10,3
full_fp32_trained,sinusoidal,1213,0.1,0.13374025809059634,0.991526661796932,0.0011297197786403037,0.005500860480717971,10,4
full_fp32_trained,sinusoidal,1213,0.2,0.26096220035770057,0.9347699050401754,0.0014472321521235012,0.014244702063917673,10,5
full_fp32_trained,sinusoidal,1213,0.3,0.38138297843951496,0.7534331628926224,0.0014600310981379215,0.055440824319372334,10,6
amp_fp16_trained,learned,42,0.0,0.0,1.0,0.0,0.0,10,0
amp_fp16_trained,learned,42,0.0025,0.004397272323464997,0.9989981447124304,4.223958957017085e-05,0.0005814550042569554,10,1
amp_fp16_trained,learned,42,0.005,0.008791361193481981,0.9986641929499072,8.346266466730486e-05,0.0008604837170526508,10,2
amp_fp16_trained,learned,42,0.01,0.017632727887405126,0.9979220779220779,0.00016328749409346173,0.0009770398346632503,10,3
amp_fp16_trained,learned,42,0.02,0.035660524917877655,0.9974025974025974,0.0003225138806770399,0.0009089015743166051,10,4
amp_fp16_trained,learned,42,0.04,0.07363483638180225,0.9962152133580704,0.0006553083480383463,0.0024786592553865715,10,5
amp_fp16_trained,learned,42,0.06,0.1135590519466199,0.991243042671614,0.0009542136136374855,0.0033105318030717023,10,6
amp_fp16_trained,learned,42,0.08,0.15389814713806763,0.9837105751391466,0.001201794912284186,0.004426674497488073,10,7
amp_fp16_trained,learned,42,0.12,0.23261875027010884,0.9564378478664193,0.0016248144926290303,0.008524817019710711,10,8
amp_fp16_trained,learned,123,0.0,0.0,1.0,0.0,0.0,10,0
amp_fp16_trained,learned,123,0.0025,0.004473490149157509,1.0,9.018527495304288e-05,0.0005539620903009932,10,1
amp_fp16_trained,learned,123,0.005,0.008943436921782304,0.9994425863991081,0.00018042730059510305,0.0008626525626894599,10,2
amp_fp16_trained,learned,123,0.01,0.017938413455581458,0.9991081382385729,0.00035866391095657884,0.0008617627712585676,10,3
amp_fp16_trained,learned,123,0.02,0.03628490423760334,0.9986622073578596,0.0007059027464205067,0.0013248846235224662,10,4
amp_fp16_trained,learned,123,0.04,0.07493520735002007,0.9953548866592344,0.0013500804905831583,0.0023971265304550725,10,5
amp_fp16_trained,learned,123,0.06,0.11551792579674296,0.9919732441471572,0.0019066049834120815,0.0023645811963810565,10,6
amp_fp16_trained,learned,123,0.08,0.15650607142963086,0.986213303604608,0.002397746104824949,0.004191300751121243,10,7
amp_fp16_trained,learned,123,0.12,0.2366683222930849,0.968859160163508,0.00324881448257855,0.009257633067862125,10,8
amp_fp16_trained,learned,456,0.0,0.0,1.0,0.0,0.0,10,0
amp_fp16_trained,learned,456,0.0025,0.004451221681968353,0.999520295202952,4.609531815427109e-05,0.0005232975986761293,10,1
amp_fp16_trained,learned,456,0.005,0.008898263957375113,0.9989667896678966,9.190261039796319e-05,0.0005716580584808014,10,2
amp_fp16_trained,learned,456,0.01,0.017849502361685973,0.9978228782287824,0.0001801604340391108,0.0010925666908340875,10,3
amp_fp16_trained,learned,456,0.02,0.03613689007872612,0.9948708487084872,0.0003481588266676537,0.0018115037208315458,10,4
amp_fp16_trained,learned,456,0.04,0.07486755510604765,0.9917343173431734,0.0006487758599237173,0.0020375182524820395,10,5
amp_fp16_trained,learned,456,0.06,0.11555078341323768,0.9884132841328415,0.0008898073394521998,0.0033378463750230363,10,6
amp_fp16_trained,learned,456,0.08,0.15630811132722003,0.9834686346863469,0.0010867779420436605,0.005287050165753469,10,7
amp_fp16_trained,learned,456,0.12,0.23536823636424575,0.9653136531365314,0.0014242886439849712,0.008056345827214192,10,8
amp_fp16_trained,learned,789,0.0,0.0,1.0,0.0,0.0,10,0
amp_fp16_trained,learned,789,0.0025,0.004573230278715383,0.9998519615099924,3.816091371404314e-05,0.0004995918265807206,10,1
amp_fp16_trained,learned,789,0.005,0.00914837220103017,0.9997039230199851,7.5765692713657e-05,0.0007564623595734409,10,2
amp_fp16_trained,learned,789,0.01,0.01837982663134634,0.9991487786824573,0.00015089739112355966,0.0011041031746984449,10,3
amp_fp16_trained,learned,789,0.02,0.037376932997560744,0.9964840858623241,0.00030393951504333305,0.001975773177651981,10,4
amp_fp16_trained,learned,789,0.04,0.07810405096292719,0.9952997779422649,0.000622890987287293,0.0021371076469913824,10,5
amp_fp16_trained,learned,789,0.06,0.12096885969206475,0.9926720947446335,0.0008936294903223752,0.002319794576569108,10,6
amp_fp16_trained,learned,789,0.08,0.16362515092778998,0.9870096225018503,0.0011077640213252092,0.003776069856605359,10,7
amp_fp16_trained,learned,789,0.12,0.245715584321978,0.9617690599555884,0.0015142641025912094,0.005588466614253839,10,8
amp_fp16_trained,learned,1011,0.0,0.0,1.0,0.0,0.0,10,0
amp_fp16_trained,learned,1011,0.0025,0.004935979906692714,1.0000371333085778,9.98607525933102e-05,0.0003251374065247313,10,1
amp_fp16_trained,learned,1011,0.005,0.00987353277986949,1.0002970664686224,0.00019637720190166823,0.0006958024172573224,10,2
amp_fp16_trained,learned,1011,0.01,0.01982286307032361,0.9992573338284441,0.0003791196019192633,0.0011742583216369758,10,3
amp_fp16_trained,learned,1011,0.02,0.04017827941627413,0.9984775343483104,0.0007046683582353397,0.0019449253496243329,10,4
amp_fp16_trained,learned,1011,0.04,0.08277391084633332,0.9956925362049758,0.0011102031572046325,0.002638527064136477,10,5
amp_fp16_trained,learned,1011,0.06,0.12603653852230706,0.9926104715930189,0.0010606000685784332,0.0033141463459168312,10,6
amp_fp16_trained,learned,1011,0.08,0.1685029351553348,0.9864834756776828,0.0009226530304284627,0.006420233435531084,10,7
amp_fp16_trained,learned,1011,0.12,0.2506697461533004,0.9646119569253621,0.0011830204535335732,0.012731725840521846,10,8
amp_fp16_trained,learned,1213,0.0,0.0,1.0,0.0,0.0,10,0
amp_fp16_trained,learned,1213,0.0025,0.0047109455045510566,0.9995934959349594,4.810875078978136e-05,0.0006388914747420344,10,1
amp_fp16_trained,learned,1213,0.005,0.009422683016411564,0.9994826311899484,9.67067167213159e-05,0.0009251038854653311,10,2
amp_fp16_trained,learned,1213,0.01,0.01892681873128505,0.9993717664449372,0.00019322378064548805,0.001143016576463344,10,3
amp_fp16_trained,learned,1213,0.02,0.038456347726559176,0.9984478935698448,0.0003845443577454532,0.0020449870381322372,10,4
amp_fp16_trained,learned,1213,0.04,0.07995746941118034,0.997339246119734,0.0007181533582483841,0.0022090674325163737,10,5
amp_fp16_trained,learned,1213,0.06,0.12287560519834262,0.9937915742793793,0.000930649346440428,0.002861455020100451,10,6
amp_fp16_trained,learned,1213,0.08,0.16512361686134505,0.98739837398374,0.0010851041867323654,0.0037905568221579746,10,7
amp_fp16_trained,learned,1213,0.12,0.2459187747121289,0.96359940872136,0.0013730435340656758,0.008115603734089585,10,8
amp_fp16_trained,rope,42,0.0,0.00011242630826539018,0.999652536483669,1.4285617954820562e-20,1.1702778228589004e-16,10,0
amp_fp16_trained,rope,42,0.025,0.023653491646741916,0.9999305072967338,0.0003787139902915673,0.0005626572991193334,10,1
amp_fp16_trained,rope,42,0.05,0.04732409463937065,0.9992355802640722,0.000754729171383572,0.0013185313384996742,10,2
amp_fp16_trained,rope,42,0.1,0.09479563048970555,0.998262682418346,0.0014939866515244731,0.0021293463413076226,10,3
amp_fp16_trained,rope,42,0.2,0.1906426483987143,0.9940236275191104,0.002886568076027322,0.002520541210791861,10,4
amp_fp16_trained,rope,42,0.4,0.3859397819454916,0.9681028492008339,0.005049470820934337,0.0041721352059002,10,5
amp_fp16_trained,rope,42,0.6,0.5784570361238732,0.8950660180681028,0.0061123633229605455,0.012809633136621288,10,6
amp_fp16_trained,rope,123,0.0,0.00010622782201002595,1.0,1.4285617954820562e-20,0.0,10,0
amp_fp16_trained,rope,123,0.025,0.022334047426502256,0.9994786235662149,0.0002566908508685692,0.000806881489814886,10,1
amp_fp16_trained,rope,123,0.05,0.044694929460322094,0.9989572471324297,0.0005096470650997838,0.0008192640264008344,10,2
amp_fp16_trained,rope,123,0.1,0.08959636110124272,0.997115050399722,0.0009980299942193233,0.0015110924657131886,10,3
amp_fp16_trained,rope,123,0.2,0.18059239253724962,0.9921793534932222,0.0018654794609275788,0.0012179235338679252,10,4
amp_fp16_trained,rope,123,0.4,0.3683018005111661,0.9697254084115399,0.003071153301727411,0.0021949549575522643,10,5
amp_fp16_trained,rope,123,0.6,0.5582704781138289,0.9045533541883908,0.003526682708082837,0.007851610326358489,10,6
amp_fp16_trained,rope,456,0.0,0.00010255128380229776,1.0003502626970227,0.0,0.0,10,0
amp_fp16_trained,rope,456,0.025,0.02180851302293698,1.000385288966725,0.00038021153257726986,0.0009691304597523428,10,1
amp_fp16_trained,rope,456,0.05,0.04363913180322228,1.000525394045534,0.0007589222178238727,0.0008929981635013794,10,2
amp_fp16_trained,rope,456,0.1,0.0874714808655462,0.9974430823117337,0.0014989105109644598,0.001070706971919252,10,3
amp_fp16_trained,rope,456,0.2,0.17633845482249028,0.9915236427320491,0.0028415665516069322,0.0021067588686309617,10,4
amp_fp16_trained,rope,456,0.4,0.36024503757924176,0.9676007005253939,0.004796787403074501,0.00688206532580814,10,5
amp_fp16_trained,rope,456,0.6,0.5472220810529188,0.9000350262697022,0.005527129037602257,0.01972227477442032,10,6
amp_fp16_trained,rope,789,0.0,0.00010019130254373863,1.0,0.0,0.0,10,0
amp_fp16_trained,rope,789,0.025,0.022238171336209714,0.999791449426486,0.0004066829378338286,0.0007720232301683463,10,1
amp_fp16_trained,rope,789,0.05,0.04449407796975435,0.9992005561348627,0.0008096653462367307,0.0009700584260889717,10,2
amp_fp16_trained,rope,789,0.1,0.08915564589581207,0.9988182134167536,0.0015904108469943956,0.0018839510252974614,10,3
amp_fp16_trained,rope,789,0.2,0.1795965452416222,0.9963503649635037,0.0029819527466899585,0.0018771697075680392,10,4
amp_fp16_trained,rope,789,0.4,0.36647987356590284,0.9736878693083073,0.00488678189180401,0.005108556294582686,10,5
amp_fp16_trained,rope,789,0.6,0.5562811081906945,0.9059784497740703,0.005537083146376868,0.01786014367914265,10,6
amp_fp16_trained,rope,1011,0.0,9.255418338390144e-05,1.0,1.4285617954820562e-20,0.0,10,0
amp_fp16_trained,rope,1011,0.025,0.022849662398596954,1.000034806822137,0.0003707102028207388,0.0007236322603323729,10,1
amp_fp16_trained,rope,1011,0.05,0.045723626750300395,0.9993386703793943,0.0007376720673123462,0.0010435598942693533,10,2
amp_fp16_trained,rope,1011,0.1,0.09164228291461074,0.9975635224504001,0.0014516374984490106,0.001797416566287229,10,3
amp_fp16_trained,rope,1011,0.2,0.18454670574574328,0.993003828750435,0.0027395732274331603,0.0018596241239260101,10,4
amp_fp16_trained,rope,1011,0.4,0.3747748979243658,0.9707622694048033,0.004466536229080292,0.0033546426023438936,10,5
amp_fp16_trained,rope,1011,0.6,0.5650977458056416,0.91155586494953,0.004968982847035585,0.008320456592016889,10,6
amp_fp16_trained,rope,1213,0.0,9.942226052948393e-05,0.9996496145760337,0.0,0.0,10,0
amp_fp16_trained,rope,1213,0.025,0.023291613393820777,0.9992992291520674,0.0003526858381396317,0.0007569190257425494,10,1
amp_fp16_trained,rope,1213,0.05,0.04660047231261584,0.9989488437281009,0.00070318206179658,0.0012024795773168625,10,2
amp_fp16_trained,rope,1213,0.1,0.09334486819566344,0.9976874562018221,0.0013875634697868235,0.0015246128355132455,10,3
amp_fp16_trained,rope,1213,0.2,0.1876692338413502,0.9933777154870358,0.002626035251018516,0.0021564444595044197,10,4
amp_fp16_trained,rope,1213,0.4,0.37961943290719224,0.9682901191310442,0.004184026488561916,0.004730563688642491,10,5
amp_fp16_trained,rope,1213,0.6,0.5703577579678563,0.8986334968465313,0.004349260939469268,0.01122576912453074,10,6
amp_fp16_trained,sinusoidal,42,0.0,0.0,1.0,0.0,0.0,10,0
amp_fp16_trained,sinusoidal,42,0.01,0.011248467910952391,0.9988632196552988,7.787379540974789e-05,0.001310248350652639,10,1
amp_fp16_trained,sinusoidal,42,0.025,0.02890641536464867,0.9986798679867986,0.0001957701164266874,0.0024213529914512825,10,2
amp_fp16_trained,sinusoidal,42,0.05,0.061859426548016724,0.9987898789878988,0.0003814887841309688,0.003347751320897533,10,3
amp_fp16_trained,sinusoidal,42,0.1,0.13058976299062586,0.9942060872753942,0.0005843875677454536,0.005740595997872498,10,4
amp_fp16_trained,sinusoidal,42,0.2,0.25157268335951277,0.9430509717638429,0.0011968648138890798,0.01704462812378034,10,5
amp_fp16_trained,sinusoidal,42,0.3,0.3680037364771911,0.7503116978364502,0.0017985600248686482,0.08988503957183375,10,6
amp_fp16_trained,sinusoidal,123,0.0,0.0,1.0,0.0,0.0,10,0
amp_fp16_trained,sinusoidal,123,0.01,0.010302459928752585,1.0008807339449541,0.00010222090511575411,0.0013310307531484468,10,1
amp_fp16_trained,sinusoidal,123,0.025,0.026132351997128107,1.0010275229357797,0.00025645025701805015,0.0016393262940918103,10,2
amp_fp16_trained,sinusoidal,123,0.05,0.05444104674784489,1.001137614678899,0.0005623450395891008,0.0020428500793288826,10,3
amp_fp16_trained,sinusoidal,123,0.1,0.1156586030049815,1.0004770642201835,0.0011261811874691892,0.003674003621665807,10,4
amp_fp16_trained,sinusoidal,123,0.2,0.23411145622637472,0.9666422018348623,0.0016328787693129373,0.007344442745945646,10,5
amp_fp16_trained,sinusoidal,123,0.3,0.34888428839711305,0.8743119266055045,0.002020816942059153,0.03070957696314575,10,6
amp_fp16_trained,sinusoidal,456,0.0,0.0,1.0,0.0,0.0,10,0
amp_fp16_trained,sinusoidal,456,0.01,0.011485599110337414,0.9997403560830861,0.0001385946827385815,0.0010498481560511214,10,1
amp_fp16_trained,sinusoidal,456,0.025,0.029350176303857223,0.9990727002967359,0.0003676067845120197,0.0009774597119709056,10,2
amp_fp16_trained,sinusoidal,456,0.05,0.06228904285479196,0.9986275964391691,0.0007837909330283444,0.002663573231356866,10,3
amp_fp16_trained,sinusoidal,456,0.1,0.13365669750172365,0.9967359050445104,0.0011803511546269727,0.0031560901166443178,10,4
amp_fp16_trained,sinusoidal,456,0.2,0.26223981645103156,0.9557492581602374,0.0014056659250521026,0.00931009723059263,10,5
amp_fp16_trained,sinusoidal,456,0.3,0.37990518626561026,0.8101632047477745,0.0015134151235362753,0.03857796602247907,10,6
amp_fp16_trained,sinusoidal,789,0.0,0.0,1.0,0.0,0.0,10,0
amp_fp16_trained,sinusoidal,789,0.01,0.011170865843305195,0.9995267564615945,0.00012920091276883078,0.0009249284795611726,10,1
amp_fp16_trained,sinusoidal,789,0.025,0.028357687366763827,1.000254823443757,0.00031226388056088296,0.001848662603918306,10,2
amp_fp16_trained,sinusoidal,789,0.05,0.05918471246268679,1.0005096468875139,0.0005913277280124114,0.00258096065451199,10,3
amp_fp16_trained,sinusoidal,789,0.1,0.1253927803572717,0.9946123043319985,0.000987181417771048,0.004012816833358964,10,4
amp_fp16_trained,sinusoidal,789,0.2,0.251250041613482,0.9518747724790682,0.001637359784230117,0.014603546806024673,10,5
amp_fp16_trained,sinusoidal,789,0.3,0.3723568728480473,0.7864579541317802,0.0020525901903565664,0.06359035182579585,10,6
amp_fp16_trained,sinusoidal,1011,0.0,0.0,1.0,0.0,0.0,10,0
amp_fp16_trained,sinusoidal,1011,0.01,0.011568324183599571,0.9995567048393055,8.090125641910577e-05,0.0009664532382883165,10,1
amp_fp16_trained,sinusoidal,1011,0.025,0.029707733456236222,0.9986331732545253,0.00019713189366378744,0.0018017678079996543,10,2
amp_fp16_trained,sinusoidal,1011,0.05,0.0636377488337331,1.0006280014776505,0.00041676528016403616,0.0029452791527968276,10,3
amp_fp16_trained,sinusoidal,1011,0.1,0.13537971063186718,0.9989287033616548,0.0007884147900066672,0.004295541656995025,10,4
amp_fp16_trained,sinusoidal,1011,0.2,0.26323312088511397,0.9585888437384558,0.0010157821113646994,0.012696251184863913,10,5
amp_fp16_trained,sinusoidal,1011,0.3,0.38384550255408406,0.8189139268562984,0.0013791455069994342,0.03914216965504991,10,6
amp_fp16_trained,sinusoidal,1213,0.0,0.0,1.0,0.0,0.0,10,0
amp_fp16_trained,sinusoidal,1213,0.01,0.010954868712032223,0.9981256890848952,8.635605014474709e-05,0.0010168568403502278,10,1
amp_fp16_trained,sinusoidal,1213,0.025,0.028061272574021152,0.9966556413083426,0.00022328514983348008,0.0007026647261888839,10,2
amp_fp16_trained,sinusoidal,1213,0.05,0.059766373372266354,0.9956266078647555,0.0004884604090330877,0.001804180479034695,10,3
amp_fp16_trained,sinusoidal,1213,0.1,0.12769118086389467,0.991694230062477,0.0008580570556467453,0.002457418874064915,10,4
amp_fp16_trained,sinusoidal,1213,0.2,0.2544113594209318,0.9444321940463064,0.0012781548359187484,0.013440646454791537,10,5
amp_fp16_trained,sinusoidal,1213,0.3,0.37680431837410955,0.7605659683939728,0.0018076319092827126,0.05282841273741506,10,6
