support_multiplier,regime,family,metric,n,mean,sd,cv_abs,median,mad,q1,q3,min,max
,amp_fp16_trained,learned,clean_accuracy_percent,6,77.93013856812934,0.2211776132722595,0.00283815244443455,77.9012702078522,0.18764434180138068,77.75692840646651,78.08891454965358,77.68475750577367,78.23325635103926
,amp_fp16_trained,learned,epsilon50,6,0.004798914242778888,0.0008223586547848952,0.17136348206728846,0.005096085554530741,0.00036324666715318275,0.004383813306461343,0.005441356493731436,0.003438125894134478,0.005460352422907489
,amp_fp16_trained,learned,rho50,6,0.1169890702971627,0.06773429885436458,0.5789797173557616,0.08127202118532811,0.005100651732417076,0.07636909287916849,0.12802711456534774,0.07605384744844142,0.24498960282807575
,amp_fp16_trained,learned,cliff_width_rho20_minus_rho80,6,0.061166513482865885,0.04551719289960647,0.7441521562669557,0.04269252103826265,0.006971207094026741,0.03683018584054617,0.05506551569853852,0.03510855472991188,0.15243956273082032
,amp_fp16_trained,learned,max_rho_rel,6,0.15337454029461203,0.07698910639731649,0.5019679684087769,0.10717270081591163,0.006751118241007631,0.10161450318882204,0.21358087683917804,0.09952385375916267,0.2575659468832938
,amp_fp16_trained,rope,clean_accuracy_percent,6,82.82332563510393,0.3281356175146142,0.003961874447788859,82.99653579676675,0.07217090069283927,82.54907621247114,83.05427251732101,82.39030023094688,83.08314087759815
,amp_fp16_trained,rope,epsilon50,6,0.06707491414772121,0.0007172533507838104,0.010693317462981475,0.06701836298902863,0.0005250714464133527,0.0665227093875227,0.06752188629415551,0.0662805944055944,0.06808494558645707
,amp_fp16_trained,rope,rho50,6,0.08361826109666726,0.01022328928570648,0.12226144327359069,0.08244026063721685,0.00646482307802132,0.07601868417378316,0.0870220155198578,0.07332034051962767,0.10108127895256538
,amp_fp16_trained,rope,cliff_width_rho20_minus_rho80,6,0.04415730010190904,0.0023742011131798906,0.05376689941868179,0.044249424326905706,0.001222427393350583,0.04279876030125838,0.044724498501380744,0.041155537887182625,0.04809135188487848
,amp_fp16_trained,rope,max_rho_rel,6,0.12310594997151247,0.010452841124155635,0.08490930882361487,0.12213472718505052,0.0033867104527465636,0.12142055621102085,0.1266302597790158,0.10646703102864417,0.13858794456698123
,amp_fp16_trained,sinusoidal,clean_accuracy_percent,6,78.5363741339492,0.5078698639075963,0.006466683361793469,78.60854503464203,0.2886836027713642,78.24769053117782,78.70958429561202,77.82909930715935,79.3013856812933
,amp_fp16_trained,sinusoidal,epsilon50,6,0.007711051940009737,0.0004926439601919104,0.06388803551377562,0.0076898892470060355,0.00048528971261715395,0.007341246448863636,0.008080684082850826,0.007116990291262136,0.008333561643835617
,amp_fp16_trained,sinusoidal,rho50,6,0.06745373691501526,0.002460604671644469,0.03647840407633126,0.06743843815564475,0.0009492761352025009,0.06658796296696987,0.0682696331496422,0.06375999028016952,0.07123438551357952
,amp_fp16_trained,sinusoidal,cliff_width_rho20_minus_rho80,6,0.03972162896668641,0.004424721445653202,0.11139325251147457,0.03935847836952634,0.0031813886112159705,0.03732510928354372,0.0422801303496361,0.03365187359667183,0.046059609533171786
,amp_fp16_trained,sinusoidal,max_rho_rel,6,0.09212850301598169,0.0034974428417539226,0.03796265788826738,0.09237834733391068,0.0022064705377133897,0.08994797342897434,0.09392227829660511,0.08734557159142926,0.09709398109180732
,full_fp32_trained,learned,clean_accuracy_percent,6,77.95419553502694,0.41380220860769,0.005308273733923115,77.94457274826789,0.3175519630484942,77.69197459584296,78.28377598152424,77.3960739030023,78.43533487297921
,full_fp32_trained,learned,epsilon50,6,0.005200053349241157,0.0003548494525232025,0.06823957922950649,0.005295835990685671,0.00022884512486940397,0.004903073497317695,0.005366258088475543,0.004774036054081121,0.005672727272727273
,full_fp32_trained,learned,rho50,6,0.08251443487237307,0.011470549778256631,0.13901264422398804,0.07863338282507419,0.005280462868233721,0.07628182086629184,0.08613315081043507,0.07087379043234682,0.1028150127994901
,full_fp32_trained,learned,cliff_width_rho20_minus_rho80,6,0.044478197576133464,0.013488523286052413,0.3032614633937013,0.04164850611285831,0.004082922635858976,0.03635507066742427,0.043061506856095305,0.0345180570082692,0.07093101693336108
,full_fp32_trained,learned,max_rho_rel,6,0.1083498417900343,0.013036176650164806,0.1203156039251719,0.10430134072964148,0.007673651711317335,0.09934271812989338,0.11666333674086402,0.09492790714885053,0.1280946161241568
,full_fp32_trained,rope,clean_accuracy_percent,6,82.64049268668207,0.34238735324590036,0.004143094288462269,82.66454965357968,0.2886836027713571,82.33256351039262,82.84497690531177,82.27482678983834,83.11200923787528
,full_fp32_trained,rope,epsilon50,6,0.06684782745763147,0.0007912922712783224,0.011837217473968736,0.0669311719017941,0.0007539572218803955,0.06619432092056232,0.06747878201310303,0.06588132635253054,0.06773327194597913
,full_fp32_trained,rope,rho50,6,0.077144340759518,0.007660161666196683,0.09929648229253395,0.0744377134346253,0.0033439354671464874,0.07420228002522754,0.07998709270191344,0.06803823310213959,0.08999169657261336
,full_fp32_trained,rope,cliff_width_rho20_minus_rho80,6,0.04404207074964838,0.004235197407364569,0.09616254039095974,0.045749844506823144,0.0012542518987893152,0.04335103755072088,0.046638077557646276,0.03604199407919823,0.04722515093177165
,full_fp32_trained,rope,max_rho_rel,6,0.11745891701838197,0.008717410211688164,0.07421667450180827,0.11615967044962223,0.003862391714987895,0.1152743621974902,0.12138559584622716,0.10411208324905995,0.13021524753677913
,full_fp32_trained,sinusoidal,clean_accuracy_percent,6,78.85873749037721,0.3758064764547601,0.004765565470796666,78.9838337182448,0.12990762124711352,78.82505773672055,79.03435334872978,78.14665127020785,79.21478060046189
,full_fp32_trained,sinusoidal,epsilon50,6,0.007948415709315943,0.0003230616806357733,0.04064478915680376,0.007964616594007747,0.00021798343447597185,0.007752770928687436,0.008168820212338088,0.007496212121212121,0.008346005154639177
,full_fp32_trained,sinusoidal,rho50,6,0.06797281441433821,0.005075022403470471,0.07466253158998142,0.06897843198179117,0.003919309135073726,0.06436305772674826,0.0708442757977058,0.06106389253555995,0.07452530660880896
,full_fp32_trained,sinusoidal,cliff_width_rho20_minus_rho80,6,0.040243580669234016,0.002651748736397456,0.06589246514102316,0.039657971270650655,0.0016358093074794154,0.03915079611940152,0.04164598562781413,0.03663830060780101,0.04421684605044802
,full_fp32_trained,sinusoidal,max_rho_rel,6,0.08959980200243035,0.006021796799370936,0.06720770207960501,0.09054033394083633,0.002968900298508541,0.0877956624041087,0.09347141504291631,0.07923839733806452,0.0959505328260359
0.75,amp_fp16_trained,learned,attack_nauc,6,0.8950644609280803,0.06562960231445615,0.07332388356298461,0.9170788884941374,0.027089107842367732,0.8837331628339403,0.9308286675793449,0.7726983827097745,0.9555007576488108
0.75,amp_fp16_trained,learned,noise_nauc,6,0.998005781630286,0.0010341664173184218,0.001036232891986924,0.9981925377990706,0.0005624006848337082,0.997736131708415,0.9987927528299168,0.9961796113008733,0.9988931820309729
0.75,amp_fp16_trained,learned,noise_minus_attack_gap,6,0.10294132070220564,0.06612100564142148,0.6423174405611134,0.08032020615008573,0.02674194881079145,0.06715085012547453,0.11444984832430152,0.042225252092219834,0.22619479932119835
0.75,amp_fp16_trained,rope,attack_nauc,6,0.9618007596795298,0.01671650168506277,0.017380420546384966,0.9638089385276616,0.014188170269365197,0.9486239483382738,0.9710222352397369,0.9412890517763454,0.9849086768266034
0.75,amp_fp16_trained,rope,noise_nauc,6,0.9995922507433331,0.00039138800763327666,0.0003915476609009587,0.9995627454225239,0.0001988554411260779,0.9993449417578335,0.9996468767773085,0.999186767986959,1.0002939845294847
0.75,amp_fp16_trained,rope,noise_minus_attack_gap,6,0.03779149106380327,0.01690236371622061,0.4472531577990505,0.0354218330198815,0.014136951843223333,0.02855082303007947,0.05085028051203774,0.014646764880348662,0.05900493275313934
0.75,amp_fp16_trained,sinusoidal,attack_nauc,6,0.8677005466717259,0.013131853157422132,0.015134084227320719,0.8679162698399583,0.011115780923383667,0.857081204025157,0.8750858822598264,0.8526420599052484,0.886783411958519
0.75,amp_fp16_trained,sinusoidal,noise_nauc,6,0.999273295933837,0.0013163498103228508,0.0013173071027508052,0.9993291477628794,0.0006243498191061403,0.9989627502835124,0.9999516901572281,0.9970422709246893,1.0009393870735055
0.75,amp_fp16_trained,sinusoidal,noise_minus_attack_gap,6,0.1315727492621109,0.013178868532869805,0.10016411914153817,0.13123849979675178,0.012206804197422316,0.12255431544693868,0.14205592438452497,0.11415597511498654,0.1474822009533916
0.75,full_fp32_trained,learned,attack_nauc,6,0.9259658598574649,0.016167450505307848,0.01746009351553903,0.9231805213830098,0.0041151974184360784,0.9193460214988138,0.9272017918078863,0.9073142454495374,0.9555098007756383
0.75,full_fp32_trained,learned,noise_nauc,6,0.9985550022247888,0.0005700840401594412,0.0005709090023977541,0.9986013655685098,0.00017140265023285473,0.998523287296559,0.9988192422787638,0.9975200315156167,0.9992181216413383
0.75,full_fp32_trained,learned,noise_minus_attack_gap,6,0.07258914236732382,0.01602404212527307,0.2207498477415037,0.07569012037623235,0.004208647216131511,0.07143829934806564,0.07960798429472937,0.04301386277916042,0.09020578606607932
0.75,full_fp32_trained,rope,attack_nauc,6,0.9484592913408815,0.013905097510863534,0.014660721485689959,0.9415005189971163,0.003301751433047062,0.9385968044149516,0.9561010592056658,0.9380912571428885,0.9710666474120888
0.75,full_fp32_trained,rope,noise_nauc,6,0.9993618787573828,0.0006451352634367602,0.0006455472008187146,0.9993493111264375,0.000367812505930154,0.9991971630297773,0.9997843359263163,0.9982806445911716,1.00011621450975
0.75,full_fp32_trained,rope,noise_minus_attack_gap,6,0.05090258741650122,0.013641327000086785,0.26798887232330826,0.057913408123713594,0.002896569712083019,0.043256626117957775,0.060533219966340535,0.028839060689091256,0.0609721248659002
0.75,full_fp32_trained,sinusoidal,attack_nauc,6,0.8663085470887805,0.021884432243198353,0.02526170648637916,0.8684161308025916,0.01973950580919831,0.8502198874722935,0.8829264747563728,0.8369527353698281,0.8921485564545103
0.75,full_fp32_trained,sinusoidal,noise_nauc,6,0.9991878973813387,0.0007806418512142075,0.0007812763277658842,0.999173446264127,0.0006177035769625028,0.9986904613831411,0.9998202890236312,0.9981272444275694,1.0000878776325983
0.75,full_fp32_trained,sinusoidal,noise_minus_attack_gap,6,0.1328793502925585,0.02217212511545167,0.16685907228350852,0.13141780342081738,0.02062607780879777,0.11569092797245387,0.1496004015513377,0.10651642481833301,0.1618141663442062
0.9,amp_fp16_trained,learned,attack_nauc,6,0.8513706694654591,0.07209675106022453,0.08468315111852648,0.8730696388724926,0.03503205631037215,0.8269741686147785,0.8844954815528023,0.7272380592517294,0.9349335721542604
0.9,amp_fp16_trained,learned,noise_nauc,6,0.9976542456577508,0.0011456469405986972,0.0011483406657016482,0.9978641472139269,0.0005661442946801043,0.997442132126888,0.9984647859077063,0.9955668966550671,0.998663823626742
0.9,amp_fp16_trained,learned,noise_minus_attack_gap,6,0.14628357619229163,0.0725832205023423,0.4961816110301455,0.12342235211691122,0.035258457177981595,0.11351705619677513,0.17091542326904477,0.06258370038207017,0.27131131466137137
0.9,amp_fp16_trained,rope,attack_nauc,6,0.9292792155830053,0.033666499462690395,0.0362286155744578,0.9341456432886674,0.02689928856274637,0.901809463326531,0.9472512859277638,0.8886656734000894,0.9760677633739918
0.9,amp_fp16_trained,rope,noise_nauc,6,0.9994384041173748,0.0003692819249366813,0.00036948942867850065,0.9994595822073715,0.00020489413305480042,0.9991735154286231,0.9994843183460487,0.9990626911161785,1.000077845612013
0.9,amp_fp16_trained,rope,noise_minus_attack_gap,6,0.07015918853436971,0.03383183528330329,0.4822153161981012,0.06492593609322306,0.026880489991732703,0.05213652291942095,0.0975457035312772,0.023398742269066464,0.11141217221192357
0.9,amp_fp16_trained,sinusoidal,attack_nauc,6,0.8116134605822722,0.01575433791999449,0.019411134345519512,0.8087655783099875,0.009839832927951375,0.7987612733882388,0.8180090393492603,0.7981883600672706,0.837444548696381
0.9,amp_fp16_trained,sinusoidal,noise_nauc,6,0.9992245610352343,0.0014275882124212987,0.0014286960790297863,0.9993631965640377,0.0006386517211985909,0.9988921300948119,0.9999764557123166,0.9967522220146238,1.000952767701894
0.9,amp_fp16_trained,sinusoidal,noise_minus_attack_gap,6,0.18761110045296206,0.015466338220232263,0.08243828954092186,0.19109068971004073,0.009570792420213803,0.17945910032057039,0.20037739243456837,0.16350821900551293,0.2009221404253534
0.9,full_fp32_trained,learned,attack_nauc,6,0.8856430951183535,0.028139047581088122,0.031772446187623406,0.8816131761375994,0.013138583976529339,0.869225669866904,0.8902265778576064,0.8558548498341978,0.936583155726443
0.9,full_fp32_trained,learned,noise_nauc,6,0.9982711136609773,0.0006444564015059429,0.0006455725230218438,0.9983137771948494,0.00024542277217448616,0.998194401144257,0.9985968006014023,0.997122367475868,0.999031009235984
0.9,full_fp32_trained,learned,noise_minus_attack_gap,6,0.11262801854262385,0.028030570557933537,0.24887741896414012,0.11709348237670097,0.013350109780153774,0.1080529340383593,0.1295333060953402,0.061594296933538906,0.14126751764167023
0.9,full_fp32_trained,rope,attack_nauc,6,0.9039804194376053,0.0298570923921282,0.03302847246481648,0.8907196936401665,0.009143410938626084,0.8883545688419167,0.9164919849686094,0.8749449011406284,0.9548492855507464
0.9,full_fp32_trained,rope,noise_nauc,6,0.9992406404837872,0.0007139822422470179,0.0007145248234712911,0.999238299789999,0.000450051433340648,0.9990114023329746,0.9996993832818254,0.9980769604166664,1.0001014352796593
0.9,full_fp32_trained,rope,noise_minus_attack_gap,6,0.09526022104618213,0.02967521495988014,0.3115173850530286,0.10808478191702525,0.009702089958494975,0.08269218866711459,0.11028023124756064,0.044995189695794524,0.12515653413903094
0.9,full_fp32_trained,sinusoidal,attack_nauc,6,0.8116946847744081,0.031557529535136866,0.03887857112666391,0.8163066687160174,0.027216079058994036,0.7890744575146598,0.8344545818625927,0.7681817475828757,0.8488720836058801
0.9,full_fp32_trained,sinusoidal,noise_nauc,6,0.9989696690088467,0.0009477534316517992,0.000948730938540043,0.9990233173284585,0.000795925400969677,0.9982635446993755,0.9996616233266729,0.9977429329598646,1.0001437672872053
0.9,full_fp32_trained,sinusoidal,noise_minus_attack_gap,6,0.18727498423443836,0.03193518746214989,0.17052564491033217,0.1834810641176573,0.02892060793913931,0.1638885596791071,0.21058716581201314,0.14927433056769635,0.23043318869389717
1.0,amp_fp16_trained,learned,attack_nauc,6,0.8157248027182135,0.07298068451787722,0.089467286362614,0.8333973944132925,0.03842749524172606,0.7859854218189324,0.8464396484904183,0.696931176946366,0.9096543530660574
1.0,amp_fp16_trained,learned,noise_nauc,6,0.9974227246750575,0.0012145064988509898,0.0012176447045024509,0.9976431016043119,0.0005496973806385919,0.9972508497119463,0.9982152200900729,0.9951802489830948,0.9985438705254762
1.0,amp_fp16_trained,learned,noise_minus_attack_gap,6,0.18169792195684412,0.0734702318803546,0.4043537267190367,0.16279938772122332,0.03873805539513947,0.151305742995053,0.2117175433209485,0.08770909992391696,0.30138153310084814
1.0,amp_fp16_trained,rope,attack_nauc,6,0.8993164297208259,0.045521381857991795,0.05061775850367035,0.9038881020089624,0.032773244026888415,0.8628731842675419,0.9194819071568361,0.8467093962619389,0.9675315908185635
1.0,amp_fp16_trained,rope,noise_nauc,6,0.9993274666327796,0.0003497579644537574,0.0003499933466576898,0.9993672573630918,0.0002198167157589359,0.999070656186016,0.9994035847552292,0.9989426769289005,0.9999001251286608
1.0,amp_fp16_trained,rope,noise_minus_attack_gap,6,0.1000110369119535,0.04565214221365171,0.4564710418295371,0.09507019885084139,0.03277965101803798,0.07977439985434573,0.136400545195816,0.03188196740366156,0.15319072886672191
1.0,amp_fp16_trained,sinusoidal,attack_nauc,6,0.7657253369037039,0.01829293003077242,0.02388967577426905,0.7645603815766562,0.009332746828484284,0.7540776157979602,0.7712849116848811,0.7446744849222297,0.7964469910873306
1.0,amp_fp16_trained,sinusoidal,noise_nauc,6,0.9991562468975701,0.0014962909395346057,0.001497554505794928,0.9993586604788952,0.0006338487326883468,0.9988021305456791,0.9999183412726953,0.9965498677959148,1.0009487705264792
1.0,amp_fp16_trained,sinusoidal,noise_minus_attack_gap,6,0.2334309099938661,0.017814839325465112,0.07631739655186726,0.23507623863687094,0.010366252995433478,0.22625532564232792,0.24519187556556218,0.2045017794391486,0.25405242739769984
1.0,full_fp32_trained,learned,attack_nauc,6,0.8509369245125585,0.037407491577488294,0.04396035769503879,0.8441367249609761,0.01783251193415858,0.8264328671812485,0.8544493224559687,0.818017679457555,0.9209119814868721
1.0,full_fp32_trained,learned,noise_nauc,6,0.9980785447645631,0.0006858904586145774,0.0006872109036031549,0.9981210912685837,0.0002924036710247324,0.9979688506180799,0.9984408050862619,0.9968709261002507,0.9988926798565607
1.0,full_fp32_trained,learned,noise_minus_attack_gap,6,0.14714162025200453,0.037367417647005755,0.2539554585779865,0.15440350956324084,0.018067887120373827,0.14363841985097026,0.17218416057118519,0.07702835488880311,0.17885324664269575
1.0,full_fp32_trained,rope,attack_nauc,6,0.8661324148115633,0.03969481100957742,0.045829956633378584,0.8503553798623552,0.014929868951443492,0.847888068740039,0.8818009903098287,0.8232463497812192,0.933488887205197
1.0,full_fp32_trained,rope,noise_nauc,6,0.9991560137857362,0.0007581884701680147,0.0007588289113081436,0.9991591806539951,0.0005004512499141023,0.9988822846174306,0.9996378505763327,0.9979438228550429,1.0000865053956967
1.0,full_fp32_trained,rope,noise_minus_attack_gap,6,0.13302359897417285,0.03954922706493875,0.2973098560701054,0.14857994762800075,0.015055480171094815,0.11725937288660337,0.15040781269139497,0.06630526062256092,0.1768401556144774
1.0,full_fp32_trained,sinusoidal,attack_nauc,6,0.7663660668996223,0.03852055422681634,0.05026390897323187,0.7731699940517633,0.03170664393431011,0.7359890619736581,0.7926236899170302,0.7163501269281903,0.812802613212941
1.0,full_fp32_trained,sinusoidal,noise_nauc,6,0.998784717360999,0.0010587843003512444,0.0010600725881637206,0.9988750834290187,0.0009131069343824572,0.9979397548008845,0.9995217490312447,0.997466114892937,1.0001267395915265
1.0,full_fp32_trained,sinusoidal,noise_minus_attack_gap,6,0.23241865046137677,0.03897735583136166,0.16770321897140048,0.2265432512872958,0.03380206458821866,0.20550758115055415,0.2635326870575867,0.18496692126442316,0.2821002888432552
