regime,family,seed,budget,rho,accuracy,accuracy_percent,attack_loss,restart_loss_min,restart_loss_max,restart_loss_spread,source_index
full_fp32_trained,learned,42,0.0,0.0,1.0,78.17551963048498,,,,0.0,0
full_fp32_trained,learned,42,0.003,0.029176303042733043,0.9641802067946825,75.37528868360278,1.1414834666065872,1.1414493768941611,1.1414834666065872,3.408971242602199e-05,1
full_fp32_trained,learned,42,0.004,0.04553825128665887,0.9313146233382571,72.80600461893765,1.2429418872576208,1.2429217542521656,1.2429418872576208,2.0133005455225117e-05,2
full_fp32_trained,learned,42,0.0045,0.05659276430608917,0.8969719350073856,70.12124711316397,1.3490098319947719,1.348971318732947,1.3490098319947719,3.851326182480186e-05,3
full_fp32_trained,learned,42,0.005,0.09683447228040026,0.6447562776957164,50.404157043879906,2.164469698816538,2.1643880773335695,2.164469698816538,8.16214829684192e-05,4
full_fp32_trained,learned,42,0.006,0.12014637512011779,0.08050221565731168,6.293302540415705,4.582706910371781,4.575684101879597,4.582706910371781,0.007022808492183508,5
full_fp32_trained,learned,42,0.008,0.11895647373066039,0.06351550960118169,4.965357967667437,5.139233310520649,5.069036021828651,5.139233310520649,0.0701972886919977,6
full_fp32_trained,learned,123,0.0,0.0,1.0,77.68475750577367,,,,0.0,0
full_fp32_trained,learned,123,0.003,0.0191990946354476,0.9706428836863619,75.4041570438799,1.2136373360175639,1.213602591259405,1.2136373360175639,3.474475815878897e-05,1
full_fp32_trained,learned,123,0.004,0.04198636768489473,0.9015235971757711,70.03464203233257,1.4016627782024442,1.401621603500098,1.4016627782024442,4.117470234632492e-05,2
full_fp32_trained,learned,123,0.0045,0.053797938865771465,0.8097361575622445,62.904157043879906,1.746454702783376,1.7464027651585639,1.746454702783376,5.193762481203734e-05,3
full_fp32_trained,learned,123,0.005,0.08372933555295395,0.26681531029357114,20.727482678983833,3.8007904827594756,3.8007191985845568,3.8007904827594756,7.128417491886196e-05,4
full_fp32_trained,learned,123,0.006,0.09492790714885053,0.12077294685990338,9.382217090069284,4.601932275295257,4.601860176026821,4.601932275295257,7.209926843643188e-05,5
full_fp32_trained,learned,123,0.008,0.08830885978441799,0.043106651802303976,3.348729792147806,5.826700115203858,5.826672369241715,5.826700115203858,2.7745962142944336e-05,6
full_fp32_trained,learned,456,0.0,0.0,1.0,78.43533487297921,,,,0.0,0
full_fp32_trained,learned,456,0.003,0.017815575216156673,0.9705557600294442,76.12586605080831,1.1416105506476015,1.1415730851236732,1.1416105506476015,3.7465523928359445e-05,1
full_fp32_trained,learned,456,0.004,0.02969817803643128,0.94516010305484,74.13394919168591,1.2459591733291746,1.2459073753561825,1.2459591733291746,5.1797972992151387e-05,2
full_fp32_trained,learned,456,0.0045,0.04241818509534331,0.9065145380934856,71.10277136258661,1.3505627436563372,1.3505000546108932,1.3505627436563372,6.268904544404208e-05,3
full_fp32_trained,learned,456,0.005,0.06588845150124921,0.7331615752668385,57.505773672055426,1.8508326789364218,1.8507699517533183,1.8508326789364218,6.272718310351699e-05,4
full_fp32_trained,learned,456,0.006,0.10238845985618027,0.11409642988590357,8.94919168591224,4.387433254718781,4.387377300858498,4.387433254718781,5.595386028289795e-05,5
full_fp32_trained,learned,456,0.008,0.09784979098537745,0.07655502392344497,6.0046189376443415,5.379906190931797,5.285309025645256,5.379906190931797,0.09459716528654027,6
full_fp32_trained,learned,789,0.0,0.0,1.0,77.3960739030023,,,,0.0,0
full_fp32_trained,learned,789,0.003,0.017914958421677316,0.977993286087281,75.69284064665128,1.1494430915918201,1.1494092162232845,1.1494430915918201,3.3875368535607464e-05,1
full_fp32_trained,learned,789,0.004,0.030458684024527043,0.9406937709809774,72.80600461893765,1.2637551645748317,1.263720581959933,1.2637551645748317,3.458261489863723e-05,2
full_fp32_trained,learned,789,0.0045,0.040037149497324724,0.9082431928384931,70.29445727482678,1.373753613466397,1.3737078883685172,1.373753613466397,4.572509787981183e-05,3
full_fp32_trained,learned,789,0.005,0.1280946161241568,0.16337187616560986,12.644341801385682,4.1583082810044285,4.156530597805977,4.1583082810044285,0.0017776831984512853,4
full_fp32_trained,learned,789,0.006,0.08001014400538739,0.4196195449459157,32.47690531177829,3.2189123779535294,3.2188733965158463,3.2189123779535294,3.898143768310547e-05,5
full_fp32_trained,learned,789,0.008,0.09458625563274876,0.08429690414024618,6.524249422632795,5.605916638672352,5.605846473574639,5.605916638672352,7.016509771329282e-05,6
full_fp32_trained,learned,1011,0.0,0.0,1.0,78.31986143187066,,,,0.0,0
full_fp32_trained,learned,1011,0.003,0.019722159927959816,0.9683007740508663,75.83718244803696,1.1513995929155498,1.1513655721675604,1.1513995929155498,3.402074798941612e-05,1
full_fp32_trained,learned,1011,0.004,0.03503847649128152,0.918908956874309,71.9688221709007,1.2862844382412733,1.286247772630304,1.2862844382412733,3.666561096915544e-05,2
full_fp32_trained,learned,1011,0.0045,0.04782883447000917,0.8650939918908958,67.7540415704388,1.4579517371021211,1.457899932190776,1.4579517371021211,5.1804911345154636e-05,3
full_fp32_trained,learned,1011,0.005,0.06322389538484961,0.7180243273129379,56.235565819861435,1.9749720402061939,1.9748944552615284,1.9749720402061939,7.758494466547639e-05,4
full_fp32_trained,learned,1011,0.006,0.10621422160310269,0.06745300405455217,5.2829099307159355,4.734667325019837,4.678834460675716,4.734667325019837,0.05583286434412038,5
full_fp32_trained,learned,1011,0.008,0.10134649515419336,0.04349428676741615,3.4064665127020786,5.824423256516456,5.824388724565506,5.824423256516456,3.453195095026729e-05,6
full_fp32_trained,learned,1213,0.0,0.0,1.0,77.7136258660508,,,,0.0,0
full_fp32_trained,learned,1213,0.003,0.016935119411115303,0.974368499257058,75.7217090069284,1.1747275442350655,1.1746931865811348,1.1747275442350655,3.435765393078327e-05,1
full_fp32_trained,learned,1213,0.004,0.028735124567858754,0.9450222882615156,73.44110854503464,1.280558774061501,1.2805114471819252,1.280558774061501,4.732687957575976e-05,2
full_fp32_trained,learned,1213,0.0045,0.04032130151068322,0.9104754829123328,70.75635103926096,1.3795911278575659,1.3795492622535677,1.3795911278575659,4.1865603998214596e-05,3
full_fp32_trained,learned,1213,0.005,0.055304736951395705,0.8298662704309063,64.4919168591224,1.6103549589402975,1.6103177465498448,1.6103549589402975,3.721239045262337e-05,4
full_fp32_trained,learned,1213,0.006,0.0858183096310339,0.3395245170876672,26.38568129330254,3.3740031607449055,3.3739490538835524,3.3740031607449055,5.410686135309817e-05,5
full_fp32_trained,learned,1213,0.008,0.09832747088779775,0.06352154531946509,4.936489607390301,5.527994853258133,5.5279744327068325,5.527994853258133,2.0420551300581735e-05,6
full_fp32_trained,rope,42,0.0,0.00010578013836411684,0.9996515679442509,82.82332563510393,,,,0.0,0
full_fp32_trained,rope,42,0.01,0.01581005505864724,0.9958188153310105,82.50577367205543,0.7558060141745955,0.7557744666468352,0.7558060141745955,3.154752776024505e-05,1
full_fp32_trained,rope,42,0.025,0.026414998252829443,0.9878048780487806,81.8418013856813,0.8085091507527977,0.8084776509087532,0.8085091507527977,3.1499844044491354e-05,2
full_fp32_trained,rope,42,0.05,0.051518032084449925,0.8578397212543554,71.07390300230946,1.214086349727586,1.1415952713694424,1.214086349727586,0.07249107835814361,3
full_fp32_trained,rope,42,0.075,0.08507933277555473,0.3271777003484321,27.107390300230946,3.3283052168786527,3.282415008544922,3.3283052168786527,0.0458902083337307,4
full_fp32_trained,rope,42,0.1,0.11519102349761626,0.07839721254355402,6.4953810623556585,4.687171499431133,4.6730866327881815,4.687171499431133,0.01408486664295161,5
full_fp32_trained,rope,123,0.0,0.00010851192876397586,0.9996491228070175,82.2459584295612,,,,0.0,0
full_fp32_trained,rope,123,0.01,0.015735415145507876,1.0014035087719297,82.39030023094688,0.7633081456646323,0.7632711904123426,0.7633081456646323,3.695525228974983e-05,1
full_fp32_trained,rope,123,0.025,0.028585989508461536,0.9901754385964912,81.46651270207852,0.8164092698600143,0.8163580856751651,0.8164092698600143,5.118418484917342e-05,2
full_fp32_trained,rope,123,0.05,0.0666630520225247,0.8824561403508772,72.6039260969977,1.2093283104244619,1.1897407480049877,1.2093283104244619,0.019587562419474125,3
full_fp32_trained,rope,123,0.075,0.10317559110734235,0.283859649122807,23.354503464203233,3.515411763638258,3.4687881730496883,3.515411763638258,0.046623590588569463,4
full_fp32_trained,rope,123,0.1,0.13021524753677913,0.08175438596491227,6.726327944572748,4.836153376102447,4.719663114845753,4.836153376102447,0.11649026125669426,5
full_fp32_trained,rope,456,0.0,0.00010852750202432509,1.0,82.82332563510393,,,,0.0,0
full_fp32_trained,rope,456,0.01,0.014699863487430204,0.9975601254792611,82.62124711316397,0.7532889638561755,0.7532519457861782,0.7532889638561755,3.701806999734103e-05,1
full_fp32_trained,rope,456,0.025,0.02451161170396026,0.9937260369466713,82.30369515011547,0.7966654738411307,0.7965874346438795,0.7966654738411307,7.803919725124508e-05,2
full_fp32_trained,rope,456,0.05,0.048163560102758386,0.9027535726734053,74.7690531177829,1.1174056556541472,1.053286966960877,1.1174056556541472,0.06411868869327009,3
full_fp32_trained,rope,456,0.075,0.08509638273625693,0.33495991634715927,27.742494226327945,3.3559529475867746,3.249243977665901,3.3559529475867746,0.10670896992087364,4
full_fp32_trained,rope,456,0.1,0.11679496260213246,0.08295573370512374,6.87066974595843,4.66987831890583,4.5885590925812725,4.66987831890583,0.0813192263245579,5
full_fp32_trained,rope,789,0.0,0.00010015377494206049,1.0,82.27482678983834,,,,0.0,0
full_fp32_trained,rope,789,0.01,0.015560180214188845,1.0010526315789474,82.36143187066975,0.7283273196779192,0.7282976347021759,0.7283273196779192,2.9684975743293762e-05,1
full_fp32_trained,rope,789,0.025,0.030166719438432615,0.9950877192982455,81.87066974595842,0.7702172499615699,0.7701811089646071,0.7702172499615699,3.6140996962807925e-05,2
full_fp32_trained,rope,789,0.05,0.048512898579002574,0.8831578947368419,72.66166281755196,1.1586330601479857,1.154683757200837,1.1586330601479857,0.003949302947148681,3
full_fp32_trained,rope,789,0.075,0.07924920814427047,0.27999999999999997,23.036951501154736,3.589756643027067,3.5141295328736306,3.589756643027067,0.07562711015343648,4
full_fp32_trained,rope,789,0.1,0.10411208324905995,0.07157894736842105,5.8891454965357966,4.849044093489647,4.771948532760144,4.849044093489647,0.07709556072950363,5
full_fp32_trained,rope,1011,0.0,9.691197349018589e-05,1.0,82.50577367205543,,,,0.0,0
full_fp32_trained,rope,1011,0.01,0.014197615419750972,0.9965010496850946,82.21709006928407,0.7583172979298979,0.7582988486625254,0.7583172979298979,1.8449267372488976e-05,1
full_fp32_trained,rope,1011,0.025,0.024705268421734396,0.9898530440867739,81.66859122401847,0.8085621573962272,0.808514065714553,0.8085621573962272,4.8091681674189424e-05,2
full_fp32_trained,rope,1011,0.05,0.05502056000873477,0.8995801259622114,74.22055427251732,1.1449883595574648,1.1378339629620313,1.1449883595574648,0.007154396595433488,3
full_fp32_trained,rope,1011,0.075,0.09440914309370431,0.31210636808957315,25.750577367205544,3.434258036315441,3.2005580253899097,3.434258036315441,0.2337000109255314,4
full_fp32_trained,rope,1011,0.1,0.12291580692759205,0.07522743177046885,6.206697459584295,4.9082523211836815,4.8680893436074255,4.9082523211836815,0.040162977576255976,5
full_fp32_trained,rope,1213,0.0,9.962333695021914e-05,1.0,83.11200923787528,,,,0.0,0
full_fp32_trained,rope,1213,0.01,0.014177637034467805,0.9965265717262939,82.82332563510393,0.7163282790221274,0.716278431052342,0.7163282790221274,4.9847969785354884e-05,1
full_fp32_trained,rope,1213,0.025,0.024374863394220365,0.9881903438693991,82.13048498845265,0.7638335686177016,0.7638215030543506,0.7638335686177016,1.2065563350982522e-05,2
full_fp32_trained,rope,1213,0.05,0.0501980695320225,0.87565126780132,72.7771362586605,1.1268886507023126,1.1210017934907228,1.1268886507023126,0.005886857211589769,3
full_fp32_trained,rope,1213,0.075,0.08466570096189348,0.34317471344216743,28.521939953810623,3.2330533497035505,3.188586463034153,3.2330533497035505,0.044466886669397354,4
full_fp32_trained,rope,1213,0.1,0.11552437829711201,0.08648836401528309,7.188221709006928,4.634722980856895,4.587731604278088,4.634722980856895,0.046991376578807476,5
full_fp32_trained,sinusoidal,42,0.0,0.0,1.0,79.01270207852194,,,,0.0,0
full_fp32_trained,sinusoidal,42,0.005,0.02065255186825077,0.9433686518085496,74.53810623556582,1.1845607239753009,1.1845251544378699,1.1845607239753009,3.556953743100166e-05,1
full_fp32_trained,sinusoidal,42,0.006,0.03344135095590618,0.8903909389842893,70.35219399538106,1.344786015059799,1.3447182833217084,1.344786015059799,6.773173809060395e-05,2
full_fp32_trained,sinusoidal,42,0.007,0.05427327854342225,0.7541103397880892,59.584295612009235,1.8177360355854035,1.8176160329952835,1.8177360355854035,0.00012000259012001635,3
full_fp32_trained,sinusoidal,42,0.0075,0.0653226278900405,0.6090610157106321,48.12355658198614,2.3361752584576605,2.3360068198293447,2.3361752584576605,0.00016843862831583678,4
full_fp32_trained,sinusoidal,42,0.008,0.07570343984941286,0.4187066130800146,33.083140877598154,3.071194423735142,3.071014442294836,3.071194423735142,0.00017998144030562102,5
full_fp32_trained,sinusoidal,42,0.0085,0.08427980325601139,0.25502374862988675,20.150115473441108,3.828596004098654,3.828296273201704,3.828596004098654,0.00029973089695012334,6
full_fp32_trained,sinusoidal,42,0.009,0.09002255147244083,0.13883814395323346,10.969976905311778,4.325283229351044,4.325185424089431,4.325283229351044,9.780526161229375e-05,7
full_fp32_trained,sinusoidal,42,0.0095,0.0937996064798943,0.09316770186335403,7.361431870669746,4.621020589768887,4.620922444760799,4.621020589768887,9.814500808769111e-05,8
full_fp32_trained,sinusoidal,42,0.01,0.0959505328260359,0.07234198027036902,5.715935334872979,4.821736754477024,4.821496866643429,4.821736754477024,0.00023988783359563115,9
full_fp32_trained,sinusoidal,123,0.0,0.0,1.0,78.14665127020785,,,,0.0,0
full_fp32_trained,sinusoidal,123,0.005,0.019552783144099434,0.9412633912079793,73.55658198614319,1.1661827405449003,1.1661634771618992,1.1661827405449003,1.9263383001177914e-05,1
full_fp32_trained,sinusoidal,123,0.006,0.03180748287173903,0.8880679719246398,69.39953810623557,1.31440487857908,1.314349222043529,1.31440487857908,5.565653555095196e-05,2
full_fp32_trained,sinusoidal,123,0.007,0.049706209776104626,0.7724418175101588,60.36374133949192,1.6971658995375036,1.6970436005853116,1.6971658995375036,0.0001222989521920681,3
full_fp32_trained,sinusoidal,123,0.0075,0.05920195954710851,0.6557074251939417,51.24133949191686,2.0967279732227326,2.0963790429756046,2.0967279732227326,0.0003489302471280098,4
full_fp32_trained,sinusoidal,123,0.008,0.06751198420668154,0.5408200960472849,42.263279445727484,2.610766561701894,2.6103848308324813,2.610766561701894,0.000381730869412511,5
full_fp32_trained,sinusoidal,123,0.0085,0.07470770498794613,0.39785740672330994,31.09122401847575,3.1682945881038904,3.1679567083716393,3.1682945881038904,0.0003378797322510785,6
full_fp32_trained,sinusoidal,123,0.009,0.08096359553745847,0.2744735869966753,21.44919168591224,3.6622491806745527,3.6620993718504904,3.6622491806745527,0.0001498088240623474,7
full_fp32_trained,sinusoidal,123,0.0095,0.08516399362850376,0.19726634650905062,15.415704387990763,4.043422357738018,4.043365478515625,4.043422357738018,5.687922239339116e-05,8
full_fp32_trained,sinusoidal,123,0.01,0.08809552955874674,0.1407462135205024,10.998845265588914,4.321756722033024,4.32162132114172,4.321756722033024,0.00013540089130437138,9
full_fp32_trained,sinusoidal,456,0.0,0.0,1.0,79.21478060046189,,,,0.0,0
full_fp32_trained,sinusoidal,456,0.005,0.023292394391369216,0.9205539358600583,72.92147806004618,1.252935041487217,1.2529119648039342,1.252935041487217,2.3076683282718946e-05,1
full_fp32_trained,sinusoidal,456,0.006,0.035537160030158964,0.8447521865889213,66.91685912240185,1.4837224784772842,1.4836361101828515,1.4837224784772842,8.636829443275928e-05,2
full_fp32_trained,sinusoidal,456,0.007,0.052285919202297,0.673469387755102,53.34872979214781,2.068112449347973,2.0679709354415534,2.068112449347973,0.000141513906419366,3
full_fp32_trained,sinusoidal,456,0.0075,0.05952095346588745,0.5572157434402333,44.13972286374134,2.545909227989614,2.5457375045865773,2.545909227989614,0.00017172340303650557,4
full_fp32_trained,sinusoidal,456,0.008,0.06676554355099984,0.4387755102040817,34.75750577367206,3.039635603129864,3.0395827956497667,3.039635603129864,5.280748009717229e-05,5
full_fp32_trained,sinusoidal,456,0.0085,0.07267999527379779,0.3509475218658892,27.800230946882216,3.501643879711628,3.5014787703752517,3.501643879711628,0.00016510933637636782,6
full_fp32_trained,sinusoidal,456,0.009,0.0772626130429571,0.26457725947521865,20.958429561200923,3.8824211940169335,3.8819486893713475,3.8824211940169335,0.0004725046455860138,7
full_fp32_trained,sinusoidal,456,0.0095,0.07923839733806452,0.21027696793002917,16.657043879907622,4.1911487698554994,4.189576641470194,4.1911487698554994,0.0015721283853054047,8
full_fp32_trained,sinusoidal,456,0.01,0.07275940093363417,0.18549562682215745,14.693995381062356,4.520299622416497,4.519427363574505,4.520299622416497,0.0008722588419916022,9
full_fp32_trained,sinusoidal,789,0.0,0.0,1.0,78.95496535796767,,,,0.0,0
full_fp32_trained,sinusoidal,789,0.005,0.01985691084711072,0.946617915904936,74.74018475750577,1.2174519067630172,1.2173972188029438,1.2174519067630172,5.468796007335186e-05,1
full_fp32_trained,sinusoidal,789,0.006,0.031309892073986885,0.9082266910420476,71.70900692840647,1.3661528282333166,1.3661180822178722,1.3661528282333166,3.4746015444397926e-05,2
full_fp32_trained,sinusoidal,789,0.007,0.04731632028898835,0.8160877513711151,64.43418013856812,1.6584196486510336,1.6583399213850498,1.6584196486510336,7.972726598381996e-05,3
full_fp32_trained,sinusoidal,789,0.0075,0.05788505174256291,0.7283363802559415,57.505773672055426,1.9675234219990672,1.9672868294641375,1.9675234219990672,0.00023659253492969157,4
full_fp32_trained,sinusoidal,789,0.008,0.06817758607569392,0.5981718464351006,47.22863741339492,2.3996170572936535,2.39939628764987,2.3996170572936535,0.00022076964378348052,5
full_fp32_trained,sinusoidal,789,0.0085,0.07735045597084712,0.4563071297989031,36.02771362586605,2.913610816001892,2.913551378250122,2.913610816001892,5.943775177019717e-05,6
full_fp32_trained,sinusoidal,789,0.009,0.08500763917879556,0.33089579524680074,26.125866050808312,3.4150632560253142,3.4148150838911535,3.4150632560253142,0.00024817213416072903,7
full_fp32_trained,sinusoidal,789,0.0095,0.08990955736450729,0.22888482632541135,18.0715935334873,3.839526169002056,3.8393911749124525,3.839526169002056,0.0001349940896036017,8
full_fp32_trained,sinusoidal,789,0.01,0.0936335072829131,0.16270566727605118,12.846420323325635,4.160389727354049,4.16030365973711,4.160389727354049,8.60676169391894e-05,9
full_fp32_trained,sinusoidal,1011,0.0,0.0,1.0,78.78175519630484,,,,0.0,0
full_fp32_trained,sinusoidal,1011,0.005,0.02149993440988841,0.9391718578233786,73.98960739030024,1.2797769266180694,1.2797141058836132,1.2797769266180694,6.282073445618153e-05,1
full_fp32_trained,sinusoidal,1011,0.006,0.029928480507225005,0.892634664712349,70.32332563510393,1.432849916163832,1.4328055380377918,1.432849916163832,4.437812604018987e-05,2
full_fp32_trained,sinusoidal,1011,0.007,0.042679765425122265,0.7903994137046538,62.26905311778291,1.7332000922877342,1.7331461585126817,1.7332000922877342,5.3933775052472654e-05,3
full_fp32_trained,sinusoidal,1011,0.0075,0.05306180642048076,0.6991572004397215,55.08083140877598,2.0424020847305657,2.041979809477925,2.0424020847305657,0.0004222752526406026,4
full_fp32_trained,sinusoidal,1011,0.008,0.06476547146857062,0.5610113594723343,44.197459584295615,2.582181989774108,2.5819715593010186,2.582181989774108,0.00021043047308921814,5
full_fp32_trained,sinusoidal,1011,0.0085,0.07497591463930947,0.38915353609380726,30.658198614318707,3.248346474021673,3.2482965260744097,3.248346474021673,4.9947947263540016e-05,6
full_fp32_trained,sinusoidal,1011,0.009,0.08333385002521376,0.24148039574935878,19.024249422632796,3.8369911834597588,3.8369058296084404,3.8369911834597588,8.535385131835938e-05,7
full_fp32_trained,sinusoidal,1011,0.0095,0.08910090649978078,0.1403444485159399,11.056581986143186,4.3149170756340025,4.314826044440269,4.3149170756340025,9.103119373321533e-05,8
full_fp32_trained,sinusoidal,1011,0.01,0.09298513832292592,0.08647856357640162,6.812933025404157,4.632991859316826,4.632940723001957,4.632991859316826,5.1136314869637545e-05,9
full_fp32_trained,sinusoidal,1213,0.0,0.0,1.0,79.04157043879907,,,,0.0,0
full_fp32_trained,sinusoidal,1213,0.005,0.021947599960140094,0.9240321402483566,73.03695150115473,1.2149694147054106,1.2149008503183722,1.2149694147054106,6.856438703839451e-05,1
full_fp32_trained,sinusoidal,1213,0.006,0.03560281122383857,0.8407596785975164,66.45496535796767,1.444338311161846,1.4443043082021176,1.444338311161846,3.4002959728329785e-05,2
full_fp32_trained,sinusoidal,1213,0.007,0.05237506806905123,0.6435354273192111,50.866050808314085,2.1532695189118387,2.153202536329627,2.1532695189118387,6.698258221149445e-05,3
full_fp32_trained,sinusoidal,1213,0.0075,0.06113021943988444,0.49890430971512056,39.43418013856813,2.7479697957634928,2.7479215636849403,2.7479697957634928,4.823207855242373e-05,4
full_fp32_trained,sinusoidal,1213,0.008,0.06899722992283523,0.3608473338203068,28.521939953810623,3.344665089994669,3.3444396145641804,3.344665089994669,0.00022547543048867524,5
full_fp32_trained,sinusoidal,1213,0.0085,0.07527254592218176,0.2501826150474799,19.774826789838336,3.8341958366334437,3.834099407494068,3.8341958366334437,9.642913937568665e-05,6
full_fp32_trained,sinusoidal,1213,0.009,0.08021455899104012,0.16179693206720236,12.788683602771362,4.226857359707355,4.226596879959106,4.226857359707355,0.00026047974824905396,7
full_fp32_trained,sinusoidal,1213,0.0095,0.0850312409711743,0.1110299488677867,8.775981524249422,4.536495910584927,4.535892881453037,4.536495910584927,0.0006030291318896985,8
full_fp32_trained,sinusoidal,1213,0.01,0.08769570668589602,0.07450693937180423,5.8891454965357966,4.774461202323437,4.772112235426903,4.774461202323437,0.002348966896533966,9
amp_fp16_trained,learned,42,0.0,0.0,1.0,77.80023094688222,,,,0.0,0
amp_fp16_trained,learned,42,0.003,0.02847561018813548,0.9658627087198515,75.14434180138568,1.1593856929801405,1.159370294911787,1.1593856929801405,1.5398068353489336e-05,1
amp_fp16_trained,learned,42,0.004,0.04106758100297768,0.9421150278293134,73.29676674364896,1.2567763213068246,1.2567503438331187,1.2567763213068246,2.5977473705918186e-05,2
amp_fp16_trained,learned,42,0.0045,0.05230295447583486,0.9109461966604823,70.87182448036951,1.3454197945073247,1.3453440379351378,1.3454197945073247,7.575657218694687e-05,3
amp_fp16_trained,learned,42,0.005,0.06551406339342043,0.8489795918367347,66.05080831408776,1.5352135803550482,1.5351810016669334,1.5352135803550482,3.25786881147927e-05,4
amp_fp16_trained,learned,42,0.006,0.10987199617833691,0.0909090909090909,7.072748267898383,4.502834497392177,4.502744723856449,4.502834497392177,8.977353572792168e-05,5
amp_fp16_trained,learned,42,0.008,0.11184532304847106,0.07680890538033394,5.975750577367205,5.007387647032738,5.007358914613723,5.007387647032738,2.8732419014687594e-05,6
amp_fp16_trained,learned,123,0.0,0.0,1.0,77.68475750577367,,,,0.0,0
amp_fp16_trained,learned,123,0.003,0.021499570143852807,0.9602378298030472,74.5958429561201,1.1704353823792188,1.1704078616574407,1.1704353823792188,2.7520721778140356e-05,1
amp_fp16_trained,learned,123,0.004,0.041393951224121456,0.9100706057227796,70.6986143187067,1.3394805845804512,1.3394526741467416,1.3394805845804512,2.791043370953261e-05,2
amp_fp16_trained,learned,123,0.0045,0.054595764287848965,0.8242289111854328,64.03002309468822,1.6176895476877688,1.6176511117257177,1.6176895476877688,3.8435962051108774e-05,3
amp_fp16_trained,learned,123,0.005,0.06829444641805364,0.6510590858416946,50.57736720554273,2.2556720120832323,2.2556312756612895,2.2556720120832323,4.0736421942799694e-05,4
amp_fp16_trained,learned,123,0.006,0.08958885233752208,0.26421404682274247,20.52540415704388,3.8276410415768622,3.8275988772511482,3.8276410415768622,4.216432571402251e-05,5
amp_fp16_trained,learned,123,0.008,0.09952385375916267,0.06837606837606837,5.311778290993072,5.354319542646408,5.35424545109272,5.354319542646408,7.409155368787168e-05,6
amp_fp16_trained,learned,456,0.0,0.0,1.0,78.23325635103926,,,,0.0,0
amp_fp16_trained,learned,456,0.003,0.018296861267060458,0.9634686346863469,75.37528868360278,1.1456282975152134,1.1456035976298153,1.1456282975152134,2.469988539810508e-05,1
amp_fp16_trained,learned,456,0.004,0.03332248688306055,0.9232472324723248,72.22863741339492,1.2644831566140056,1.2644568708259611,1.2644831566140056,2.6285788044422276e-05,2
amp_fp16_trained,learned,456,0.0045,0.0471166566048538,0.8575645756457565,67.09006928406467,1.4246272983495145,1.424590782308951,1.4246272983495145,3.6516040563538965e-05,3
amp_fp16_trained,learned,456,0.005,0.09507654153240974,0.2649446494464945,20.727482678983833,3.6565899558365347,3.6564971573650835,3.6565899558365347,9.279847145116094e-05,4
amp_fp16_trained,learned,456,0.006,0.10250007858335218,0.13690036900369004,10.710161662817551,4.369452075660229,4.369362854957581,4.369452075660229,8.922070264816284e-05,5
amp_fp16_trained,learned,456,0.008,0.09804512726071114,0.06826568265682657,5.340646651270208,5.269027538597584,5.057896244525909,5.269027538597584,0.21113129407167452,6
amp_fp16_trained,learned,789,0.0,0.0,1.0,78.00230946882218,,,,0.0,0
amp_fp16_trained,learned,789,0.003,0.02092908994666116,0.9748334566987417,76.03926096997691,1.1709548190236092,1.1709425456821918,1.1709548190236092,1.227334141740144e-05,1
amp_fp16_trained,learned,789,0.004,0.032449155853961915,0.9411547002220577,73.41224018475751,1.2745876381639392,1.2745686145499349,1.2745876381639392,1.902361400429875e-05,2
amp_fp16_trained,learned,789,0.0045,0.042905334326431066,0.9115470022205774,71.10277136258661,1.3678776135668158,1.3678554582409561,1.3678776135668158,2.2155325859696262e-05,3
amp_fp16_trained,learned,789,0.005,0.05511112350628988,0.8316062176165803,64.86720554272517,1.5748626364395022,1.5748385157436133,1.5748626364395022,2.4120695888862898e-05,4
amp_fp16_trained,learned,789,0.006,0.10131931139064532,0.10806809770540339,8.429561200923787,4.398570187389851,4.398502457141876,4.398570187389851,6.773024797457339e-05,5
amp_fp16_trained,learned,789,0.008,0.09445162726786785,0.07364914877868245,5.744803695150115,5.469703401625156,5.469665762782097,5.469703401625156,3.7638843059184524e-05,6
amp_fp16_trained,learned,1011,0.0,0.0,1.0,77.74249422632795,,,,0.0,0
amp_fp16_trained,learned,1011,0.003,0.24749272810274703,0.7274415150389899,56.55311778290993,1.9038233051076532,1.903750509954989,1.9038233051076532,7.279515266422898e-05,1
amp_fp16_trained,learned,1011,0.004,0.24177947237378303,0.20831786112142592,16.195150115473442,3.9236806467175485,3.9236223220825197,3.9236806467175485,5.8324635028750293e-05,2
amp_fp16_trained,learned,1011,0.0045,0.21573954341607787,0.11956925362049757,9.295612009237875,4.364664423465729,4.364562125504017,4.364664423465729,0.00010229796171135064,3
amp_fp16_trained,learned,1011,0.005,0.1981381667174893,0.07983661344225769,6.206697459584295,4.613207574188709,4.613170018792152,4.613207574188709,3.7555396557031884e-05,4
amp_fp16_trained,learned,1011,0.006,0.14118401581980827,0.06906795395469736,5.369515011547344,4.896184262633324,4.896134816110134,4.896184262633324,4.9446523189722313e-05,5
amp_fp16_trained,learned,1011,0.008,0.12451321326520287,0.04753063497957668,3.695150115473441,5.305609455704689,5.305303163826466,5.305609455704689,0.0003062918782230639,6
amp_fp16_trained,learned,1213,0.0,0.0,1.0,78.11778290993071,,,,0.0,0
amp_fp16_trained,learned,1213,0.003,0.01811036971972542,0.9671101256467111,75.54849884526558,1.162924198480323,1.1628845753148198,1.162924198480323,3.9623165503099855e-05,1
amp_fp16_trained,learned,1213,0.004,0.03305192020460947,0.9290465631929047,72.57505773672055,1.2927497545257212,1.2926832236815244,1.2927497545257212,6.653084419672162e-05,2
amp_fp16_trained,learned,1213,0.0045,0.2559464274249639,0.05173688100517369,4.041570438799076,4.748578311502934,4.7464830577373505,4.748578311502934,0.0020952537655833936,3
amp_fp16_trained,learned,1213,0.005,0.2575659468832938,0.03436807095343681,2.684757505773672,4.886189961433411,4.834632471203804,4.886189961433411,0.051557490229606984,4
amp_fp16_trained,learned,1213,0.006,0.25305278690117317,0.02180339985218034,1.7032332563510393,5.027901658415795,4.9918023005127905,5.027901658415795,0.036099357903004226,5
amp_fp16_trained,learned,1213,0.008,0.10072319023148744,0.059127864005912786,4.618937644341801,5.332954047620296,5.332883307337761,5.332954047620296,7.074028253484244e-05,6
amp_fp16_trained,rope,42,0.0,0.00011242630826539018,0.9996525364836691,83.05427251732101,,,,0.0,0
amp_fp16_trained,rope,42,0.01,0.015435866686017562,1.001737317581654,83.22748267898383,0.7523422448895871,0.7523189663421362,0.7523422448895871,2.3278547450877873e-05,1
amp_fp16_trained,rope,42,0.025,0.026921363316889095,0.9937456567060459,82.5635103926097,0.7978870085906238,0.7974791020620614,0.7978870085906238,0.00040790652856237397,2
amp_fp16_trained,rope,42,0.05,0.0503948504741329,0.8766504517025712,72.83487297921478,1.1565190806984902,1.1449433680158108,1.1565190806984902,0.011575712682679429,3
amp_fp16_trained,rope,42,0.075,0.0870831773028084,0.3092425295343989,25.69284064665127,3.356596264988184,3.304661491513252,3.356596264988184,0.051934773474931806,4
amp_fp16_trained,rope,42,0.1,0.1212689244789277,0.08095899930507297,6.726327944572748,4.709736509621143,4.647041448950768,4.709736509621143,0.06269506067037511,5
amp_fp16_trained,rope,123,0.0,0.00010622782201002594,1.0,83.05427251732101,,,,0.0,0
amp_fp16_trained,rope,123,0.01,0.014786789114278935,0.9968717413972888,82.79445727482678,0.7549159623682499,0.7548849714919925,0.7549159623682499,3.099087625735297e-05,1
amp_fp16_trained,rope,123,0.025,0.02767118606137973,0.9854014598540146,81.8418013856813,0.7984555730596185,0.798286110162735,0.7984555730596185,0.0001694628968834655,2
amp_fp16_trained,rope,123,0.05,0.06217348712926386,0.8884254431699689,73.78752886836028,1.1906728204805404,1.1785061557311565,1.1906728204805404,0.012166664749383882,3
amp_fp16_trained,rope,123,0.075,0.10133828699781422,0.29197080291970806,24.249422632794456,3.616118543595076,3.4583153039216996,3.616118543595076,0.15780323967337617,4
amp_fp16_trained,rope,123,0.1,0.12804234538442083,0.07021202641640598,5.831408775981524,4.9687186896801,4.831555671989918,4.9687186896801,0.1371630176901819,5
amp_fp16_trained,rope,456,0.0,0.00010255128380229776,1.0003502626970227,82.44803695150115,,,,0.0,0
amp_fp16_trained,rope,456,0.01,0.014366692535482908,1.0010507880910682,82.50577367205543,0.7483990060631186,0.7483829244971275,0.7483990060631186,1.6081565991088453e-05,1
amp_fp16_trained,rope,456,0.025,0.0259469446600371,0.9915936952714535,81.72632794457274,0.7882416936568916,0.7882019365672022,0.7882416936568916,3.9757089689396174e-05,2
amp_fp16_trained,rope,456,0.05,0.048539103237523404,0.8914185639229422,73.46997690531178,1.1406138443853706,1.1036524715833367,1.1406138443853706,0.03696137280203393,3
amp_fp16_trained,rope,456,0.075,0.08384266453784556,0.333800350262697,27.511547344110856,3.360046649724245,3.2478764429688454,3.360046649724245,0.11217020675539979,4
amp_fp16_trained,rope,456,0.1,0.10646703102864417,0.09842381786339753,8.112009237875288,4.685076501965523,4.630478176474571,4.685076501965523,0.05459832549095189,5
amp_fp16_trained,rope,789,0.0,0.00010019130254373863,1.0,83.05427251732101,,,,0.0,0
amp_fp16_trained,rope,789,0.01,0.014413949837196861,1.0010427528675705,83.14087759815243,0.7321036286652088,0.7320713144727051,0.7321036286652088,3.2314192503712924e-05,1
amp_fp16_trained,rope,789,0.025,0.02889389957343659,0.9989572471324296,82.9676674364896,0.7757134368643165,0.7756722902879118,0.7757134368643165,4.1146576404638147e-05,2
amp_fp16_trained,rope,789,0.05,0.0740589399822339,0.9158846020159889,76.06812933025404,1.0746760443784296,1.0666780337691306,1.0746760443784296,0.007998010609298944,3
amp_fp16_trained,rope,789,0.075,0.11141368186015138,0.3409801876955162,28.31986143187067,3.2038857892155646,3.105680703371763,3.2038857892155646,0.0982050858438015,4
amp_fp16_trained,rope,789,0.1,0.13858794456698123,0.07194994786235662,5.975750577367205,4.762916612625122,4.729620087146759,4.762916612625122,0.03329652547836304,5
amp_fp16_trained,rope,1011,0.0,9.255418338390144e-05,1.0,82.93879907621248,,,,0.0,0
amp_fp16_trained,rope,1011,0.01,0.015292634037389502,0.9989557953358857,82.85219399538106,0.7441309504210949,0.744109106156975,0.7441309504210949,2.1844264119885715e-05,1
amp_fp16_trained,rope,1011,0.025,0.031094410544660812,0.9916463626870866,82.2459584295612,0.7880974825471639,0.7880638895556331,0.7880974825471639,3.359299153082862e-05,2
amp_fp16_trained,rope,1011,0.05,0.06151152305870229,0.8927949878176122,74.04734411085451,1.115279623819515,1.0964644205290823,1.115279623819515,0.018815203290432736,3
amp_fp16_trained,rope,1011,0.075,0.09718276104947397,0.29759832927253743,24.682448036951502,3.475713723897934,3.3557050794363024,3.475713723897934,0.12000864446163151,4
amp_fp16_trained,rope,1011,0.1,0.12239400296280072,0.07483466759484858,6.206697459584295,4.785579571127892,4.735428161919117,4.785579571127892,0.05015140920877492,5
amp_fp16_trained,rope,1213,0.0,9.942226052948393e-05,0.9996496145760337,82.36143187066975,,,,0.0,0
amp_fp16_trained,rope,1213,0.01,0.012438604296329033,0.9985984583041346,82.27482678983834,0.7565618655178696,0.7565236564725637,0.7565618655178696,3.820904530593694e-05,1
amp_fp16_trained,rope,1213,0.025,0.026415939807374618,0.9891380518570428,81.49538106235566,0.8100136635825038,0.8099854659754783,0.8100136635825038,2.819760702554852e-05,2
amp_fp16_trained,rope,1213,0.05,0.055497388450290404,0.8969866853538893,73.90300230946882,1.1271438448224216,1.1246371119748801,1.1271438448224216,0.0025067328475414374,3
amp_fp16_trained,rope,1213,0.075,0.09037207711369546,0.3279607568325158,27.02078521939954,3.2124460458755495,3.1664402410387993,3.2124460458755495,0.04600580483675021,4
amp_fp16_trained,rope,1213,0.1,0.12187545140730031,0.07428170988086896,6.1200923787528865,4.585197094082832,4.515412487089634,4.585197094082832,0.06978460699319822,5
amp_fp16_trained,sinusoidal,42,0.0,0.0,1.0,78.72401847575058,,,,0.0,0
amp_fp16_trained,sinusoidal,42,0.005,0.029393781849391794,0.9130913091309131,71.88221709006929,1.2615974861197174,1.261537822149694,1.2615974861197174,5.966397002343804e-05,1
amp_fp16_trained,sinusoidal,42,0.006,0.04380177495905654,0.8129812981298129,64.00115473441109,1.5804645393043757,1.580299868993461,1.5804645393043757,0.00016467031091460527,2
amp_fp16_trained,sinusoidal,42,0.007,0.061691615530907414,0.5441877521085441,42.840646651270205,2.6011533327400684,2.600833947584033,2.6011533327400684,0.00031938515603524564,3
amp_fp16_trained,sinusoidal,42,0.0075,0.07053155740534711,0.35533553355335534,27.973441108545035,3.3608510747551916,3.3604784183204175,3.3608510747551916,0.00037265643477413235,4
amp_fp16_trained,sinusoidal,42,0.008,0.07838012713690472,0.19875320865419874,15.646651270207853,4.006043736636639,4.005938355624676,4.006043736636639,0.00010538101196289062,5
amp_fp16_trained,sinusoidal,42,0.0085,0.08496254379412085,0.11074440777411074,8.71824480369515,4.4409868061542515,4.440917240083218,4.4409868061542515,6.956607103347778e-05,6
amp_fp16_trained,sinusoidal,42,0.009,0.08893409788356826,0.06894022735606893,5.427251732101617,4.723489844799042,4.723382359743118,4.723489844799042,0.00010748505592417246,7
amp_fp16_trained,sinusoidal,42,0.0095,0.0910491492117893,0.048404840484048396,3.810623556581986,4.897456407546997,4.897279596328735,4.897456407546997,0.00017681121826207402,8
amp_fp16_trained,sinusoidal,42,0.01,0.0878473770112527,0.055005500550055,4.330254041570439,5.155893363058567,5.155753064155578,5.155893363058567,0.00014029890298861147,9
amp_fp16_trained,sinusoidal,123,0.0,0.0,1.0,78.66628175519631,,,,0.0,0
amp_fp16_trained,sinusoidal,123,0.005,0.01984321214082105,0.9511926605504586,74.82678983833718,1.1345666871406137,1.1345107515808195,1.1345666871406137,5.593555979421794e-05,1
amp_fp16_trained,sinusoidal,123,0.006,0.030511266283553086,0.9126605504587155,71.79561200923787,1.262570677464828,1.2625292150303722,1.262570677464828,4.146243445579678e-05,2
amp_fp16_trained,sinusoidal,123,0.007,0.045196570387334246,0.8157798165137613,64.1743648960739,1.5617348645348101,1.56164909042418,1.5617348645348101,8.577411063015461e-05,3
amp_fp16_trained,sinusoidal,123,0.0075,0.056377747702662226,0.7188990825688073,56.55311778290993,1.8667680641636253,1.866641330346465,1.8667680641636253,0.00012673381716021836,4
amp_fp16_trained,sinusoidal,123,0.008,0.06567840742668932,0.5893577981651376,46.36258660508083,2.3541217729449273,2.3539294973015785,2.3541217729449273,0.00019227564334878267,5
amp_fp16_trained,sinusoidal,123,0.0085,0.0740066702674077,0.45541284403669724,35.825635103926096,2.927331469208002,2.9271822184324265,2.927331469208002,0.00014925077557537136,6
amp_fp16_trained,sinusoidal,123,0.009,0.08043470312387348,0.3240366972477064,25.490762124711317,3.519407508522272,3.5193225972354414,3.519407508522272,8.491128683063565e-05,7
amp_fp16_trained,sinusoidal,123,0.0095,0.08568713730944086,0.2201834862385321,17.321016166281755,3.9947017043828965,3.994571776688099,3.9947017043828965,0.0001299276947976935,8
amp_fp16_trained,sinusoidal,123,0.01,0.0895809148347027,0.1456880733944954,11.460739030023095,4.340253800153732,4.340164430439472,4.340253800153732,8.936971426010132e-05,9
amp_fp16_trained,sinusoidal,456,0.0,0.0,1.0,77.82909930715935,,,,0.0,0
amp_fp16_trained,sinusoidal,456,0.005,0.020187123304021833,0.9298961424332344,72.3729792147806,1.3541996631771327,1.3541355251334608,1.3541996631771327,6.41380436718908e-05,1
amp_fp16_trained,sinusoidal,456,0.006,0.033201659437363355,0.8635014836795253,67.20554272517322,1.547804230917245,1.5477325255982577,1.547804230917245,7.170531898736954e-05,2
amp_fp16_trained,sinusoidal,456,0.007,0.05209646317000287,0.7040059347181009,54.79214780600462,2.0290566236712038,2.0283289613202213,2.0290566236712038,0.0007276623509824276,3
amp_fp16_trained,sinusoidal,456,0.0075,0.06286810019881468,0.5649109792284867,43.966512702078525,2.5508687000721695,2.5506133783608673,2.5508687000721695,0.00025532171130215886,4
amp_fp16_trained,sinusoidal,456,0.008,0.0713422352579422,0.41246290801186947,32.10161662817552,3.140067730844021,3.1399256557226183,3.140067730844021,0.00014207512140274048,5
amp_fp16_trained,sinusoidal,456,0.0085,0.07862085070650637,0.28486646884273,22.170900692840647,3.717784783244133,3.7175833739340307,3.717784783244133,0.00020140931010237395,6
amp_fp16_trained,sinusoidal,456,0.009,0.08473061436427237,0.18583086053412465,14.463048498845266,4.1816136434674265,4.181237664073706,4.1816136434674265,0.00037597939372080447,7
amp_fp16_trained,sinusoidal,456,0.0095,0.09289115284755975,0.10867952522255193,8.458429561200925,4.5813050895929335,4.577215749025345,4.5813050895929335,0.004089340567588806,8
amp_fp16_trained,sinusoidal,456,0.01,0.09709398109180732,0.07307121661721068,5.687066974595843,4.870938642323017,4.870805242657662,4.870938642323017,0.00013339966535497183,9
amp_fp16_trained,sinusoidal,789,0.0,0.0,1.0,79.3013856812933,,,,0.0,0
amp_fp16_trained,sinusoidal,789,0.005,0.020953330020259325,0.9257371678194395,73.41224018475751,1.2662930836435407,1.2662156590260565,1.2662930836435407,7.742461748416751e-05,1
amp_fp16_trained,sinusoidal,789,0.006,0.03280171205519244,0.8627593738623954,68.41801385681293,1.5133143316488713,1.5132218366954475,1.5133143316488713,9.249495342378289e-05,2
amp_fp16_trained,sinusoidal,789,0.007,0.052676726811016816,0.6953039679650528,55.13856812933025,2.0931638216599824,2.09302965272218,2.0931638216599824,0.0001341689378024924,3
amp_fp16_trained,sinusoidal,789,0.0075,0.06488997644170405,0.5467783036039315,43.36027713625866,2.6208730310201647,2.62037755176425,2.6208730310201647,0.0004954792559148657,4
amp_fp16_trained,sinusoidal,789,0.008,0.07406997538618632,0.40662540953767745,32.2459584295612,3.1983132153749465,3.198106352239847,3.1983132153749465,0.0002068631350993222,5
amp_fp16_trained,sinusoidal,789,0.0085,0.08078643711272779,0.2846741900254824,22.575057736720556,3.68541976287961,3.6852668903768064,3.68541976287961,0.00015287250280371367,6
amp_fp16_trained,sinusoidal,789,0.009,0.0867470875115924,0.1933017837641063,15.329099307159353,4.048153275251389,4.047868147492409,4.048153275251389,0.00028512775898015263,7
amp_fp16_trained,sinusoidal,789,0.0095,0.09163354381210781,0.12995995631598106,10.306004618937644,4.338819481432438,4.333038333058357,4.338819481432438,0.005781148374080836,8
amp_fp16_trained,sinusoidal,789,0.01,0.09399385591012947,0.09428467419002548,7.476905311778291,4.5711864396929744,4.551539815962315,4.5711864396929744,0.01964662373065984,9
amp_fp16_trained,sinusoidal,1011,0.0,0.0,1.0,78.14665127020785,,,,0.0,0
amp_fp16_trained,sinusoidal,1011,0.005,0.019462471985959903,0.9456963428149242,73.90300230946882,1.2650211705360561,1.2649687455035745,1.2650211705360561,5.242503248159558e-05,1
amp_fp16_trained,sinusoidal,1011,0.006,0.02991128378380667,0.8961950498707056,70.03464203233257,1.4220576129853726,1.4219979886896907,1.4220576129853726,5.962429568184824e-05,2
amp_fp16_trained,sinusoidal,1011,0.007,0.04369295697005107,0.7949759881787958,62.12471131639723,1.7112196303904057,1.71097921282053,1.7112196303904057,0.00024041756987580598,3
amp_fp16_trained,sinusoidal,1011,0.0075,0.05456149693692128,0.7155522718876985,55.918013856812934,2.0238076247274877,2.023654453828931,2.0238076247274877,0.0001531708985567093,4
amp_fp16_trained,sinusoidal,1011,0.008,0.06464881135098104,0.5755448836350203,44.97690531177829,2.522202195599675,2.52197812795639,2.522202195599675,0.0002240676432849753,5
amp_fp16_trained,sinusoidal,1011,0.0085,0.07381361764342215,0.3897303287772442,30.456120092378754,3.14109610915184,3.140818181633949,3.14109610915184,0.000277927517891019,6
amp_fp16_trained,sinusoidal,1011,0.009,0.08065473515062213,0.22940524565940154,17.927251732101617,3.7885536789894103,3.788345293700695,3.7885536789894103,0.00020838528871536255,7
amp_fp16_trained,sinusoidal,1011,0.0095,0.0847999444410168,0.138899150350942,10.854503464203233,4.246422384679318,4.246316906809807,4.246422384679318,0.00010547786951065063,8
amp_fp16_trained,sinusoidal,1011,0.01,0.08734557159142926,0.09198374584410786,7.188221709006928,4.523559817671776,4.523471848666668,4.523559817671776,8.796900510787964e-05,9
amp_fp16_trained,sinusoidal,1213,0.0,0.0,1.0,78.55080831408776,,,,0.0,0
amp_fp16_trained,sinusoidal,1213,0.005,0.028341583207164574,0.9162072767364939,71.9688221709007,1.2714873130898923,1.271417375281453,1.2714873130898923,6.993780843922437e-05,1
amp_fp16_trained,sinusoidal,1213,0.006,0.04396565606964534,0.8357221609702316,65.64665127020785,1.5157868742011487,1.515735517255962,1.5157868742011487,5.135694518676459e-05,2
amp_fp16_trained,sinusoidal,1213,0.007,0.0625296959764648,0.5766262403528115,45.29445727482679,2.375287854671478,2.375224832445383,2.375287854671478,6.302222609511077e-05,3
amp_fp16_trained,sinusoidal,1213,0.0075,0.07196934651991983,0.4119808893789048,32.36143187066975,3.107243512570858,3.1071452014148235,3.107243512570858,9.831115603464724e-05,4
amp_fp16_trained,sinusoidal,1213,0.008,0.07996779746430746,0.2546857772877618,20.005773672055426,3.765893889963627,3.765798845887184,3.765893889963627,9.504407644289614e-05,5
amp_fp16_trained,sinusoidal,1213,0.0085,0.08533328873759646,0.16648291069459756,13.077367205542725,4.192642992734909,4.192572467029095,4.192642992734909,7.05257058140063e-05,6
amp_fp16_trained,sinusoidal,1213,0.009,0.08901981043073544,0.11466372657111355,9.006928406466512,4.463836777210235,4.463789059221744,4.463836777210235,4.7717988491235985e-05,7
amp_fp16_trained,sinusoidal,1213,0.0095,0.0918985543406583,0.08783535464902609,6.899538106235566,4.651756440103054,4.651681293547154,4.651756440103054,7.514655590057373e-05,8
amp_fp16_trained,sinusoidal,1213,0.01,0.09370754545603203,0.07423741271591326,5.831408775981524,4.799213643372059,4.798756811022758,4.799213643372059,0.0004568323493003845,9
